unifiedDeliveryDriver;geoKey;capacity;peakCapacity;activationDateFrom;activationDateTo;products
Poste;RM;500000;122200;2026-09-28T00:00:00.000Z;2026-10-04T23:59:59.999Z;890,AR,RS
Poste;00010;500000;2000;2026-09-28T00:00:00.000Z;2026-10-04T23:59:59.999Z;
Poste;00012;500000;2000;2026-09-28T00:00:00.000Z;2026-10-04T23:59:59.999Z;
Poste;00013;500000;2000;2026-09-28T00:00:00.000Z;2026-10-04T23:59:59.999Z;
Poste;00015;500000;2000;2026-09-28T00:00:00.000Z;2026-10-04T23:59:59.999Z;
Poste;00017;500000;2000;2026-09-28T00:00:00.000Z;2026-10-04T23:59:59.999Z;
Poste;00018;500000;2000;2026-09-28T00:00:00.000Z;2026-10-04T23:59:59.999Z;
Poste;00019;500000;2000;2026-09-28T00:00:00.000Z;2026-10-04T23:59:59.999Z;
Poste;00020;500000;2000;2026-09-28T00:00:00.000Z;2026-10-04T23:59:59.999Z;
Poste;00021;500000;2000;2026-09-28T00:00:00.000Z;2026-10-04T23:59:59.999Z;
Poste;00022;500000;2000;2026-09-28T00:00:00.000Z;2026-10-04T23:59:59.999Z;
Poste;00023;500000;2000;2026-09-28T00:00:00.000Z;2026-10-04T23:59:59.999Z;
Poste;00024;500000;2000;2026-09-28T00:00:00.000Z;2026-10-04T23:59:59.999Z;
Poste;00025;500000;2000;2026-09-28T00:00:00.000Z;2026-10-04T23:59:59.999Z;
Poste;00026;500000;2000;2026-09-28T00:00:00.000Z;2026-10-04T23:59:59.999Z;
Poste;00027;500000;2000;2026-09-28T00:00:00.000Z;2026-10-04T23:59:59.999Z;
Poste;00028;500000;2000;2026-09-28T00:00:00.000Z;2026-10-04T23:59:59.999Z;
Poste;00029;500000;2000;2026-09-28T00:00:00.000Z;2026-10-04T23:59:59.999Z;
Poste;00030;500000;2000;2026-09-28T00:00:00.000Z;2026-10-04T23:59:59.999Z;
Poste;00031;500000;2000;2026-09-28T00:00:00.000Z;2026-10-04T23:59:59.999Z;
Poste;00032;500000;2000;2026-09-28T00:00:00.000Z;2026-10-04T23:59:59.999Z;
Poste;00033;500000;2000;2026-09-28T00:00:00.000Z;2026-10-04T23:59:59.999Z;
Poste;00034;500000;2000;2026-09-28T00:00:00.000Z;2026-10-04T23:59:59.999Z;
Poste;00035;500000;2000;2026-09-28T00:00:00.000Z;2026-10-04T23:59:59.999Z;
Poste;00036;500000;2000;2026-09-28T00:00:00.000Z;2026-10-04T23:59:59.999Z;
Poste;00037;500000;2000;2026-09-28T00:00:00.000Z;2026-10-04T23:59:59.999Z;
Poste;00038;500000;2000;2026-09-28T00:00:00.000Z;2026-10-04T23:59:59.999Z;
Poste;00039;500000;2000;2026-09-28T00:00:00.000Z;2026-10-04T23:59:59.999Z;
Poste;00040;500000;2000;2026-09-28T00:00:00.000Z;2026-10-04T23:59:59.999Z;
Poste;00041;500000;2000;2026-09-28T00:00:00.000Z;2026-10-04T23:59:59.999Z;
Poste;00042;500000;2000;2026-09-28T00:00:00.000Z;2026-10-04T23:59:59.999Z;
Poste;00043;500000;2000;2026-09-28T00:00:00.000Z;2026-10-04T23:59:59.999Z;
Poste;00044;500000;2000;2026-09-28T00:00:00.000Z;2026-10-04T23:59:59.999Z;
Poste;00045;500000;2000;2026-09-28T00:00:00.000Z;2026-10-04T23:59:59.999Z;
Poste;00046;500000;2000;2026-09-28T00:00:00.000Z;2026-10-04T23:59:59.999Z;
Poste;00047;500000;2000;2026-09-28T00:00:00.000Z;2026-10-04T23:59:59.999Z;
Poste;00048;500000;2000;2026-09-28T00:00:00.000Z;2026-10-04T23:59:59.999Z;
Poste;00049;500000;2000;2026-09-28T00:00:00.000Z;2026-10-04T23:59:59.999Z;
Poste;00051;500000;2000;2026-09-28T00:00:00.000Z;2026-10-04T23:59:59.999Z;
Poste;00052;500000;2000;2026-09-28T00:00:00.000Z;2026-10-04T23:59:59.999Z;
Poste;00053;500000;2000;2026-09-28T00:00:00.000Z;2026-10-04T23:59:59.999Z;
Poste;00054;500000;2000;2026-09-28T00:00:00.000Z;2026-10-04T23:59:59.999Z;
Poste;00055;500000;2000;2026-09-28T00:00:00.000Z;2026-10-04T23:59:59.999Z;
Poste;00058;500000;2000;2026-09-28T00:00:00.000Z;2026-10-04T23:59:59.999Z;
Poste;00059;500000;2000;2026-09-28T00:00:00.000Z;2026-10-04T23:59:59.999Z;
Poste;00060;500000;2000;2026-09-28T00:00:00.000Z;2026-10-04T23:59:59.999Z;
Poste;00061;500000;2000;2026-09-28T00:00:00.000Z;2026-10-04T23:59:59.999Z;
Poste;00062;500000;2000;2026-09-28T00:00:00.000Z;2026-10-04T23:59:59.999Z;
Poste;00063;500000;2000;2026-09-28T00:00:00.000Z;2026-10-04T23:59:59.999Z;
Poste;00065;500000;2000;2026-09-28T00:00:00.000Z;2026-10-04T23:59:59.999Z;
Poste;00066;500000;2000;2026-09-28T00:00:00.000Z;2026-10-04T23:59:59.999Z;
Poste;00067;500000;2000;2026-09-28T00:00:00.000Z;2026-10-04T23:59:59.999Z;
Poste;00068;500000;2000;2026-09-28T00:00:00.000Z;2026-10-04T23:59:59.999Z;
Poste;00069;500000;2000;2026-09-28T00:00:00.000Z;2026-10-04T23:59:59.999Z;
Poste;00071;500000;2000;2026-09-28T00:00:00.000Z;2026-10-04T23:59:59.999Z;
Poste;00072;500000;2000;2026-09-28T00:00:00.000Z;2026-10-04T23:59:59.999Z;
Poste;00073;500000;2000;2026-09-28T00:00:00.000Z;2026-10-04T23:59:59.999Z;
Poste;00074;500000;2000;2026-09-28T00:00:00.000Z;2026-10-04T23:59:59.999Z;
Poste;00075;500000;2000;2026-09-28T00:00:00.000Z;2026-10-04T23:59:59.999Z;
Poste;00076;500000;2000;2026-09-28T00:00:00.000Z;2026-10-04T23:59:59.999Z;
Poste;00077;500000;2000;2026-09-28T00:00:00.000Z;2026-10-04T23:59:59.999Z;
Poste;00078;500000;2000;2026-09-28T00:00:00.000Z;2026-10-04T23:59:59.999Z;
Poste;00079;500000;2000;2026-09-28T00:00:00.000Z;2026-10-04T23:59:59.999Z;
Poste;00118;500000;4000;2026-09-28T00:00:00.000Z;2026-10-04T23:59:59.999Z;
Poste;00119;500000;4000;2026-09-28T00:00:00.000Z;2026-10-04T23:59:59.999Z;
Poste;00121;500000;4000;2026-09-28T00:00:00.000Z;2026-10-04T23:59:59.999Z;
Poste;00122;500000;4000;2026-09-28T00:00:00.000Z;2026-10-04T23:59:59.999Z;
Poste;00123;500000;4000;2026-09-28T00:00:00.000Z;2026-10-04T23:59:59.999Z;
Poste;00124;500000;4000;2026-09-28T00:00:00.000Z;2026-10-04T23:59:59.999Z;
Poste;00125;500000;4000;2026-09-28T00:00:00.000Z;2026-10-04T23:59:59.999Z;
Poste;00126;500000;4000;2026-09-28T00:00:00.000Z;2026-10-04T23:59:59.999Z;
Poste;00127;500000;4000;2026-09-28T00:00:00.000Z;2026-10-04T23:59:59.999Z;
Poste;00128;500000;4000;2026-09-28T00:00:00.000Z;2026-10-04T23:59:59.999Z;
Poste;00131;500000;4000;2026-09-28T00:00:00.000Z;2026-10-04T23:59:59.999Z;
Poste;00132;500000;4000;2026-09-28T00:00:00.000Z;2026-10-04T23:59:59.999Z;
Poste;00133;500000;4000;2026-09-28T00:00:00.000Z;2026-10-04T23:59:59.999Z;
Poste;00134;500000;4000;2026-09-28T00:00:00.000Z;2026-10-04T23:59:59.999Z;
Poste;00135;500000;4000;2026-09-28T00:00:00.000Z;2026-10-04T23:59:59.999Z;
Poste;00136;500000;4000;2026-09-28T00:00:00.000Z;2026-10-04T23:59:59.999Z;
Poste;00137;500000;4000;2026-09-28T00:00:00.000Z;2026-10-04T23:59:59.999Z;
Poste;00138;500000;4000;2026-09-28T00:00:00.000Z;2026-10-04T23:59:59.999Z;
Poste;00139;500000;4000;2026-09-28T00:00:00.000Z;2026-10-04T23:59:59.999Z;
Poste;00141;500000;4000;2026-09-28T00:00:00.000Z;2026-10-04T23:59:59.999Z;
Poste;00142;500000;4000;2026-09-28T00:00:00.000Z;2026-10-04T23:59:59.999Z;
Poste;00143;500000;4000;2026-09-28T00:00:00.000Z;2026-10-04T23:59:59.999Z;
Poste;00144;500000;4000;2026-09-28T00:00:00.000Z;2026-10-04T23:59:59.999Z;
Poste;00145;500000;4000;2026-09-28T00:00:00.000Z;2026-10-04T23:59:59.999Z;
Poste;00146;500000;4000;2026-09-28T00:00:00.000Z;2026-10-04T23:59:59.999Z;
Poste;00147;500000;4000;2026-09-28T00:00:00.000Z;2026-10-04T23:59:59.999Z;
Poste;00148;500000;4000;2026-09-28T00:00:00.000Z;2026-10-04T23:59:59.999Z;
Poste;00149;500000;4000;2026-09-28T00:00:00.000Z;2026-10-04T23:59:59.999Z;
Poste;00151;500000;4000;2026-09-28T00:00:00.000Z;2026-10-04T23:59:59.999Z;
Poste;00152;500000;4000;2026-09-28T00:00:00.000Z;2026-10-04T23:59:59.999Z;
Poste;00153;500000;4000;2026-09-28T00:00:00.000Z;2026-10-04T23:59:59.999Z;
Poste;00154;500000;4000;2026-09-28T00:00:00.000Z;2026-10-04T23:59:59.999Z;
Poste;00155;500000;4000;2026-09-28T00:00:00.000Z;2026-10-04T23:59:59.999Z;
Poste;00156;500000;4000;2026-09-28T00:00:00.000Z;2026-10-04T23:59:59.999Z;
Poste;00157;500000;4000;2026-09-28T00:00:00.000Z;2026-10-04T23:59:59.999Z;
Poste;00158;500000;4000;2026-09-28T00:00:00.000Z;2026-10-04T23:59:59.999Z;
Poste;00159;500000;4000;2026-09-28T00:00:00.000Z;2026-10-04T23:59:59.999Z;
Poste;00161;500000;4000;2026-09-28T00:00:00.000Z;2026-10-04T23:59:59.999Z;
Poste;00162;500000;4000;2026-09-28T00:00:00.000Z;2026-10-04T23:59:59.999Z;
Poste;00163;500000;4000;2026-09-28T00:00:00.000Z;2026-10-04T23:59:59.999Z;
Poste;00164;500000;4000;2026-09-28T00:00:00.000Z;2026-10-04T23:59:59.999Z;
Poste;00165;500000;4000;2026-09-28T00:00:00.000Z;2026-10-04T23:59:59.999Z;
Poste;00166;500000;4000;2026-09-28T00:00:00.000Z;2026-10-04T23:59:59.999Z;
Poste;00167;500000;4000;2026-09-28T00:00:00.000Z;2026-10-04T23:59:59.999Z;
Poste;00168;500000;4000;2026-09-28T00:00:00.000Z;2026-10-04T23:59:59.999Z;
Poste;00169;500000;4000;2026-09-28T00:00:00.000Z;2026-10-04T23:59:59.999Z;
Poste;00171;500000;4000;2026-09-28T00:00:00.000Z;2026-10-04T23:59:59.999Z;
Poste;00172;500000;4000;2026-09-28T00:00:00.000Z;2026-10-04T23:59:59.999Z;
Poste;00173;500000;4000;2026-09-28T00:00:00.000Z;2026-10-04T23:59:59.999Z;
Poste;00174;500000;4000;2026-09-28T00:00:00.000Z;2026-10-04T23:59:59.999Z;
Poste;00175;500000;4000;2026-09-28T00:00:00.000Z;2026-10-04T23:59:59.999Z;
Poste;00176;500000;4000;2026-09-28T00:00:00.000Z;2026-10-04T23:59:59.999Z;
Poste;00177;500000;4000;2026-09-28T00:00:00.000Z;2026-10-04T23:59:59.999Z;
Poste;00178;500000;4000;2026-09-28T00:00:00.000Z;2026-10-04T23:59:59.999Z;
Poste;00179;500000;4000;2026-09-28T00:00:00.000Z;2026-10-04T23:59:59.999Z;
Poste;00181;500000;4000;2026-09-28T00:00:00.000Z;2026-10-04T23:59:59.999Z;
Poste;00182;500000;4000;2026-09-28T00:00:00.000Z;2026-10-04T23:59:59.999Z;
Poste;00183;500000;4000;2026-09-28T00:00:00.000Z;2026-10-04T23:59:59.999Z;
Poste;00184;500000;4000;2026-09-28T00:00:00.000Z;2026-10-04T23:59:59.999Z;
Poste;00185;500000;4000;2026-09-28T00:00:00.000Z;2026-10-04T23:59:59.999Z;
Poste;00186;500000;4000;2026-09-28T00:00:00.000Z;2026-10-04T23:59:59.999Z;
Poste;00187;500000;4000;2026-09-28T00:00:00.000Z;2026-10-04T23:59:59.999Z;
Poste;00188;500000;4000;2026-09-28T00:00:00.000Z;2026-10-04T23:59:59.999Z;
Poste;00189;500000;4000;2026-09-28T00:00:00.000Z;2026-10-04T23:59:59.999Z;
Poste;00191;500000;4000;2026-09-28T00:00:00.000Z;2026-10-04T23:59:59.999Z;
Poste;00192;500000;4000;2026-09-28T00:00:00.000Z;2026-10-04T23:59:59.999Z;
Poste;00193;500000;4000;2026-09-28T00:00:00.000Z;2026-10-04T23:59:59.999Z;
Poste;00195;500000;4000;2026-09-28T00:00:00.000Z;2026-10-04T23:59:59.999Z;
Poste;00196;500000;4000;2026-09-28T00:00:00.000Z;2026-10-04T23:59:59.999Z;
Poste;00197;500000;4000;2026-09-28T00:00:00.000Z;2026-10-04T23:59:59.999Z;
Poste;00198;500000;4000;2026-09-28T00:00:00.000Z;2026-10-04T23:59:59.999Z;
Poste;00199;500000;4000;2026-09-28T00:00:00.000Z;2026-10-04T23:59:59.999Z;
Poste;VT;500000;6500;2026-09-28T00:00:00.000Z;2026-10-04T23:59:59.999Z;890,AR,RS
Poste;01010;500000;2000;2026-09-28T00:00:00.000Z;2026-10-04T23:59:59.999Z;
Poste;01011;500000;2000;2026-09-28T00:00:00.000Z;2026-10-04T23:59:59.999Z;
Poste;01012;500000;2000;2026-09-28T00:00:00.000Z;2026-10-04T23:59:59.999Z;
Poste;01014;500000;2000;2026-09-28T00:00:00.000Z;2026-10-04T23:59:59.999Z;
Poste;01015;500000;2000;2026-09-28T00:00:00.000Z;2026-10-04T23:59:59.999Z;
Poste;01016;500000;2000;2026-09-28T00:00:00.000Z;2026-10-04T23:59:59.999Z;
Poste;01017;500000;2000;2026-09-28T00:00:00.000Z;2026-10-04T23:59:59.999Z;
Poste;01018;500000;2000;2026-09-28T00:00:00.000Z;2026-10-04T23:59:59.999Z;
Poste;01019;500000;2000;2026-09-28T00:00:00.000Z;2026-10-04T23:59:59.999Z;
Poste;01020;500000;2000;2026-09-28T00:00:00.000Z;2026-10-04T23:59:59.999Z;
Poste;01021;500000;2000;2026-09-28T00:00:00.000Z;2026-10-04T23:59:59.999Z;
Poste;01022;500000;2000;2026-09-28T00:00:00.000Z;2026-10-04T23:59:59.999Z;
Poste;01023;500000;2000;2026-09-28T00:00:00.000Z;2026-10-04T23:59:59.999Z;
Poste;01024;500000;2000;2026-09-28T00:00:00.000Z;2026-10-04T23:59:59.999Z;
Poste;01025;500000;2000;2026-09-28T00:00:00.000Z;2026-10-04T23:59:59.999Z;
Poste;01027;500000;2000;2026-09-28T00:00:00.000Z;2026-10-04T23:59:59.999Z;
Poste;01028;500000;2000;2026-09-28T00:00:00.000Z;2026-10-04T23:59:59.999Z;
Poste;01030;500000;2000;2026-09-28T00:00:00.000Z;2026-10-04T23:59:59.999Z;
Poste;01032;500000;2000;2026-09-28T00:00:00.000Z;2026-10-04T23:59:59.999Z;
Poste;01033;500000;2000;2026-09-28T00:00:00.000Z;2026-10-04T23:59:59.999Z;
Poste;01034;500000;2000;2026-09-28T00:00:00.000Z;2026-10-04T23:59:59.999Z;
Poste;01035;500000;2000;2026-09-28T00:00:00.000Z;2026-10-04T23:59:59.999Z;
Poste;01036;500000;2000;2026-09-28T00:00:00.000Z;2026-10-04T23:59:59.999Z;
Poste;01037;500000;2000;2026-09-28T00:00:00.000Z;2026-10-04T23:59:59.999Z;
Poste;01038;500000;2000;2026-09-28T00:00:00.000Z;2026-10-04T23:59:59.999Z;
Poste;01039;500000;2000;2026-09-28T00:00:00.000Z;2026-10-04T23:59:59.999Z;
Poste;01100;500000;3000;2026-09-28T00:00:00.000Z;2026-10-04T23:59:59.999Z;
Poste;RI;500000;3050;2026-09-28T00:00:00.000Z;2026-10-04T23:59:59.999Z;890,AR,RS
Poste;02010;500000;2000;2026-09-28T00:00:00.000Z;2026-10-04T23:59:59.999Z;
Poste;02011;500000;2000;2026-09-28T00:00:00.000Z;2026-10-04T23:59:59.999Z;
Poste;02012;500000;2000;2026-09-28T00:00:00.000Z;2026-10-04T23:59:59.999Z;
Poste;02013;500000;2000;2026-09-28T00:00:00.000Z;2026-10-04T23:59:59.999Z;
Poste;02014;500000;2000;2026-09-28T00:00:00.000Z;2026-10-04T23:59:59.999Z;
Poste;02015;500000;2000;2026-09-28T00:00:00.000Z;2026-10-04T23:59:59.999Z;
Poste;02016;500000;2000;2026-09-28T00:00:00.000Z;2026-10-04T23:59:59.999Z;
Poste;02018;500000;2000;2026-09-28T00:00:00.000Z;2026-10-04T23:59:59.999Z;
Poste;02019;500000;2000;2026-09-28T00:00:00.000Z;2026-10-04T23:59:59.999Z;
Poste;02020;500000;2000;2026-09-28T00:00:00.000Z;2026-10-04T23:59:59.999Z;
Poste;02021;500000;2000;2026-09-28T00:00:00.000Z;2026-10-04T23:59:59.999Z;
Poste;02022;500000;2000;2026-09-28T00:00:00.000Z;2026-10-04T23:59:59.999Z;
Poste;02023;500000;2000;2026-09-28T00:00:00.000Z;2026-10-04T23:59:59.999Z;
Poste;02024;500000;2000;2026-09-28T00:00:00.000Z;2026-10-04T23:59:59.999Z;
Poste;02025;500000;2000;2026-09-28T00:00:00.000Z;2026-10-04T23:59:59.999Z;
Poste;02026;500000;2000;2026-09-28T00:00:00.000Z;2026-10-04T23:59:59.999Z;
Poste;02030;500000;2000;2026-09-28T00:00:00.000Z;2026-10-04T23:59:59.999Z;
Poste;02031;500000;2000;2026-09-28T00:00:00.000Z;2026-10-04T23:59:59.999Z;
Poste;02032;500000;2000;2026-09-28T00:00:00.000Z;2026-10-04T23:59:59.999Z;
Poste;02033;500000;2000;2026-09-28T00:00:00.000Z;2026-10-04T23:59:59.999Z;
Poste;02034;500000;2000;2026-09-28T00:00:00.000Z;2026-10-04T23:59:59.999Z;
Poste;02035;500000;2000;2026-09-28T00:00:00.000Z;2026-10-04T23:59:59.999Z;
Poste;02037;500000;2000;2026-09-28T00:00:00.000Z;2026-10-04T23:59:59.999Z;
Poste;02038;500000;2000;2026-09-28T00:00:00.000Z;2026-10-04T23:59:59.999Z;
Poste;02039;500000;2000;2026-09-28T00:00:00.000Z;2026-10-04T23:59:59.999Z;
Poste;02040;500000;2000;2026-09-28T00:00:00.000Z;2026-10-04T23:59:59.999Z;
Poste;02041;500000;2000;2026-09-28T00:00:00.000Z;2026-10-04T23:59:59.999Z;
Poste;02042;500000;2000;2026-09-28T00:00:00.000Z;2026-10-04T23:59:59.999Z;
Poste;02043;500000;2000;2026-09-28T00:00:00.000Z;2026-10-04T23:59:59.999Z;
Poste;02044;500000;2000;2026-09-28T00:00:00.000Z;2026-10-04T23:59:59.999Z;
Poste;02045;500000;2000;2026-09-28T00:00:00.000Z;2026-10-04T23:59:59.999Z;
Poste;02046;500000;2000;2026-09-28T00:00:00.000Z;2026-10-04T23:59:59.999Z;
Poste;02047;500000;2000;2026-09-28T00:00:00.000Z;2026-10-04T23:59:59.999Z;
Poste;02048;500000;2000;2026-09-28T00:00:00.000Z;2026-10-04T23:59:59.999Z;
Poste;02049;500000;2000;2026-09-28T00:00:00.000Z;2026-10-04T23:59:59.999Z;
Poste;02100;500000;3000;2026-09-28T00:00:00.000Z;2026-10-04T23:59:59.999Z;
Poste;FR;500000;9600;2026-09-28T00:00:00.000Z;2026-10-04T23:59:59.999Z;890,AR,RS
Poste;03010;500000;2000;2026-09-28T00:00:00.000Z;2026-10-04T23:59:59.999Z;
Poste;03011;500000;2000;2026-09-28T00:00:00.000Z;2026-10-04T23:59:59.999Z;
Poste;03012;500000;2000;2026-09-28T00:00:00.000Z;2026-10-04T23:59:59.999Z;
Poste;03013;500000;2000;2026-09-28T00:00:00.000Z;2026-10-04T23:59:59.999Z;
Poste;03014;500000;2000;2026-09-28T00:00:00.000Z;2026-10-04T23:59:59.999Z;
Poste;03016;500000;2000;2026-09-28T00:00:00.000Z;2026-10-04T23:59:59.999Z;
Poste;03017;500000;2000;2026-09-28T00:00:00.000Z;2026-10-04T23:59:59.999Z;
Poste;03018;500000;2000;2026-09-28T00:00:00.000Z;2026-10-04T23:59:59.999Z;
Poste;03019;500000;2000;2026-09-28T00:00:00.000Z;2026-10-04T23:59:59.999Z;
Poste;03020;500000;2000;2026-09-28T00:00:00.000Z;2026-10-04T23:59:59.999Z;
Poste;03021;500000;2000;2026-09-28T00:00:00.000Z;2026-10-04T23:59:59.999Z;
Poste;03022;500000;2000;2026-09-28T00:00:00.000Z;2026-10-04T23:59:59.999Z;
Poste;03023;500000;2000;2026-09-28T00:00:00.000Z;2026-10-04T23:59:59.999Z;
Poste;03024;500000;2000;2026-09-28T00:00:00.000Z;2026-10-04T23:59:59.999Z;
Poste;03025;500000;2000;2026-09-28T00:00:00.000Z;2026-10-04T23:59:59.999Z;
Poste;03026;500000;2000;2026-09-28T00:00:00.000Z;2026-10-04T23:59:59.999Z;
Poste;03027;500000;2000;2026-09-28T00:00:00.000Z;2026-10-04T23:59:59.999Z;
Poste;03028;500000;2000;2026-09-28T00:00:00.000Z;2026-10-04T23:59:59.999Z;
Poste;03029;500000;2000;2026-09-28T00:00:00.000Z;2026-10-04T23:59:59.999Z;
Poste;03030;500000;2000;2026-09-28T00:00:00.000Z;2026-10-04T23:59:59.999Z;
Poste;03031;500000;2000;2026-09-28T00:00:00.000Z;2026-10-04T23:59:59.999Z;
Poste;03032;500000;2000;2026-09-28T00:00:00.000Z;2026-10-04T23:59:59.999Z;
Poste;03033;500000;2000;2026-09-28T00:00:00.000Z;2026-10-04T23:59:59.999Z;
Poste;03034;500000;2000;2026-09-28T00:00:00.000Z;2026-10-04T23:59:59.999Z;
Poste;03035;500000;2000;2026-09-28T00:00:00.000Z;2026-10-04T23:59:59.999Z;
Poste;03036;500000;2000;2026-09-28T00:00:00.000Z;2026-10-04T23:59:59.999Z;
Poste;03037;500000;2000;2026-09-28T00:00:00.000Z;2026-10-04T23:59:59.999Z;
Poste;03038;500000;2000;2026-09-28T00:00:00.000Z;2026-10-04T23:59:59.999Z;
Poste;03039;500000;2000;2026-09-28T00:00:00.000Z;2026-10-04T23:59:59.999Z;
Poste;03040;500000;2000;2026-09-28T00:00:00.000Z;2026-10-04T23:59:59.999Z;
Poste;03041;500000;2000;2026-09-28T00:00:00.000Z;2026-10-04T23:59:59.999Z;
Poste;03042;500000;2000;2026-09-28T00:00:00.000Z;2026-10-04T23:59:59.999Z;
Poste;03043;500000;2000;2026-09-28T00:00:00.000Z;2026-10-04T23:59:59.999Z;
Poste;03044;500000;2000;2026-09-28T00:00:00.000Z;2026-10-04T23:59:59.999Z;
Poste;03045;500000;2000;2026-09-28T00:00:00.000Z;2026-10-04T23:59:59.999Z;
Poste;03046;500000;2000;2026-09-28T00:00:00.000Z;2026-10-04T23:59:59.999Z;
Poste;03047;500000;2000;2026-09-28T00:00:00.000Z;2026-10-04T23:59:59.999Z;
Poste;03048;500000;2000;2026-09-28T00:00:00.000Z;2026-10-04T23:59:59.999Z;
Poste;03049;500000;2000;2026-09-28T00:00:00.000Z;2026-10-04T23:59:59.999Z;
Poste;03100;500000;3000;2026-09-28T00:00:00.000Z;2026-10-04T23:59:59.999Z;
Poste;LT;500000;12650;2026-09-28T00:00:00.000Z;2026-10-04T23:59:59.999Z;890,AR,RS
Poste;04010;500000;2000;2026-09-28T00:00:00.000Z;2026-10-04T23:59:59.999Z;
Poste;04011;500000;2000;2026-09-28T00:00:00.000Z;2026-10-04T23:59:59.999Z;
Poste;04012;500000;2000;2026-09-28T00:00:00.000Z;2026-10-04T23:59:59.999Z;
Poste;04013;500000;2000;2026-09-28T00:00:00.000Z;2026-10-04T23:59:59.999Z;
Poste;04014;500000;2000;2026-09-28T00:00:00.000Z;2026-10-04T23:59:59.999Z;
Poste;04015;500000;2000;2026-09-28T00:00:00.000Z;2026-10-04T23:59:59.999Z;
Poste;04016;500000;2000;2026-09-28T00:00:00.000Z;2026-10-04T23:59:59.999Z;
Poste;04017;500000;2000;2026-09-28T00:00:00.000Z;2026-10-04T23:59:59.999Z;
Poste;04018;500000;2000;2026-09-28T00:00:00.000Z;2026-10-04T23:59:59.999Z;
Poste;04019;500000;2000;2026-09-28T00:00:00.000Z;2026-10-04T23:59:59.999Z;
Poste;04020;500000;2000;2026-09-28T00:00:00.000Z;2026-10-04T23:59:59.999Z;
Poste;04021;500000;2000;2026-09-28T00:00:00.000Z;2026-10-04T23:59:59.999Z;
Poste;04022;500000;2000;2026-09-28T00:00:00.000Z;2026-10-04T23:59:59.999Z;
Poste;04023;500000;2000;2026-09-28T00:00:00.000Z;2026-10-04T23:59:59.999Z;
Poste;04024;500000;2000;2026-09-28T00:00:00.000Z;2026-10-04T23:59:59.999Z;
Poste;04025;500000;2000;2026-09-28T00:00:00.000Z;2026-10-04T23:59:59.999Z;
Poste;04026;500000;2000;2026-09-28T00:00:00.000Z;2026-10-04T23:59:59.999Z;
Poste;04027;500000;2000;2026-09-28T00:00:00.000Z;2026-10-04T23:59:59.999Z;
Poste;04029;500000;2000;2026-09-28T00:00:00.000Z;2026-10-04T23:59:59.999Z;
Poste;04031;500000;2000;2026-09-28T00:00:00.000Z;2026-10-04T23:59:59.999Z;
Poste;04100;500000;3000;2026-09-28T00:00:00.000Z;2026-10-04T23:59:59.999Z;
Poste;TR;500000;4800;2026-09-28T00:00:00.000Z;2026-10-04T23:59:59.999Z;890,AR,RS
Sailpost;TR;500000;100000;2026-09-28T00:00:00.000Z;2026-10-04T23:59:59.999Z;890
Poste;05010;500000;2000;2026-09-28T00:00:00.000Z;2026-10-04T23:59:59.999Z;
Poste;05011;500000;2000;2026-09-28T00:00:00.000Z;2026-10-04T23:59:59.999Z;
Poste;05012;500000;2000;2026-09-28T00:00:00.000Z;2026-10-04T23:59:59.999Z;
Poste;05013;500000;2000;2026-09-28T00:00:00.000Z;2026-10-04T23:59:59.999Z;
Poste;05014;500000;2000;2026-09-28T00:00:00.000Z;2026-10-04T23:59:59.999Z;
Poste;05015;500000;2000;2026-09-28T00:00:00.000Z;2026-10-04T23:59:59.999Z;
Poste;05016;500000;2000;2026-09-28T00:00:00.000Z;2026-10-04T23:59:59.999Z;
Poste;05017;500000;2000;2026-09-28T00:00:00.000Z;2026-10-04T23:59:59.999Z;
Poste;05018;500000;2000;2026-09-28T00:00:00.000Z;2026-10-04T23:59:59.999Z;
Poste;05020;500000;2000;2026-09-28T00:00:00.000Z;2026-10-04T23:59:59.999Z;
Poste;05021;500000;2000;2026-09-28T00:00:00.000Z;2026-10-04T23:59:59.999Z;
Poste;05022;500000;2000;2026-09-28T00:00:00.000Z;2026-10-04T23:59:59.999Z;
Poste;05023;500000;2000;2026-09-28T00:00:00.000Z;2026-10-04T23:59:59.999Z;
Poste;05024;500000;2000;2026-09-28T00:00:00.000Z;2026-10-04T23:59:59.999Z;
Poste;05025;500000;2000;2026-09-28T00:00:00.000Z;2026-10-04T23:59:59.999Z;
Poste;05026;500000;2000;2026-09-28T00:00:00.000Z;2026-10-04T23:59:59.999Z;
Poste;05028;500000;2000;2026-09-28T00:00:00.000Z;2026-10-04T23:59:59.999Z;
Poste;05029;500000;2000;2026-09-28T00:00:00.000Z;2026-10-04T23:59:59.999Z;
Poste;05030;500000;2000;2026-09-28T00:00:00.000Z;2026-10-04T23:59:59.999Z;
Poste;05031;500000;2000;2026-09-28T00:00:00.000Z;2026-10-04T23:59:59.999Z;
Poste;05032;500000;2000;2026-09-28T00:00:00.000Z;2026-10-04T23:59:59.999Z;
Poste;05034;500000;2000;2026-09-28T00:00:00.000Z;2026-10-04T23:59:59.999Z;
Poste;05035;500000;2000;2026-09-28T00:00:00.000Z;2026-10-04T23:59:59.999Z;
Poste;05039;500000;2000;2026-09-28T00:00:00.000Z;2026-10-04T23:59:59.999Z;
Poste;05100;500000;3000;2026-09-28T00:00:00.000Z;2026-10-04T23:59:59.999Z;
Sailpost;05100;500000;100000;2026-09-28T00:00:00.000Z;2026-10-04T23:59:59.999Z;
Poste;PG;500000;13200;2026-09-28T00:00:00.000Z;2026-10-04T23:59:59.999Z;890,AR,RS
Sailpost;PG;500000;91500;2026-09-28T00:00:00.000Z;2026-10-04T23:59:59.999Z;890
Poste;06010;500000;2000;2026-09-28T00:00:00.000Z;2026-10-04T23:59:59.999Z;
Poste;06012;500000;2000;2026-09-28T00:00:00.000Z;2026-10-04T23:59:59.999Z;
Sailpost;06012;500000;7000;2026-09-28T00:00:00.000Z;2026-10-04T23:59:59.999Z;
Poste;06014;500000;2000;2026-09-28T00:00:00.000Z;2026-10-04T23:59:59.999Z;
Poste;06016;500000;2000;2026-09-28T00:00:00.000Z;2026-10-04T23:59:59.999Z;
Sailpost;06016;500000;2500;2026-09-28T00:00:00.000Z;2026-10-04T23:59:59.999Z;
Poste;06018;500000;2000;2026-09-28T00:00:00.000Z;2026-10-04T23:59:59.999Z;
Poste;06019;500000;2000;2026-09-28T00:00:00.000Z;2026-10-04T23:59:59.999Z;
Sailpost;06019;500000;4000;2026-09-28T00:00:00.000Z;2026-10-04T23:59:59.999Z;
Poste;06021;500000;2000;2026-09-28T00:00:00.000Z;2026-10-04T23:59:59.999Z;
Poste;06022;500000;2000;2026-09-28T00:00:00.000Z;2026-10-04T23:59:59.999Z;
Sailpost;06022;500000;500;2026-09-28T00:00:00.000Z;2026-10-04T23:59:59.999Z;
Poste;06023;500000;2000;2026-09-28T00:00:00.000Z;2026-10-04T23:59:59.999Z;
Sailpost;06023;500000;3000;2026-09-28T00:00:00.000Z;2026-10-04T23:59:59.999Z;
Poste;06024;500000;2000;2026-09-28T00:00:00.000Z;2026-10-04T23:59:59.999Z;
Sailpost;06024;500000;6000;2026-09-28T00:00:00.000Z;2026-10-04T23:59:59.999Z;
Poste;06025;500000;2000;2026-09-28T00:00:00.000Z;2026-10-04T23:59:59.999Z;
Poste;06026;500000;2000;2026-09-28T00:00:00.000Z;2026-10-04T23:59:59.999Z;
Poste;06027;500000;2000;2026-09-28T00:00:00.000Z;2026-10-04T23:59:59.999Z;
Poste;06028;500000;2000;2026-09-28T00:00:00.000Z;2026-10-04T23:59:59.999Z;
Sailpost;06028;500000;500;2026-09-28T00:00:00.000Z;2026-10-04T23:59:59.999Z;
Poste;06029;500000;2000;2026-09-28T00:00:00.000Z;2026-10-04T23:59:59.999Z;
Poste;06030;500000;2000;2026-09-28T00:00:00.000Z;2026-10-04T23:59:59.999Z;
Poste;06031;500000;2000;2026-09-28T00:00:00.000Z;2026-10-04T23:59:59.999Z;
Poste;06033;500000;2000;2026-09-28T00:00:00.000Z;2026-10-04T23:59:59.999Z;
Poste;06034;500000;2000;2026-09-28T00:00:00.000Z;2026-10-04T23:59:59.999Z;
Sailpost;06034;500000;10000;2026-09-28T00:00:00.000Z;2026-10-04T23:59:59.999Z;
Poste;06035;500000;2000;2026-09-28T00:00:00.000Z;2026-10-04T23:59:59.999Z;
Poste;06036;500000;2000;2026-09-28T00:00:00.000Z;2026-10-04T23:59:59.999Z;
Poste;06038;500000;2000;2026-09-28T00:00:00.000Z;2026-10-04T23:59:59.999Z;
Poste;06039;500000;2000;2026-09-28T00:00:00.000Z;2026-10-04T23:59:59.999Z;
Poste;06040;500000;2000;2026-09-28T00:00:00.000Z;2026-10-04T23:59:59.999Z;
Poste;06041;500000;2000;2026-09-28T00:00:00.000Z;2026-10-04T23:59:59.999Z;
Poste;06042;500000;2000;2026-09-28T00:00:00.000Z;2026-10-04T23:59:59.999Z;
Poste;06043;500000;2000;2026-09-28T00:00:00.000Z;2026-10-04T23:59:59.999Z;
Poste;06044;500000;2000;2026-09-28T00:00:00.000Z;2026-10-04T23:59:59.999Z;
Sailpost;06044;500000;1000;2026-09-28T00:00:00.000Z;2026-10-04T23:59:59.999Z;
Poste;06045;500000;2000;2026-09-28T00:00:00.000Z;2026-10-04T23:59:59.999Z;
Poste;06046;500000;2000;2026-09-28T00:00:00.000Z;2026-10-04T23:59:59.999Z;
Poste;06047;500000;2000;2026-09-28T00:00:00.000Z;2026-10-04T23:59:59.999Z;
Poste;06049;500000;2000;2026-09-28T00:00:00.000Z;2026-10-04T23:59:59.999Z;
Sailpost;06049;500000;6400;2026-09-28T00:00:00.000Z;2026-10-04T23:59:59.999Z;
Poste;06050;500000;2000;2026-09-28T00:00:00.000Z;2026-10-04T23:59:59.999Z;
Poste;06051;500000;2000;2026-09-28T00:00:00.000Z;2026-10-04T23:59:59.999Z;
Poste;06053;500000;2000;2026-09-28T00:00:00.000Z;2026-10-04T23:59:59.999Z;
Poste;06054;500000;2000;2026-09-28T00:00:00.000Z;2026-10-04T23:59:59.999Z;
Poste;06055;500000;2000;2026-09-28T00:00:00.000Z;2026-10-04T23:59:59.999Z;
Poste;06056;500000;2000;2026-09-28T00:00:00.000Z;2026-10-04T23:59:59.999Z;
Poste;06057;500000;2000;2026-09-28T00:00:00.000Z;2026-10-04T23:59:59.999Z;
Poste;06059;500000;2000;2026-09-28T00:00:00.000Z;2026-10-04T23:59:59.999Z;
Poste;06060;500000;2000;2026-09-28T00:00:00.000Z;2026-10-04T23:59:59.999Z;
Sailpost;06060;500000;400;2026-09-28T00:00:00.000Z;2026-10-04T23:59:59.999Z;
Poste;06061;500000;2000;2026-09-28T00:00:00.000Z;2026-10-04T23:59:59.999Z;
Sailpost;06061;500000;3800;2026-09-28T00:00:00.000Z;2026-10-04T23:59:59.999Z;
Poste;06062;500000;2000;2026-09-28T00:00:00.000Z;2026-10-04T23:59:59.999Z;
Sailpost;06062;500000;2000;2026-09-28T00:00:00.000Z;2026-10-04T23:59:59.999Z;
Poste;06063;500000;2000;2026-09-28T00:00:00.000Z;2026-10-04T23:59:59.999Z;
Sailpost;06063;500000;3800;2026-09-28T00:00:00.000Z;2026-10-04T23:59:59.999Z;
Poste;06064;500000;2000;2026-09-28T00:00:00.000Z;2026-10-04T23:59:59.999Z;
Sailpost;06064;500000;1200;2026-09-28T00:00:00.000Z;2026-10-04T23:59:59.999Z;
Poste;06065;500000;2000;2026-09-28T00:00:00.000Z;2026-10-04T23:59:59.999Z;
Sailpost;06065;500000;1500;2026-09-28T00:00:00.000Z;2026-10-04T23:59:59.999Z;
Poste;06066;500000;2000;2026-09-28T00:00:00.000Z;2026-10-04T23:59:59.999Z;
Sailpost;06066;500000;800;2026-09-28T00:00:00.000Z;2026-10-04T23:59:59.999Z;
Poste;06068;500000;2000;2026-09-28T00:00:00.000Z;2026-10-04T23:59:59.999Z;
Poste;06069;500000;2000;2026-09-28T00:00:00.000Z;2026-10-04T23:59:59.999Z;
Sailpost;06069;500000;1000;2026-09-28T00:00:00.000Z;2026-10-04T23:59:59.999Z;
Poste;06072;500000;2000;2026-09-28T00:00:00.000Z;2026-10-04T23:59:59.999Z;
Poste;06073;500000;2000;2026-09-28T00:00:00.000Z;2026-10-04T23:59:59.999Z;
Sailpost;06073;500000;5000;2026-09-28T00:00:00.000Z;2026-10-04T23:59:59.999Z;
Poste;06081;500000;2000;2026-09-28T00:00:00.000Z;2026-10-04T23:59:59.999Z;
Sailpost;06081;500000;6500;2026-09-28T00:00:00.000Z;2026-10-04T23:59:59.999Z;
Poste;06083;500000;2000;2026-09-28T00:00:00.000Z;2026-10-04T23:59:59.999Z;
Sailpost;06083;500000;5200;2026-09-28T00:00:00.000Z;2026-10-04T23:59:59.999Z;
Poste;06084;500000;2000;2026-09-28T00:00:00.000Z;2026-10-04T23:59:59.999Z;
Poste;06089;500000;2000;2026-09-28T00:00:00.000Z;2026-10-04T23:59:59.999Z;
Sailpost;06089;500000;1700;2026-09-28T00:00:00.000Z;2026-10-04T23:59:59.999Z;
Poste;06121;500000;3000;2026-09-28T00:00:00.000Z;2026-10-04T23:59:59.999Z;
Sailpost;06121;500000;250;2026-09-28T00:00:00.000Z;2026-10-04T23:59:59.999Z;
Poste;06122;500000;3000;2026-09-28T00:00:00.000Z;2026-10-04T23:59:59.999Z;
Sailpost;06122;500000;250;2026-09-28T00:00:00.000Z;2026-10-04T23:59:59.999Z;
Poste;06123;500000;3000;2026-09-28T00:00:00.000Z;2026-10-04T23:59:59.999Z;
Sailpost;06123;500000;250;2026-09-28T00:00:00.000Z;2026-10-04T23:59:59.999Z;
Poste;06124;500000;3000;2026-09-28T00:00:00.000Z;2026-10-04T23:59:59.999Z;
Sailpost;06124;500000;250;2026-09-28T00:00:00.000Z;2026-10-04T23:59:59.999Z;
Poste;06125;500000;3000;2026-09-28T00:00:00.000Z;2026-10-04T23:59:59.999Z;
Sailpost;06125;500000;1200;2026-09-28T00:00:00.000Z;2026-10-04T23:59:59.999Z;
Poste;06126;500000;3000;2026-09-28T00:00:00.000Z;2026-10-04T23:59:59.999Z;
Sailpost;06126;500000;1000;2026-09-28T00:00:00.000Z;2026-10-04T23:59:59.999Z;
Poste;06127;500000;3000;2026-09-28T00:00:00.000Z;2026-10-04T23:59:59.999Z;
Sailpost;06127;500000;250;2026-09-28T00:00:00.000Z;2026-10-04T23:59:59.999Z;
Poste;06128;500000;3000;2026-09-28T00:00:00.000Z;2026-10-04T23:59:59.999Z;
Sailpost;06128;500000;250;2026-09-28T00:00:00.000Z;2026-10-04T23:59:59.999Z;
Poste;06129;500000;3000;2026-09-28T00:00:00.000Z;2026-10-04T23:59:59.999Z;
Sailpost;06129;500000;1000;2026-09-28T00:00:00.000Z;2026-10-04T23:59:59.999Z;
Poste;06131;500000;3000;2026-09-28T00:00:00.000Z;2026-10-04T23:59:59.999Z;
Sailpost;06131;500000;2500;2026-09-28T00:00:00.000Z;2026-10-04T23:59:59.999Z;
Poste;06132;500000;3000;2026-09-28T00:00:00.000Z;2026-10-04T23:59:59.999Z;
Sailpost;06132;500000;9000;2026-09-28T00:00:00.000Z;2026-10-04T23:59:59.999Z;
Poste;06133;500000;3000;2026-09-28T00:00:00.000Z;2026-10-04T23:59:59.999Z;
Poste;06134;500000;3000;2026-09-28T00:00:00.000Z;2026-10-04T23:59:59.999Z;
Poste;06135;500000;3000;2026-09-28T00:00:00.000Z;2026-10-04T23:59:59.999Z;
Sailpost;06135;500000;1500;2026-09-28T00:00:00.000Z;2026-10-04T23:59:59.999Z;
Poste;SS;500000;9000;2026-09-28T00:00:00.000Z;2026-10-04T23:59:59.999Z;890,AR,RS
Sailpost;SS;500000;54900;2026-09-28T00:00:00.000Z;2026-10-04T23:59:59.999Z;890
Poste;07010;500000;2000;2026-09-28T00:00:00.000Z;2026-10-04T23:59:59.999Z;
Poste;07011;500000;2000;2026-09-28T00:00:00.000Z;2026-10-04T23:59:59.999Z;
Poste;07012;500000;2000;2026-09-28T00:00:00.000Z;2026-10-04T23:59:59.999Z;
Poste;07013;500000;2000;2026-09-28T00:00:00.000Z;2026-10-04T23:59:59.999Z;
Poste;07014;500000;2000;2026-09-28T00:00:00.000Z;2026-10-04T23:59:59.999Z;
Poste;07015;500000;2000;2026-09-28T00:00:00.000Z;2026-10-04T23:59:59.999Z;
Poste;07016;500000;2000;2026-09-28T00:00:00.000Z;2026-10-04T23:59:59.999Z;
Poste;07017;500000;2000;2026-09-28T00:00:00.000Z;2026-10-04T23:59:59.999Z;
Poste;07018;500000;2000;2026-09-28T00:00:00.000Z;2026-10-04T23:59:59.999Z;
Poste;07019;500000;2000;2026-09-28T00:00:00.000Z;2026-10-04T23:59:59.999Z;
Poste;07031;500000;2000;2026-09-28T00:00:00.000Z;2026-10-04T23:59:59.999Z;
Poste;07032;500000;2000;2026-09-28T00:00:00.000Z;2026-10-04T23:59:59.999Z;
Poste;07033;500000;2000;2026-09-28T00:00:00.000Z;2026-10-04T23:59:59.999Z;
Poste;07034;500000;2000;2026-09-28T00:00:00.000Z;2026-10-04T23:59:59.999Z;
Poste;07035;500000;2000;2026-09-28T00:00:00.000Z;2026-10-04T23:59:59.999Z;
Poste;07036;500000;2000;2026-09-28T00:00:00.000Z;2026-10-04T23:59:59.999Z;
Poste;07037;500000;2000;2026-09-28T00:00:00.000Z;2026-10-04T23:59:59.999Z;
Poste;07039;500000;2000;2026-09-28T00:00:00.000Z;2026-10-04T23:59:59.999Z;
Poste;07040;500000;2000;2026-09-28T00:00:00.000Z;2026-10-04T23:59:59.999Z;
Poste;07041;500000;2000;2026-09-28T00:00:00.000Z;2026-10-04T23:59:59.999Z;
Sailpost;07041;500000;12000;2026-09-28T00:00:00.000Z;2026-10-04T23:59:59.999Z;
Poste;07043;500000;2000;2026-09-28T00:00:00.000Z;2026-10-04T23:59:59.999Z;
Poste;07044;500000;2000;2026-09-28T00:00:00.000Z;2026-10-04T23:59:59.999Z;
Sailpost;07044;500000;2500;2026-09-28T00:00:00.000Z;2026-10-04T23:59:59.999Z;
Poste;07045;500000;2000;2026-09-28T00:00:00.000Z;2026-10-04T23:59:59.999Z;
Sailpost;07045;500000;1500;2026-09-28T00:00:00.000Z;2026-10-04T23:59:59.999Z;
Poste;07046;500000;2000;2026-09-28T00:00:00.000Z;2026-10-04T23:59:59.999Z;
Sailpost;07046;500000;5400;2026-09-28T00:00:00.000Z;2026-10-04T23:59:59.999Z;
Poste;07047;500000;2000;2026-09-28T00:00:00.000Z;2026-10-04T23:59:59.999Z;
Poste;07048;500000;2000;2026-09-28T00:00:00.000Z;2026-10-04T23:59:59.999Z;
Poste;07049;500000;2000;2026-09-28T00:00:00.000Z;2026-10-04T23:59:59.999Z;
Sailpost;07049;500000;1500;2026-09-28T00:00:00.000Z;2026-10-04T23:59:59.999Z;
Poste;07100;500000;3000;2026-09-28T00:00:00.000Z;2026-10-04T23:59:59.999Z;
Sailpost;07100;500000;32000;2026-09-28T00:00:00.000Z;2026-10-04T23:59:59.999Z;
Poste;OT;500000;2125;2026-09-28T00:00:00.000Z;2026-10-04T23:59:59.999Z;890,AR,RS
Sailpost;OT;500000;42500;2026-09-28T00:00:00.000Z;2026-10-04T23:59:59.999Z;890
Poste;07020;500000;2000;2026-09-28T00:00:00.000Z;2026-10-04T23:59:59.999Z;
Sailpost;07020;500000;7000;2026-09-28T00:00:00.000Z;2026-10-04T23:59:59.999Z;
Poste;07021;500000;2000;2026-09-28T00:00:00.000Z;2026-10-04T23:59:59.999Z;
Sailpost;07021;500000;3500;2026-09-28T00:00:00.000Z;2026-10-04T23:59:59.999Z;
Poste;07022;500000;2000;2026-09-28T00:00:00.000Z;2026-10-04T23:59:59.999Z;
Sailpost;07022;500000;1500;2026-09-28T00:00:00.000Z;2026-10-04T23:59:59.999Z;
Poste;07023;500000;2000;2026-09-28T00:00:00.000Z;2026-10-04T23:59:59.999Z;
Sailpost;07023;500000;1500;2026-09-28T00:00:00.000Z;2026-10-04T23:59:59.999Z;
Poste;07024;500000;2000;2026-09-28T00:00:00.000Z;2026-10-04T23:59:59.999Z;
Sailpost;07024;500000;3000;2026-09-28T00:00:00.000Z;2026-10-04T23:59:59.999Z;
Poste;07025;500000;2000;2026-09-28T00:00:00.000Z;2026-10-04T23:59:59.999Z;
Sailpost;07025;500000;1000;2026-09-28T00:00:00.000Z;2026-10-04T23:59:59.999Z;
Poste;07026;500000;2000;2026-09-28T00:00:00.000Z;2026-10-04T23:59:59.999Z;
Sailpost;07026;500000;15400;2026-09-28T00:00:00.000Z;2026-10-04T23:59:59.999Z;
Poste;07027;500000;2000;2026-09-28T00:00:00.000Z;2026-10-04T23:59:59.999Z;
Poste;07028;500000;2000;2026-09-28T00:00:00.000Z;2026-10-04T23:59:59.999Z;
Sailpost;07028;500000;1400;2026-09-28T00:00:00.000Z;2026-10-04T23:59:59.999Z;
Poste;07029;500000;2000;2026-09-28T00:00:00.000Z;2026-10-04T23:59:59.999Z;
Sailpost;07029;500000;4000;2026-09-28T00:00:00.000Z;2026-10-04T23:59:59.999Z;
Poste;07030;500000;2000;2026-09-28T00:00:00.000Z;2026-10-04T23:59:59.999Z;
Poste;07038;500000;2000;2026-09-28T00:00:00.000Z;2026-10-04T23:59:59.999Z;
Sailpost;07038;500000;1200;2026-09-28T00:00:00.000Z;2026-10-04T23:59:59.999Z;
Poste;07051;500000;2000;2026-09-28T00:00:00.000Z;2026-10-04T23:59:59.999Z;
Sailpost;07051;500000;1500;2026-09-28T00:00:00.000Z;2026-10-04T23:59:59.999Z;
Poste;07052;500000;2000;2026-09-28T00:00:00.000Z;2026-10-04T23:59:59.999Z;
Sailpost;07052;500000;1500;2026-09-28T00:00:00.000Z;2026-10-04T23:59:59.999Z;
Poste;07053;500000;2000;2026-09-28T00:00:00.000Z;2026-10-04T23:59:59.999Z;
Poste;07054;500000;2000;2026-09-28T00:00:00.000Z;2026-10-04T23:59:59.999Z;
Poste;07055;500000;2000;2026-09-28T00:00:00.000Z;2026-10-04T23:59:59.999Z;
Poste;NU;500000;4000;2026-09-28T00:00:00.000Z;2026-10-04T23:59:59.999Z;890,AR,RS
Sailpost;NU;500000;68200;2026-09-28T00:00:00.000Z;2026-10-04T23:59:59.999Z;890
Poste;08010;500000;2000;2026-09-28T00:00:00.000Z;2026-10-04T23:59:59.999Z;
Poste;08011;500000;2000;2026-09-28T00:00:00.000Z;2026-10-04T23:59:59.999Z;
Sailpost;08011;500000;1600;2026-09-28T00:00:00.000Z;2026-10-04T23:59:59.999Z;
Poste;08012;500000;2000;2026-09-28T00:00:00.000Z;2026-10-04T23:59:59.999Z;
Sailpost;08012;500000;900;2026-09-28T00:00:00.000Z;2026-10-04T23:59:59.999Z;
Poste;08014;500000;2000;2026-09-28T00:00:00.000Z;2026-10-04T23:59:59.999Z;
Poste;08015;500000;2000;2026-09-28T00:00:00.000Z;2026-10-04T23:59:59.999Z;
Sailpost;08015;500000;5000;2026-09-28T00:00:00.000Z;2026-10-04T23:59:59.999Z;
Poste;08016;500000;2000;2026-09-28T00:00:00.000Z;2026-10-04T23:59:59.999Z;
Sailpost;08016;500000;1000;2026-09-28T00:00:00.000Z;2026-10-04T23:59:59.999Z;
Poste;08017;500000;2000;2026-09-28T00:00:00.000Z;2026-10-04T23:59:59.999Z;
Sailpost;08017;500000;1000;2026-09-28T00:00:00.000Z;2026-10-04T23:59:59.999Z;
Poste;08018;500000;2000;2026-09-28T00:00:00.000Z;2026-10-04T23:59:59.999Z;
Poste;08020;500000;2000;2026-09-28T00:00:00.000Z;2026-10-04T23:59:59.999Z;
Poste;08021;500000;2000;2026-09-28T00:00:00.000Z;2026-10-04T23:59:59.999Z;
Sailpost;08021;500000;1500;2026-09-28T00:00:00.000Z;2026-10-04T23:59:59.999Z;
Poste;08022;500000;2000;2026-09-28T00:00:00.000Z;2026-10-04T23:59:59.999Z;
Sailpost;08022;500000;5200;2026-09-28T00:00:00.000Z;2026-10-04T23:59:59.999Z;
Poste;08023;500000;2000;2026-09-28T00:00:00.000Z;2026-10-04T23:59:59.999Z;
Sailpost;08023;500000;2400;2026-09-28T00:00:00.000Z;2026-10-04T23:59:59.999Z;
Poste;08024;500000;2000;2026-09-28T00:00:00.000Z;2026-10-04T23:59:59.999Z;
Sailpost;08024;500000;1600;2026-09-28T00:00:00.000Z;2026-10-04T23:59:59.999Z;
Poste;08025;500000;2000;2026-09-28T00:00:00.000Z;2026-10-04T23:59:59.999Z;
Sailpost;08025;500000;4200;2026-09-28T00:00:00.000Z;2026-10-04T23:59:59.999Z;
Poste;08026;500000;2000;2026-09-28T00:00:00.000Z;2026-10-04T23:59:59.999Z;
Sailpost;08026;500000;1700;2026-09-28T00:00:00.000Z;2026-10-04T23:59:59.999Z;
Poste;08027;500000;2000;2026-09-28T00:00:00.000Z;2026-10-04T23:59:59.999Z;
Sailpost;08027;500000;2500;2026-09-28T00:00:00.000Z;2026-10-04T23:59:59.999Z;
Poste;08028;500000;2000;2026-09-28T00:00:00.000Z;2026-10-04T23:59:59.999Z;
Sailpost;08028;500000;4200;2026-09-28T00:00:00.000Z;2026-10-04T23:59:59.999Z;
Poste;08029;500000;2000;2026-09-28T00:00:00.000Z;2026-10-04T23:59:59.999Z;
Sailpost;08029;500000;7000;2026-09-28T00:00:00.000Z;2026-10-04T23:59:59.999Z;
Poste;08030;500000;2000;2026-09-28T00:00:00.000Z;2026-10-04T23:59:59.999Z;
Sailpost;08030;500000;3500;2026-09-28T00:00:00.000Z;2026-10-04T23:59:59.999Z;
Poste;08031;500000;2000;2026-09-28T00:00:00.000Z;2026-10-04T23:59:59.999Z;
Sailpost;08031;500000;800;2026-09-28T00:00:00.000Z;2026-10-04T23:59:59.999Z;
Poste;08032;500000;2000;2026-09-28T00:00:00.000Z;2026-10-04T23:59:59.999Z;
Sailpost;08032;500000;1400;2026-09-28T00:00:00.000Z;2026-10-04T23:59:59.999Z;
Poste;08036;500000;2000;2026-09-28T00:00:00.000Z;2026-10-04T23:59:59.999Z;
Sailpost;08036;500000;700;2026-09-28T00:00:00.000Z;2026-10-04T23:59:59.999Z;
Poste;08038;500000;2000;2026-09-28T00:00:00.000Z;2026-10-04T23:59:59.999Z;
Sailpost;08038;500000;1000;2026-09-28T00:00:00.000Z;2026-10-04T23:59:59.999Z;
Poste;08039;500000;2000;2026-09-28T00:00:00.000Z;2026-10-04T23:59:59.999Z;
Sailpost;08039;500000;1000;2026-09-28T00:00:00.000Z;2026-10-04T23:59:59.999Z;
Poste;08100;500000;3000;2026-09-28T00:00:00.000Z;2026-10-04T23:59:59.999Z;
Sailpost;08100;500000;20000;2026-09-28T00:00:00.000Z;2026-10-04T23:59:59.999Z;
Poste;OG;500000;2125;2026-09-28T00:00:00.000Z;2026-10-04T23:59:59.999Z;890,AR,RS
Sailpost;OG;500000;31800;2026-09-28T00:00:00.000Z;2026-10-04T23:59:59.999Z;890
Poste;08040;500000;2000;2026-09-28T00:00:00.000Z;2026-10-04T23:59:59.999Z;
Sailpost;08040;500000;12000;2026-09-28T00:00:00.000Z;2026-10-04T23:59:59.999Z;
Poste;08042;500000;2000;2026-09-28T00:00:00.000Z;2026-10-04T23:59:59.999Z;
Sailpost;08042;500000;2400;2026-09-28T00:00:00.000Z;2026-10-04T23:59:59.999Z;
Poste;08044;500000;2000;2026-09-28T00:00:00.000Z;2026-10-04T23:59:59.999Z;
Sailpost;08044;500000;1900;2026-09-28T00:00:00.000Z;2026-10-04T23:59:59.999Z;
Poste;08045;500000;2000;2026-09-28T00:00:00.000Z;2026-10-04T23:59:59.999Z;
Sailpost;08045;500000;3200;2026-09-28T00:00:00.000Z;2026-10-04T23:59:59.999Z;
Poste;08046;500000;2000;2026-09-28T00:00:00.000Z;2026-10-04T23:59:59.999Z;
Sailpost;08046;500000;1200;2026-09-28T00:00:00.000Z;2026-10-04T23:59:59.999Z;
Poste;08047;500000;2000;2026-09-28T00:00:00.000Z;2026-10-04T23:59:59.999Z;
Sailpost;08047;500000;2400;2026-09-28T00:00:00.000Z;2026-10-04T23:59:59.999Z;
Poste;08048;500000;2000;2026-09-28T00:00:00.000Z;2026-10-04T23:59:59.999Z;
Sailpost;08048;500000;6700;2026-09-28T00:00:00.000Z;2026-10-04T23:59:59.999Z;
Poste;08049;500000;2000;2026-09-28T00:00:00.000Z;2026-10-04T23:59:59.999Z;
Sailpost;08049;500000;2000;2026-09-28T00:00:00.000Z;2026-10-04T23:59:59.999Z;
Poste;09064;500000;2000;2026-09-28T00:00:00.000Z;2026-10-04T23:59:59.999Z;
Poste;SU;500000;2125;2026-09-28T00:00:00.000Z;2026-10-04T23:59:59.999Z;890,AR,RS
Poste;09010;500000;2000;2026-09-28T00:00:00.000Z;2026-10-04T23:59:59.999Z;
Poste;09011;500000;2000;2026-09-28T00:00:00.000Z;2026-10-04T23:59:59.999Z;
Poste;09013;500000;2000;2026-09-28T00:00:00.000Z;2026-10-04T23:59:59.999Z;
Poste;09014;500000;2000;2026-09-28T00:00:00.000Z;2026-10-04T23:59:59.999Z;
Poste;09015;500000;2000;2026-09-28T00:00:00.000Z;2026-10-04T23:59:59.999Z;
Poste;09016;500000;2000;2026-09-28T00:00:00.000Z;2026-10-04T23:59:59.999Z;
Poste;09017;500000;2000;2026-09-28T00:00:00.000Z;2026-10-04T23:59:59.999Z;
Poste;09019;500000;2000;2026-09-28T00:00:00.000Z;2026-10-04T23:59:59.999Z;
Poste;VS;500000;2125;2026-09-28T00:00:00.000Z;2026-10-04T23:59:59.999Z;890,AR,RS
Sailpost;VS;500000;17200;2026-09-28T00:00:00.000Z;2026-10-04T23:59:59.999Z;890
Poste;09020;500000;2000;2026-09-28T00:00:00.000Z;2026-10-04T23:59:59.999Z;
Poste;09021;500000;2000;2026-09-28T00:00:00.000Z;2026-10-04T23:59:59.999Z;
Poste;09022;500000;2000;2026-09-28T00:00:00.000Z;2026-10-04T23:59:59.999Z;
Poste;09025;500000;2000;2026-09-28T00:00:00.000Z;2026-10-04T23:59:59.999Z;
Sailpost;09025;500000;6500;2026-09-28T00:00:00.000Z;2026-10-04T23:59:59.999Z;
Poste;09027;500000;2000;2026-09-28T00:00:00.000Z;2026-10-04T23:59:59.999Z;
Sailpost;09027;500000;3700;2026-09-28T00:00:00.000Z;2026-10-04T23:59:59.999Z;
Poste;09029;500000;2000;2026-09-28T00:00:00.000Z;2026-10-04T23:59:59.999Z;
Poste;09030;500000;2000;2026-09-28T00:00:00.000Z;2026-10-04T23:59:59.999Z;
Poste;09031;500000;2000;2026-09-28T00:00:00.000Z;2026-10-04T23:59:59.999Z;
Poste;09035;500000;2000;2026-09-28T00:00:00.000Z;2026-10-04T23:59:59.999Z;
Poste;09036;500000;2000;2026-09-28T00:00:00.000Z;2026-10-04T23:59:59.999Z;
Poste;09037;500000;2000;2026-09-28T00:00:00.000Z;2026-10-04T23:59:59.999Z;
Poste;09038;500000;2000;2026-09-28T00:00:00.000Z;2026-10-04T23:59:59.999Z;
Sailpost;09038;500000;7000;2026-09-28T00:00:00.000Z;2026-10-04T23:59:59.999Z;
Poste;09039;500000;2000;2026-09-28T00:00:00.000Z;2026-10-04T23:59:59.999Z;
Poste;CA;500000;10000;2026-09-28T00:00:00.000Z;2026-10-04T23:59:59.999Z;890,AR,RS
Sailpost;CA;500000;125875;2026-09-28T00:00:00.000Z;2026-10-04T23:59:59.999Z;890
Poste;09001;500000;2000;2026-09-28T00:00:00.000Z;2026-10-04T23:59:59.999Z;
Poste;09002;500000;2000;2026-09-28T00:00:00.000Z;2026-10-04T23:59:59.999Z;
Poste;09003;500000;2000;2026-09-28T00:00:00.000Z;2026-10-04T23:59:59.999Z;
Poste;09004;500000;2000;2026-09-28T00:00:00.000Z;2026-10-04T23:59:59.999Z;
Poste;09005;500000;2000;2026-09-28T00:00:00.000Z;2026-10-04T23:59:59.999Z;
Poste;09006;500000;2000;2026-09-28T00:00:00.000Z;2026-10-04T23:59:59.999Z;
Poste;09007;500000;2000;2026-09-28T00:00:00.000Z;2026-10-04T23:59:59.999Z;
Poste;09008;500000;2000;2026-09-28T00:00:00.000Z;2026-10-04T23:59:59.999Z;
Poste;09012;500000;2000;2026-09-28T00:00:00.000Z;2026-10-04T23:59:59.999Z;
Sailpost;09012;500000;6100;2026-09-28T00:00:00.000Z;2026-10-04T23:59:59.999Z;
Poste;09018;500000;2000;2026-09-28T00:00:00.000Z;2026-10-04T23:59:59.999Z;
Sailpost;09018;500000;1400;2026-09-28T00:00:00.000Z;2026-10-04T23:59:59.999Z;
Poste;09023;500000;2000;2026-09-28T00:00:00.000Z;2026-10-04T23:59:59.999Z;
Sailpost;09023;500000;3600;2026-09-28T00:00:00.000Z;2026-10-04T23:59:59.999Z;
Poste;09024;500000;2000;2026-09-28T00:00:00.000Z;2026-10-04T23:59:59.999Z;
Poste;09026;500000;2000;2026-09-28T00:00:00.000Z;2026-10-04T23:59:59.999Z;
Sailpost;09026;500000;6400;2026-09-28T00:00:00.000Z;2026-10-04T23:59:59.999Z;
Poste;09028;500000;2000;2026-09-28T00:00:00.000Z;2026-10-04T23:59:59.999Z;
Sailpost;09028;500000;5400;2026-09-28T00:00:00.000Z;2026-10-04T23:59:59.999Z;
Poste;09032;500000;2000;2026-09-28T00:00:00.000Z;2026-10-04T23:59:59.999Z;
Sailpost;09032;500000;7000;2026-09-28T00:00:00.000Z;2026-10-04T23:59:59.999Z;
Poste;09033;500000;2000;2026-09-28T00:00:00.000Z;2026-10-04T23:59:59.999Z;
Sailpost;09033;500000;2200;2026-09-28T00:00:00.000Z;2026-10-04T23:59:59.999Z;
Poste;09034;500000;2000;2026-09-28T00:00:00.000Z;2026-10-04T23:59:59.999Z;
Sailpost;09034;500000;5400;2026-09-28T00:00:00.000Z;2026-10-04T23:59:59.999Z;
Poste;09040;500000;2000;2026-09-28T00:00:00.000Z;2026-10-04T23:59:59.999Z;
Poste;09041;500000;2000;2026-09-28T00:00:00.000Z;2026-10-04T23:59:59.999Z;
Poste;09042;500000;2000;2026-09-28T00:00:00.000Z;2026-10-04T23:59:59.999Z;
Sailpost;09042;500000;5100;2026-09-28T00:00:00.000Z;2026-10-04T23:59:59.999Z;
Poste;09043;500000;2000;2026-09-28T00:00:00.000Z;2026-10-04T23:59:59.999Z;
Sailpost;09043;500000;4100;2026-09-28T00:00:00.000Z;2026-10-04T23:59:59.999Z;
Poste;09044;500000;2000;2026-09-28T00:00:00.000Z;2026-10-04T23:59:59.999Z;
Sailpost;09044;500000;3400;2026-09-28T00:00:00.000Z;2026-10-04T23:59:59.999Z;
Poste;09045;500000;2000;2026-09-28T00:00:00.000Z;2026-10-04T23:59:59.999Z;
Sailpost;09045;500000;18275;2026-09-28T00:00:00.000Z;2026-10-04T23:59:59.999Z;
Poste;09047;500000;2000;2026-09-28T00:00:00.000Z;2026-10-04T23:59:59.999Z;
Sailpost;09047;500000;7500;2026-09-28T00:00:00.000Z;2026-10-04T23:59:59.999Z;
Poste;09048;500000;2000;2026-09-28T00:00:00.000Z;2026-10-04T23:59:59.999Z;
Sailpost;09048;500000;4500;2026-09-28T00:00:00.000Z;2026-10-04T23:59:59.999Z;
Poste;09049;500000;2000;2026-09-28T00:00:00.000Z;2026-10-04T23:59:59.999Z;
Sailpost;09049;500000;2900;2026-09-28T00:00:00.000Z;2026-10-04T23:59:59.999Z;
Poste;09050;500000;2000;2026-09-28T00:00:00.000Z;2026-10-04T23:59:59.999Z;
Sailpost;09050;500000;2000;2026-09-28T00:00:00.000Z;2026-10-04T23:59:59.999Z;
Poste;09051;500000;2000;2026-09-28T00:00:00.000Z;2026-10-04T23:59:59.999Z;
Poste;09052;500000;2000;2026-09-28T00:00:00.000Z;2026-10-04T23:59:59.999Z;
Poste;09053;500000;2000;2026-09-28T00:00:00.000Z;2026-10-04T23:59:59.999Z;
Poste;09054;500000;2000;2026-09-28T00:00:00.000Z;2026-10-04T23:59:59.999Z;
Poste;09055;500000;2000;2026-09-28T00:00:00.000Z;2026-10-04T23:59:59.999Z;
Poste;09056;500000;2000;2026-09-28T00:00:00.000Z;2026-10-04T23:59:59.999Z;
Poste;09057;500000;2000;2026-09-28T00:00:00.000Z;2026-10-04T23:59:59.999Z;
Poste;09058;500000;2000;2026-09-28T00:00:00.000Z;2026-10-04T23:59:59.999Z;
Poste;09059;500000;2000;2026-09-28T00:00:00.000Z;2026-10-04T23:59:59.999Z;
Poste;09060;500000;2000;2026-09-28T00:00:00.000Z;2026-10-04T23:59:59.999Z;
Poste;09061;500000;2000;2026-09-28T00:00:00.000Z;2026-10-04T23:59:59.999Z;
Poste;09062;500000;2000;2026-09-28T00:00:00.000Z;2026-10-04T23:59:59.999Z;
Poste;09063;500000;2000;2026-09-28T00:00:00.000Z;2026-10-04T23:59:59.999Z;
Poste;09066;500000;2000;2026-09-28T00:00:00.000Z;2026-10-04T23:59:59.999Z;
Poste;09067;500000;2000;2026-09-28T00:00:00.000Z;2026-10-04T23:59:59.999Z;
Poste;09068;500000;2000;2026-09-28T00:00:00.000Z;2026-10-04T23:59:59.999Z;
Poste;09069;500000;2000;2026-09-28T00:00:00.000Z;2026-10-04T23:59:59.999Z;
Poste;09121;500000;3000;2026-09-28T00:00:00.000Z;2026-10-04T23:59:59.999Z;
Sailpost;09121;500000;1600;2026-09-28T00:00:00.000Z;2026-10-04T23:59:59.999Z;
Poste;09122;500000;3000;2026-09-28T00:00:00.000Z;2026-10-04T23:59:59.999Z;
Sailpost;09122;500000;4300;2026-09-28T00:00:00.000Z;2026-10-04T23:59:59.999Z;
Poste;09123;500000;3000;2026-09-28T00:00:00.000Z;2026-10-04T23:59:59.999Z;
Sailpost;09123;500000;21100;2026-09-28T00:00:00.000Z;2026-10-04T23:59:59.999Z;
Poste;09124;500000;3000;2026-09-28T00:00:00.000Z;2026-10-04T23:59:59.999Z;
Sailpost;09124;500000;400;2026-09-28T00:00:00.000Z;2026-10-04T23:59:59.999Z;
Poste;09125;500000;3000;2026-09-28T00:00:00.000Z;2026-10-04T23:59:59.999Z;
Sailpost;09125;500000;1300;2026-09-28T00:00:00.000Z;2026-10-04T23:59:59.999Z;
Poste;09126;500000;3000;2026-09-28T00:00:00.000Z;2026-10-04T23:59:59.999Z;
Sailpost;09126;500000;5200;2026-09-28T00:00:00.000Z;2026-10-04T23:59:59.999Z;
Poste;09127;500000;3000;2026-09-28T00:00:00.000Z;2026-10-04T23:59:59.999Z;
Sailpost;09127;500000;500;2026-09-28T00:00:00.000Z;2026-10-04T23:59:59.999Z;
Poste;09128;500000;3000;2026-09-28T00:00:00.000Z;2026-10-04T23:59:59.999Z;
Sailpost;09128;500000;300;2026-09-28T00:00:00.000Z;2026-10-04T23:59:59.999Z;
Poste;09129;500000;3000;2026-09-28T00:00:00.000Z;2026-10-04T23:59:59.999Z;
Sailpost;09129;500000;2300;2026-09-28T00:00:00.000Z;2026-10-04T23:59:59.999Z;
Poste;09131;500000;3000;2026-09-28T00:00:00.000Z;2026-10-04T23:59:59.999Z;
Sailpost;09131;500000;1200;2026-09-28T00:00:00.000Z;2026-10-04T23:59:59.999Z;
Poste;09134;500000;3000;2026-09-28T00:00:00.000Z;2026-10-04T23:59:59.999Z;
Sailpost;09134;500000;2400;2026-09-28T00:00:00.000Z;2026-10-04T23:59:59.999Z;
Poste;OR;500000;2500;2026-09-28T00:00:00.000Z;2026-10-04T23:59:59.999Z;890,AR,RS
Sailpost;OR;500000;100000;2026-09-28T00:00:00.000Z;2026-10-04T23:59:59.999Z;890
Poste;09070;500000;2000;2026-09-28T00:00:00.000Z;2026-10-04T23:59:59.999Z;
Sailpost;09070;500000;16000;2026-09-28T00:00:00.000Z;2026-10-04T23:59:59.999Z;
Poste;09071;500000;2000;2026-09-28T00:00:00.000Z;2026-10-04T23:59:59.999Z;
Sailpost;09071;500000;2000;2026-09-28T00:00:00.000Z;2026-10-04T23:59:59.999Z;
Poste;09072;500000;2000;2026-09-28T00:00:00.000Z;2026-10-04T23:59:59.999Z;
Sailpost;09072;500000;7000;2026-09-28T00:00:00.000Z;2026-10-04T23:59:59.999Z;
Poste;09073;500000;2000;2026-09-28T00:00:00.000Z;2026-10-04T23:59:59.999Z;
Sailpost;09073;500000;2000;2026-09-28T00:00:00.000Z;2026-10-04T23:59:59.999Z;
Poste;09074;500000;2000;2026-09-28T00:00:00.000Z;2026-10-04T23:59:59.999Z;
Sailpost;09074;500000;3200;2026-09-28T00:00:00.000Z;2026-10-04T23:59:59.999Z;
Poste;09075;500000;2000;2026-09-28T00:00:00.000Z;2026-10-04T23:59:59.999Z;
Sailpost;09075;500000;1800;2026-09-28T00:00:00.000Z;2026-10-04T23:59:59.999Z;
Poste;09076;500000;2000;2026-09-28T00:00:00.000Z;2026-10-04T23:59:59.999Z;
Sailpost;09076;500000;1500;2026-09-28T00:00:00.000Z;2026-10-04T23:59:59.999Z;
Poste;09077;500000;2000;2026-09-28T00:00:00.000Z;2026-10-04T23:59:59.999Z;
Sailpost;09077;500000;1500;2026-09-28T00:00:00.000Z;2026-10-04T23:59:59.999Z;
Poste;09078;500000;2000;2026-09-28T00:00:00.000Z;2026-10-04T23:59:59.999Z;
Sailpost;09078;500000;1500;2026-09-28T00:00:00.000Z;2026-10-04T23:59:59.999Z;
Poste;09079;500000;2000;2026-09-28T00:00:00.000Z;2026-10-04T23:59:59.999Z;
Sailpost;09079;500000;1000;2026-09-28T00:00:00.000Z;2026-10-04T23:59:59.999Z;
Poste;09080;500000;2000;2026-09-28T00:00:00.000Z;2026-10-04T23:59:59.999Z;
Sailpost;09080;500000;6000;2026-09-28T00:00:00.000Z;2026-10-04T23:59:59.999Z;
Poste;09081;500000;2000;2026-09-28T00:00:00.000Z;2026-10-04T23:59:59.999Z;
Sailpost;09081;500000;700;2026-09-28T00:00:00.000Z;2026-10-04T23:59:59.999Z;
Poste;09082;500000;2000;2026-09-28T00:00:00.000Z;2026-10-04T23:59:59.999Z;
Sailpost;09082;500000;1000;2026-09-28T00:00:00.000Z;2026-10-04T23:59:59.999Z;
Poste;09083;500000;2000;2026-09-28T00:00:00.000Z;2026-10-04T23:59:59.999Z;
Sailpost;09083;500000;700;2026-09-28T00:00:00.000Z;2026-10-04T23:59:59.999Z;
Poste;09084;500000;2000;2026-09-28T00:00:00.000Z;2026-10-04T23:59:59.999Z;
Sailpost;09084;500000;300;2026-09-28T00:00:00.000Z;2026-10-04T23:59:59.999Z;
Poste;09085;500000;2000;2026-09-28T00:00:00.000Z;2026-10-04T23:59:59.999Z;
Sailpost;09085;500000;500;2026-09-28T00:00:00.000Z;2026-10-04T23:59:59.999Z;
Poste;09086;500000;2000;2026-09-28T00:00:00.000Z;2026-10-04T23:59:59.999Z;
Sailpost;09086;500000;2300;2026-09-28T00:00:00.000Z;2026-10-04T23:59:59.999Z;
Poste;09088;500000;2000;2026-09-28T00:00:00.000Z;2026-10-04T23:59:59.999Z;
Sailpost;09088;500000;2600;2026-09-28T00:00:00.000Z;2026-10-04T23:59:59.999Z;
Poste;09089;500000;2000;2026-09-28T00:00:00.000Z;2026-10-04T23:59:59.999Z;
Poste;09090;500000;2000;2026-09-28T00:00:00.000Z;2026-10-04T23:59:59.999Z;
Sailpost;09090;500000;10000;2026-09-28T00:00:00.000Z;2026-10-04T23:59:59.999Z;
Poste;09091;500000;2000;2026-09-28T00:00:00.000Z;2026-10-04T23:59:59.999Z;
Sailpost;09091;500000;1100;2026-09-28T00:00:00.000Z;2026-10-04T23:59:59.999Z;
Poste;09092;500000;2000;2026-09-28T00:00:00.000Z;2026-10-04T23:59:59.999Z;
Sailpost;09092;500000;3000;2026-09-28T00:00:00.000Z;2026-10-04T23:59:59.999Z;
Poste;09093;500000;2000;2026-09-28T00:00:00.000Z;2026-10-04T23:59:59.999Z;
Sailpost;09093;500000;600;2026-09-28T00:00:00.000Z;2026-10-04T23:59:59.999Z;
Poste;09094;500000;2000;2026-09-28T00:00:00.000Z;2026-10-04T23:59:59.999Z;
Sailpost;09094;500000;3000;2026-09-28T00:00:00.000Z;2026-10-04T23:59:59.999Z;
Poste;09095;500000;2000;2026-09-28T00:00:00.000Z;2026-10-04T23:59:59.999Z;
Sailpost;09095;500000;3100;2026-09-28T00:00:00.000Z;2026-10-04T23:59:59.999Z;
Poste;09096;500000;2000;2026-09-28T00:00:00.000Z;2026-10-04T23:59:59.999Z;
Sailpost;09096;500000;3100;2026-09-28T00:00:00.000Z;2026-10-04T23:59:59.999Z;
Poste;09097;500000;2000;2026-09-28T00:00:00.000Z;2026-10-04T23:59:59.999Z;
Sailpost;09097;500000;2000;2026-09-28T00:00:00.000Z;2026-10-04T23:59:59.999Z;
Poste;09098;500000;2000;2026-09-28T00:00:00.000Z;2026-10-04T23:59:59.999Z;
Sailpost;09098;500000;6000;2026-09-28T00:00:00.000Z;2026-10-04T23:59:59.999Z;
Poste;09099;500000;2000;2026-09-28T00:00:00.000Z;2026-10-04T23:59:59.999Z;
Sailpost;09099;500000;1500;2026-09-28T00:00:00.000Z;2026-10-04T23:59:59.999Z;
Poste;09170;500000;3000;2026-09-28T00:00:00.000Z;2026-10-04T23:59:59.999Z;
Sailpost;09170;500000;15000;2026-09-28T00:00:00.000Z;2026-10-04T23:59:59.999Z;
Poste;TO;500000;49250;2026-09-28T00:00:00.000Z;2026-10-04T23:59:59.999Z;890,AR,RS
Poste;10010;500000;2000;2026-09-28T00:00:00.000Z;2026-10-04T23:59:59.999Z;
Poste;10011;500000;2000;2026-09-28T00:00:00.000Z;2026-10-04T23:59:59.999Z;
Poste;10012;500000;2000;2026-09-28T00:00:00.000Z;2026-10-04T23:59:59.999Z;
Poste;10013;500000;2000;2026-09-28T00:00:00.000Z;2026-10-04T23:59:59.999Z;
Poste;10014;500000;2000;2026-09-28T00:00:00.000Z;2026-10-04T23:59:59.999Z;
Poste;10015;500000;2000;2026-09-28T00:00:00.000Z;2026-10-04T23:59:59.999Z;
Poste;10016;500000;2000;2026-09-28T00:00:00.000Z;2026-10-04T23:59:59.999Z;
Poste;10017;500000;2000;2026-09-28T00:00:00.000Z;2026-10-04T23:59:59.999Z;
Poste;10018;500000;2000;2026-09-28T00:00:00.000Z;2026-10-04T23:59:59.999Z;
Poste;10019;500000;2000;2026-09-28T00:00:00.000Z;2026-10-04T23:59:59.999Z;
Poste;10020;500000;2000;2026-09-28T00:00:00.000Z;2026-10-04T23:59:59.999Z;
Poste;10022;500000;2000;2026-09-28T00:00:00.000Z;2026-10-04T23:59:59.999Z;
Poste;10023;500000;2000;2026-09-28T00:00:00.000Z;2026-10-04T23:59:59.999Z;
Poste;10024;500000;2000;2026-09-28T00:00:00.000Z;2026-10-04T23:59:59.999Z;
Poste;10025;500000;2000;2026-09-28T00:00:00.000Z;2026-10-04T23:59:59.999Z;
Poste;10026;500000;2000;2026-09-28T00:00:00.000Z;2026-10-04T23:59:59.999Z;
Poste;10028;500000;2000;2026-09-28T00:00:00.000Z;2026-10-04T23:59:59.999Z;
Poste;10029;500000;2000;2026-09-28T00:00:00.000Z;2026-10-04T23:59:59.999Z;
Poste;10030;500000;2000;2026-09-28T00:00:00.000Z;2026-10-04T23:59:59.999Z;
Poste;10031;500000;2000;2026-09-28T00:00:00.000Z;2026-10-04T23:59:59.999Z;
Poste;10032;500000;2000;2026-09-28T00:00:00.000Z;2026-10-04T23:59:59.999Z;
Poste;10034;500000;2000;2026-09-28T00:00:00.000Z;2026-10-04T23:59:59.999Z;
Poste;10035;500000;2000;2026-09-28T00:00:00.000Z;2026-10-04T23:59:59.999Z;
Poste;10036;500000;2000;2026-09-28T00:00:00.000Z;2026-10-04T23:59:59.999Z;
Poste;10037;500000;2000;2026-09-28T00:00:00.000Z;2026-10-04T23:59:59.999Z;
Poste;10038;500000;2000;2026-09-28T00:00:00.000Z;2026-10-04T23:59:59.999Z;
Poste;10039;500000;2000;2026-09-28T00:00:00.000Z;2026-10-04T23:59:59.999Z;
Poste;10040;500000;2000;2026-09-28T00:00:00.000Z;2026-10-04T23:59:59.999Z;
Poste;10041;500000;2000;2026-09-28T00:00:00.000Z;2026-10-04T23:59:59.999Z;
Poste;10042;500000;2000;2026-09-28T00:00:00.000Z;2026-10-04T23:59:59.999Z;
Poste;10043;500000;2000;2026-09-28T00:00:00.000Z;2026-10-04T23:59:59.999Z;
Poste;10044;500000;2000;2026-09-28T00:00:00.000Z;2026-10-04T23:59:59.999Z;
Poste;10045;500000;2000;2026-09-28T00:00:00.000Z;2026-10-04T23:59:59.999Z;
Poste;10046;500000;2000;2026-09-28T00:00:00.000Z;2026-10-04T23:59:59.999Z;
Poste;10048;500000;2000;2026-09-28T00:00:00.000Z;2026-10-04T23:59:59.999Z;
Poste;10050;500000;2000;2026-09-28T00:00:00.000Z;2026-10-04T23:59:59.999Z;
Poste;10051;500000;2000;2026-09-28T00:00:00.000Z;2026-10-04T23:59:59.999Z;
Poste;10052;500000;2000;2026-09-28T00:00:00.000Z;2026-10-04T23:59:59.999Z;
Poste;10053;500000;2000;2026-09-28T00:00:00.000Z;2026-10-04T23:59:59.999Z;
Poste;10054;500000;2000;2026-09-28T00:00:00.000Z;2026-10-04T23:59:59.999Z;
Poste;10055;500000;2000;2026-09-28T00:00:00.000Z;2026-10-04T23:59:59.999Z;
Poste;10056;500000;2000;2026-09-28T00:00:00.000Z;2026-10-04T23:59:59.999Z;
Poste;10057;500000;2000;2026-09-28T00:00:00.000Z;2026-10-04T23:59:59.999Z;
Poste;10058;500000;2000;2026-09-28T00:00:00.000Z;2026-10-04T23:59:59.999Z;
Poste;10059;500000;2000;2026-09-28T00:00:00.000Z;2026-10-04T23:59:59.999Z;
Poste;10060;500000;2000;2026-09-28T00:00:00.000Z;2026-10-04T23:59:59.999Z;
Poste;10061;500000;2000;2026-09-28T00:00:00.000Z;2026-10-04T23:59:59.999Z;
Poste;10062;500000;2000;2026-09-28T00:00:00.000Z;2026-10-04T23:59:59.999Z;
Poste;10063;500000;2000;2026-09-28T00:00:00.000Z;2026-10-04T23:59:59.999Z;
Poste;10064;500000;2000;2026-09-28T00:00:00.000Z;2026-10-04T23:59:59.999Z;
Poste;10065;500000;2000;2026-09-28T00:00:00.000Z;2026-10-04T23:59:59.999Z;
Poste;10066;500000;2000;2026-09-28T00:00:00.000Z;2026-10-04T23:59:59.999Z;
Poste;10067;500000;2000;2026-09-28T00:00:00.000Z;2026-10-04T23:59:59.999Z;
Poste;10068;500000;2000;2026-09-28T00:00:00.000Z;2026-10-04T23:59:59.999Z;
Poste;10069;500000;2000;2026-09-28T00:00:00.000Z;2026-10-04T23:59:59.999Z;
Poste;10070;500000;2000;2026-09-28T00:00:00.000Z;2026-10-04T23:59:59.999Z;
Poste;10071;500000;2000;2026-09-28T00:00:00.000Z;2026-10-04T23:59:59.999Z;
Poste;10072;500000;2000;2026-09-28T00:00:00.000Z;2026-10-04T23:59:59.999Z;
Poste;10073;500000;2000;2026-09-28T00:00:00.000Z;2026-10-04T23:59:59.999Z;
Poste;10074;500000;2000;2026-09-28T00:00:00.000Z;2026-10-04T23:59:59.999Z;
Poste;10075;500000;2000;2026-09-28T00:00:00.000Z;2026-10-04T23:59:59.999Z;
Poste;10076;500000;2000;2026-09-28T00:00:00.000Z;2026-10-04T23:59:59.999Z;
Poste;10077;500000;2000;2026-09-28T00:00:00.000Z;2026-10-04T23:59:59.999Z;
Poste;10078;500000;2000;2026-09-28T00:00:00.000Z;2026-10-04T23:59:59.999Z;
Poste;10079;500000;2000;2026-09-28T00:00:00.000Z;2026-10-04T23:59:59.999Z;
Poste;10080;500000;2000;2026-09-28T00:00:00.000Z;2026-10-04T23:59:59.999Z;
Poste;10081;500000;2000;2026-09-28T00:00:00.000Z;2026-10-04T23:59:59.999Z;
Poste;10082;500000;2000;2026-09-28T00:00:00.000Z;2026-10-04T23:59:59.999Z;
Poste;10083;500000;2000;2026-09-28T00:00:00.000Z;2026-10-04T23:59:59.999Z;
Poste;10084;500000;2000;2026-09-28T00:00:00.000Z;2026-10-04T23:59:59.999Z;
Poste;10085;500000;2000;2026-09-28T00:00:00.000Z;2026-10-04T23:59:59.999Z;
Poste;10086;500000;2000;2026-09-28T00:00:00.000Z;2026-10-04T23:59:59.999Z;
Poste;10087;500000;2000;2026-09-28T00:00:00.000Z;2026-10-04T23:59:59.999Z;
Poste;10088;500000;2000;2026-09-28T00:00:00.000Z;2026-10-04T23:59:59.999Z;
Poste;10089;500000;2000;2026-09-28T00:00:00.000Z;2026-10-04T23:59:59.999Z;
Poste;10090;500000;2000;2026-09-28T00:00:00.000Z;2026-10-04T23:59:59.999Z;
Poste;10091;500000;2000;2026-09-28T00:00:00.000Z;2026-10-04T23:59:59.999Z;
Poste;10092;500000;2000;2026-09-28T00:00:00.000Z;2026-10-04T23:59:59.999Z;
Poste;10093;500000;2000;2026-09-28T00:00:00.000Z;2026-10-04T23:59:59.999Z;
Poste;10094;500000;2000;2026-09-28T00:00:00.000Z;2026-10-04T23:59:59.999Z;
Poste;10095;500000;2000;2026-09-28T00:00:00.000Z;2026-10-04T23:59:59.999Z;
Poste;10098;500000;2000;2026-09-28T00:00:00.000Z;2026-10-04T23:59:59.999Z;
Poste;10099;500000;2000;2026-09-28T00:00:00.000Z;2026-10-04T23:59:59.999Z;
Poste;10121;500000;4000;2026-09-28T00:00:00.000Z;2026-10-04T23:59:59.999Z;
Poste;10122;500000;4000;2026-09-28T00:00:00.000Z;2026-10-04T23:59:59.999Z;
Poste;10123;500000;4000;2026-09-28T00:00:00.000Z;2026-10-04T23:59:59.999Z;
Poste;10124;500000;4000;2026-09-28T00:00:00.000Z;2026-10-04T23:59:59.999Z;
Poste;10125;500000;4000;2026-09-28T00:00:00.000Z;2026-10-04T23:59:59.999Z;
Poste;10126;500000;4000;2026-09-28T00:00:00.000Z;2026-10-04T23:59:59.999Z;
Poste;10127;500000;4000;2026-09-28T00:00:00.000Z;2026-10-04T23:59:59.999Z;
Poste;10128;500000;4000;2026-09-28T00:00:00.000Z;2026-10-04T23:59:59.999Z;
Poste;10129;500000;4000;2026-09-28T00:00:00.000Z;2026-10-04T23:59:59.999Z;
Poste;10131;500000;4000;2026-09-28T00:00:00.000Z;2026-10-04T23:59:59.999Z;
Poste;10132;500000;4000;2026-09-28T00:00:00.000Z;2026-10-04T23:59:59.999Z;
Poste;10133;500000;4000;2026-09-28T00:00:00.000Z;2026-10-04T23:59:59.999Z;
Poste;10134;500000;4000;2026-09-28T00:00:00.000Z;2026-10-04T23:59:59.999Z;
Poste;10135;500000;4000;2026-09-28T00:00:00.000Z;2026-10-04T23:59:59.999Z;
Poste;10136;500000;4000;2026-09-28T00:00:00.000Z;2026-10-04T23:59:59.999Z;
Poste;10137;500000;4000;2026-09-28T00:00:00.000Z;2026-10-04T23:59:59.999Z;
Poste;10138;500000;4000;2026-09-28T00:00:00.000Z;2026-10-04T23:59:59.999Z;
Poste;10139;500000;4000;2026-09-28T00:00:00.000Z;2026-10-04T23:59:59.999Z;
Poste;10141;500000;4000;2026-09-28T00:00:00.000Z;2026-10-04T23:59:59.999Z;
Poste;10142;500000;4000;2026-09-28T00:00:00.000Z;2026-10-04T23:59:59.999Z;
Poste;10143;500000;4000;2026-09-28T00:00:00.000Z;2026-10-04T23:59:59.999Z;
Poste;10144;500000;4000;2026-09-28T00:00:00.000Z;2026-10-04T23:59:59.999Z;
Poste;10145;500000;4000;2026-09-28T00:00:00.000Z;2026-10-04T23:59:59.999Z;
Poste;10146;500000;4000;2026-09-28T00:00:00.000Z;2026-10-04T23:59:59.999Z;
Poste;10147;500000;4000;2026-09-28T00:00:00.000Z;2026-10-04T23:59:59.999Z;
Poste;10148;500000;4000;2026-09-28T00:00:00.000Z;2026-10-04T23:59:59.999Z;
Poste;10149;500000;4000;2026-09-28T00:00:00.000Z;2026-10-04T23:59:59.999Z;
Poste;10151;500000;4000;2026-09-28T00:00:00.000Z;2026-10-04T23:59:59.999Z;
Poste;10152;500000;4000;2026-09-28T00:00:00.000Z;2026-10-04T23:59:59.999Z;
Poste;10153;500000;4000;2026-09-28T00:00:00.000Z;2026-10-04T23:59:59.999Z;
Poste;10154;500000;4000;2026-09-28T00:00:00.000Z;2026-10-04T23:59:59.999Z;
Poste;10155;500000;4000;2026-09-28T00:00:00.000Z;2026-10-04T23:59:59.999Z;
Poste;10156;500000;4000;2026-09-28T00:00:00.000Z;2026-10-04T23:59:59.999Z;
Poste;AO;500000;6000;2026-09-28T00:00:00.000Z;2026-10-04T23:59:59.999Z;890,AR,RS
Poste;11010;500000;2000;2026-09-28T00:00:00.000Z;2026-10-04T23:59:59.999Z;
Poste;11011;500000;2000;2026-09-28T00:00:00.000Z;2026-10-04T23:59:59.999Z;
Poste;11012;500000;2000;2026-09-28T00:00:00.000Z;2026-10-04T23:59:59.999Z;
Poste;11013;500000;2000;2026-09-28T00:00:00.000Z;2026-10-04T23:59:59.999Z;
Poste;11014;500000;2000;2026-09-28T00:00:00.000Z;2026-10-04T23:59:59.999Z;
Poste;11015;500000;2000;2026-09-28T00:00:00.000Z;2026-10-04T23:59:59.999Z;
Poste;11016;500000;2000;2026-09-28T00:00:00.000Z;2026-10-04T23:59:59.999Z;
Poste;11017;500000;2000;2026-09-28T00:00:00.000Z;2026-10-04T23:59:59.999Z;
Poste;11018;500000;2000;2026-09-28T00:00:00.000Z;2026-10-04T23:59:59.999Z;
Poste;11020;500000;2000;2026-09-28T00:00:00.000Z;2026-10-04T23:59:59.999Z;
Poste;11021;500000;2000;2026-09-28T00:00:00.000Z;2026-10-04T23:59:59.999Z;
Poste;11022;500000;2000;2026-09-28T00:00:00.000Z;2026-10-04T23:59:59.999Z;
Poste;11023;500000;2000;2026-09-28T00:00:00.000Z;2026-10-04T23:59:59.999Z;
Poste;11024;500000;2000;2026-09-28T00:00:00.000Z;2026-10-04T23:59:59.999Z;
Poste;11025;500000;2000;2026-09-28T00:00:00.000Z;2026-10-04T23:59:59.999Z;
Poste;11026;500000;2000;2026-09-28T00:00:00.000Z;2026-10-04T23:59:59.999Z;
Poste;11027;500000;2000;2026-09-28T00:00:00.000Z;2026-10-04T23:59:59.999Z;
Poste;11028;500000;2000;2026-09-28T00:00:00.000Z;2026-10-04T23:59:59.999Z;
Poste;11029;500000;2000;2026-09-28T00:00:00.000Z;2026-10-04T23:59:59.999Z;
Poste;11100;500000;3000;2026-09-28T00:00:00.000Z;2026-10-04T23:59:59.999Z;
Poste;CN;500000;13750;2026-09-28T00:00:00.000Z;2026-10-04T23:59:59.999Z;890,AR,RS
Poste;12010;500000;2000;2026-09-28T00:00:00.000Z;2026-10-04T23:59:59.999Z;
Poste;12011;500000;2000;2026-09-28T00:00:00.000Z;2026-10-04T23:59:59.999Z;
Poste;12012;500000;2000;2026-09-28T00:00:00.000Z;2026-10-04T23:59:59.999Z;
Poste;12013;500000;2000;2026-09-28T00:00:00.000Z;2026-10-04T23:59:59.999Z;
Poste;12014;500000;2000;2026-09-28T00:00:00.000Z;2026-10-04T23:59:59.999Z;
Poste;12015;500000;2000;2026-09-28T00:00:00.000Z;2026-10-04T23:59:59.999Z;
Poste;12016;500000;2000;2026-09-28T00:00:00.000Z;2026-10-04T23:59:59.999Z;
Poste;12017;500000;2000;2026-09-28T00:00:00.000Z;2026-10-04T23:59:59.999Z;
Poste;12018;500000;2000;2026-09-28T00:00:00.000Z;2026-10-04T23:59:59.999Z;
Poste;12019;500000;2000;2026-09-28T00:00:00.000Z;2026-10-04T23:59:59.999Z;
Poste;12020;500000;2000;2026-09-28T00:00:00.000Z;2026-10-04T23:59:59.999Z;
Poste;12021;500000;2000;2026-09-28T00:00:00.000Z;2026-10-04T23:59:59.999Z;
Poste;12022;500000;2000;2026-09-28T00:00:00.000Z;2026-10-04T23:59:59.999Z;
Poste;12023;500000;2000;2026-09-28T00:00:00.000Z;2026-10-04T23:59:59.999Z;
Poste;12024;500000;2000;2026-09-28T00:00:00.000Z;2026-10-04T23:59:59.999Z;
Poste;12025;500000;2000;2026-09-28T00:00:00.000Z;2026-10-04T23:59:59.999Z;
Poste;12026;500000;2000;2026-09-28T00:00:00.000Z;2026-10-04T23:59:59.999Z;
Poste;12027;500000;2000;2026-09-28T00:00:00.000Z;2026-10-04T23:59:59.999Z;
Poste;12028;500000;2000;2026-09-28T00:00:00.000Z;2026-10-04T23:59:59.999Z;
Poste;12029;500000;2000;2026-09-28T00:00:00.000Z;2026-10-04T23:59:59.999Z;
Poste;12030;500000;2000;2026-09-28T00:00:00.000Z;2026-10-04T23:59:59.999Z;
Poste;12031;500000;2000;2026-09-28T00:00:00.000Z;2026-10-04T23:59:59.999Z;
Poste;12032;500000;2000;2026-09-28T00:00:00.000Z;2026-10-04T23:59:59.999Z;
Poste;12033;500000;2000;2026-09-28T00:00:00.000Z;2026-10-04T23:59:59.999Z;
Poste;12034;500000;2000;2026-09-28T00:00:00.000Z;2026-10-04T23:59:59.999Z;
Poste;12035;500000;2000;2026-09-28T00:00:00.000Z;2026-10-04T23:59:59.999Z;
Poste;12036;500000;2000;2026-09-28T00:00:00.000Z;2026-10-04T23:59:59.999Z;
Poste;12037;500000;2000;2026-09-28T00:00:00.000Z;2026-10-04T23:59:59.999Z;
Poste;12038;500000;2000;2026-09-28T00:00:00.000Z;2026-10-04T23:59:59.999Z;
Poste;12039;500000;2000;2026-09-28T00:00:00.000Z;2026-10-04T23:59:59.999Z;
Poste;12040;500000;2000;2026-09-28T00:00:00.000Z;2026-10-04T23:59:59.999Z;
Poste;12041;500000;2000;2026-09-28T00:00:00.000Z;2026-10-04T23:59:59.999Z;
Poste;12042;500000;2000;2026-09-28T00:00:00.000Z;2026-10-04T23:59:59.999Z;
Poste;12043;500000;2000;2026-09-28T00:00:00.000Z;2026-10-04T23:59:59.999Z;
Poste;12044;500000;2000;2026-09-28T00:00:00.000Z;2026-10-04T23:59:59.999Z;
Poste;12045;500000;2000;2026-09-28T00:00:00.000Z;2026-10-04T23:59:59.999Z;
Poste;12046;500000;2000;2026-09-28T00:00:00.000Z;2026-10-04T23:59:59.999Z;
Poste;12047;500000;2000;2026-09-28T00:00:00.000Z;2026-10-04T23:59:59.999Z;
Poste;12048;500000;2000;2026-09-28T00:00:00.000Z;2026-10-04T23:59:59.999Z;
Poste;12049;500000;2000;2026-09-28T00:00:00.000Z;2026-10-04T23:59:59.999Z;
Poste;12050;500000;2000;2026-09-28T00:00:00.000Z;2026-10-04T23:59:59.999Z;
Poste;12051;500000;2000;2026-09-28T00:00:00.000Z;2026-10-04T23:59:59.999Z;
Poste;12052;500000;2000;2026-09-28T00:00:00.000Z;2026-10-04T23:59:59.999Z;
Poste;12053;500000;2000;2026-09-28T00:00:00.000Z;2026-10-04T23:59:59.999Z;
Poste;12054;500000;2000;2026-09-28T00:00:00.000Z;2026-10-04T23:59:59.999Z;
Poste;12055;500000;2000;2026-09-28T00:00:00.000Z;2026-10-04T23:59:59.999Z;
Poste;12056;500000;2000;2026-09-28T00:00:00.000Z;2026-10-04T23:59:59.999Z;
Poste;12058;500000;2000;2026-09-28T00:00:00.000Z;2026-10-04T23:59:59.999Z;
Poste;12060;500000;2000;2026-09-28T00:00:00.000Z;2026-10-04T23:59:59.999Z;
Poste;12061;500000;2000;2026-09-28T00:00:00.000Z;2026-10-04T23:59:59.999Z;
Poste;12062;500000;2000;2026-09-28T00:00:00.000Z;2026-10-04T23:59:59.999Z;
Poste;12063;500000;2000;2026-09-28T00:00:00.000Z;2026-10-04T23:59:59.999Z;
Poste;12064;500000;2000;2026-09-28T00:00:00.000Z;2026-10-04T23:59:59.999Z;
Poste;12065;500000;2000;2026-09-28T00:00:00.000Z;2026-10-04T23:59:59.999Z;
Poste;12066;500000;2000;2026-09-28T00:00:00.000Z;2026-10-04T23:59:59.999Z;
Poste;12068;500000;2000;2026-09-28T00:00:00.000Z;2026-10-04T23:59:59.999Z;
Poste;12069;500000;2000;2026-09-28T00:00:00.000Z;2026-10-04T23:59:59.999Z;
Poste;12070;500000;2000;2026-09-28T00:00:00.000Z;2026-10-04T23:59:59.999Z;
Poste;12071;500000;2000;2026-09-28T00:00:00.000Z;2026-10-04T23:59:59.999Z;
Poste;12072;500000;2000;2026-09-28T00:00:00.000Z;2026-10-04T23:59:59.999Z;
Poste;12073;500000;2000;2026-09-28T00:00:00.000Z;2026-10-04T23:59:59.999Z;
Poste;12074;500000;2000;2026-09-28T00:00:00.000Z;2026-10-04T23:59:59.999Z;
Poste;12075;500000;2000;2026-09-28T00:00:00.000Z;2026-10-04T23:59:59.999Z;
Poste;12076;500000;2000;2026-09-28T00:00:00.000Z;2026-10-04T23:59:59.999Z;
Poste;12077;500000;2000;2026-09-28T00:00:00.000Z;2026-10-04T23:59:59.999Z;
Poste;12078;500000;2000;2026-09-28T00:00:00.000Z;2026-10-04T23:59:59.999Z;
Poste;12079;500000;2000;2026-09-28T00:00:00.000Z;2026-10-04T23:59:59.999Z;
Poste;12080;500000;2000;2026-09-28T00:00:00.000Z;2026-10-04T23:59:59.999Z;
Poste;12081;500000;2000;2026-09-28T00:00:00.000Z;2026-10-04T23:59:59.999Z;
Poste;12082;500000;2000;2026-09-28T00:00:00.000Z;2026-10-04T23:59:59.999Z;
Poste;12083;500000;2000;2026-09-28T00:00:00.000Z;2026-10-04T23:59:59.999Z;
Poste;12084;500000;2000;2026-09-28T00:00:00.000Z;2026-10-04T23:59:59.999Z;
Poste;12087;500000;2000;2026-09-28T00:00:00.000Z;2026-10-04T23:59:59.999Z;
Poste;12088;500000;2000;2026-09-28T00:00:00.000Z;2026-10-04T23:59:59.999Z;
Poste;12089;500000;2000;2026-09-28T00:00:00.000Z;2026-10-04T23:59:59.999Z;
Poste;12100;500000;3000;2026-09-28T00:00:00.000Z;2026-10-04T23:59:59.999Z;
Poste;18025;500000;2000;2026-09-28T00:00:00.000Z;2026-10-04T23:59:59.999Z;
Poste;VC;500000;4000;2026-09-28T00:00:00.000Z;2026-10-04T23:59:59.999Z;890,AR,RS
Poste;13010;500000;2000;2026-09-28T00:00:00.000Z;2026-10-04T23:59:59.999Z;
Poste;13011;500000;2000;2026-09-28T00:00:00.000Z;2026-10-04T23:59:59.999Z;
Poste;13012;500000;2000;2026-09-28T00:00:00.000Z;2026-10-04T23:59:59.999Z;
Poste;13017;500000;2000;2026-09-28T00:00:00.000Z;2026-10-04T23:59:59.999Z;
Poste;13018;500000;2000;2026-09-28T00:00:00.000Z;2026-10-04T23:59:59.999Z;
Poste;13019;500000;2000;2026-09-28T00:00:00.000Z;2026-10-04T23:59:59.999Z;
Poste;13020;500000;2000;2026-09-28T00:00:00.000Z;2026-10-04T23:59:59.999Z;
Poste;13021;500000;2000;2026-09-28T00:00:00.000Z;2026-10-04T23:59:59.999Z;
Poste;13022;500000;2000;2026-09-28T00:00:00.000Z;2026-10-04T23:59:59.999Z;
Poste;13023;500000;2000;2026-09-28T00:00:00.000Z;2026-10-04T23:59:59.999Z;
Poste;13024;500000;2000;2026-09-28T00:00:00.000Z;2026-10-04T23:59:59.999Z;
Poste;13025;500000;2000;2026-09-28T00:00:00.000Z;2026-10-04T23:59:59.999Z;
Poste;13026;500000;2000;2026-09-28T00:00:00.000Z;2026-10-04T23:59:59.999Z;
Poste;13027;500000;2000;2026-09-28T00:00:00.000Z;2026-10-04T23:59:59.999Z;
Poste;13028;500000;2000;2026-09-28T00:00:00.000Z;2026-10-04T23:59:59.999Z;
Poste;13029;500000;2000;2026-09-28T00:00:00.000Z;2026-10-04T23:59:59.999Z;
Poste;13030;500000;2000;2026-09-28T00:00:00.000Z;2026-10-04T23:59:59.999Z;
Poste;13031;500000;2000;2026-09-28T00:00:00.000Z;2026-10-04T23:59:59.999Z;
Poste;13032;500000;2000;2026-09-28T00:00:00.000Z;2026-10-04T23:59:59.999Z;
Poste;13033;500000;2000;2026-09-28T00:00:00.000Z;2026-10-04T23:59:59.999Z;
Poste;13034;500000;2000;2026-09-28T00:00:00.000Z;2026-10-04T23:59:59.999Z;
Poste;13035;500000;2000;2026-09-28T00:00:00.000Z;2026-10-04T23:59:59.999Z;
Poste;13036;500000;2000;2026-09-28T00:00:00.000Z;2026-10-04T23:59:59.999Z;
Poste;13037;500000;2000;2026-09-28T00:00:00.000Z;2026-10-04T23:59:59.999Z;
Poste;13038;500000;2000;2026-09-28T00:00:00.000Z;2026-10-04T23:59:59.999Z;
Poste;13039;500000;2000;2026-09-28T00:00:00.000Z;2026-10-04T23:59:59.999Z;
Poste;13040;500000;2000;2026-09-28T00:00:00.000Z;2026-10-04T23:59:59.999Z;
Poste;13041;500000;2000;2026-09-28T00:00:00.000Z;2026-10-04T23:59:59.999Z;
Poste;13043;500000;2000;2026-09-28T00:00:00.000Z;2026-10-04T23:59:59.999Z;
Poste;13044;500000;2000;2026-09-28T00:00:00.000Z;2026-10-04T23:59:59.999Z;
Poste;13045;500000;2000;2026-09-28T00:00:00.000Z;2026-10-04T23:59:59.999Z;
Poste;13046;500000;2000;2026-09-28T00:00:00.000Z;2026-10-04T23:59:59.999Z;
Poste;13047;500000;2000;2026-09-28T00:00:00.000Z;2026-10-04T23:59:59.999Z;
Poste;13048;500000;2000;2026-09-28T00:00:00.000Z;2026-10-04T23:59:59.999Z;
Poste;13049;500000;2000;2026-09-28T00:00:00.000Z;2026-10-04T23:59:59.999Z;
Poste;13060;500000;2000;2026-09-28T00:00:00.000Z;2026-10-04T23:59:59.999Z;
Poste;13100;500000;3000;2026-09-28T00:00:00.000Z;2026-10-04T23:59:59.999Z;
Poste;BI;500000;3700;2026-09-28T00:00:00.000Z;2026-10-04T23:59:59.999Z;890,AR,RS
Poste;13811;500000;2000;2026-09-28T00:00:00.000Z;2026-10-04T23:59:59.999Z;
Poste;13812;500000;2000;2026-09-28T00:00:00.000Z;2026-10-04T23:59:59.999Z;
Poste;13814;500000;2000;2026-09-28T00:00:00.000Z;2026-10-04T23:59:59.999Z;
Poste;13815;500000;2000;2026-09-28T00:00:00.000Z;2026-10-04T23:59:59.999Z;
Poste;13816;500000;2000;2026-09-28T00:00:00.000Z;2026-10-04T23:59:59.999Z;
Poste;13817;500000;2000;2026-09-28T00:00:00.000Z;2026-10-04T23:59:59.999Z;
Poste;13818;500000;2000;2026-09-28T00:00:00.000Z;2026-10-04T23:59:59.999Z;
Poste;13821;500000;2000;2026-09-28T00:00:00.000Z;2026-10-04T23:59:59.999Z;
Poste;13823;500000;2000;2026-09-28T00:00:00.000Z;2026-10-04T23:59:59.999Z;
Poste;13824;500000;2000;2026-09-28T00:00:00.000Z;2026-10-04T23:59:59.999Z;
Poste;13831;500000;2000;2026-09-28T00:00:00.000Z;2026-10-04T23:59:59.999Z;
Poste;13833;500000;2000;2026-09-28T00:00:00.000Z;2026-10-04T23:59:59.999Z;
Poste;13835;500000;2000;2026-09-28T00:00:00.000Z;2026-10-04T23:59:59.999Z;
Poste;13836;500000;2000;2026-09-28T00:00:00.000Z;2026-10-04T23:59:59.999Z;
Poste;13841;500000;2000;2026-09-28T00:00:00.000Z;2026-10-04T23:59:59.999Z;
Poste;13843;500000;2000;2026-09-28T00:00:00.000Z;2026-10-04T23:59:59.999Z;
Poste;13844;500000;2000;2026-09-28T00:00:00.000Z;2026-10-04T23:59:59.999Z;
Poste;13845;500000;2000;2026-09-28T00:00:00.000Z;2026-10-04T23:59:59.999Z;
Poste;13847;500000;2000;2026-09-28T00:00:00.000Z;2026-10-04T23:59:59.999Z;
Poste;13848;500000;2000;2026-09-28T00:00:00.000Z;2026-10-04T23:59:59.999Z;
Poste;13851;500000;2000;2026-09-28T00:00:00.000Z;2026-10-04T23:59:59.999Z;
Poste;13853;500000;2000;2026-09-28T00:00:00.000Z;2026-10-04T23:59:59.999Z;
Poste;13854;500000;2000;2026-09-28T00:00:00.000Z;2026-10-04T23:59:59.999Z;
Poste;13855;500000;2000;2026-09-28T00:00:00.000Z;2026-10-04T23:59:59.999Z;
Poste;13856;500000;2000;2026-09-28T00:00:00.000Z;2026-10-04T23:59:59.999Z;
Poste;13861;500000;2000;2026-09-28T00:00:00.000Z;2026-10-04T23:59:59.999Z;
Poste;13862;500000;2000;2026-09-28T00:00:00.000Z;2026-10-04T23:59:59.999Z;
Poste;13863;500000;2000;2026-09-28T00:00:00.000Z;2026-10-04T23:59:59.999Z;
Poste;13864;500000;2000;2026-09-28T00:00:00.000Z;2026-10-04T23:59:59.999Z;
Poste;13865;500000;2000;2026-09-28T00:00:00.000Z;2026-10-04T23:59:59.999Z;
Poste;13866;500000;2000;2026-09-28T00:00:00.000Z;2026-10-04T23:59:59.999Z;
Poste;13867;500000;2000;2026-09-28T00:00:00.000Z;2026-10-04T23:59:59.999Z;
Poste;13868;500000;2000;2026-09-28T00:00:00.000Z;2026-10-04T23:59:59.999Z;
Poste;13871;500000;2000;2026-09-28T00:00:00.000Z;2026-10-04T23:59:59.999Z;
Poste;13872;500000;2000;2026-09-28T00:00:00.000Z;2026-10-04T23:59:59.999Z;
Poste;13873;500000;2000;2026-09-28T00:00:00.000Z;2026-10-04T23:59:59.999Z;
Poste;13874;500000;2000;2026-09-28T00:00:00.000Z;2026-10-04T23:59:59.999Z;
Poste;13875;500000;2000;2026-09-28T00:00:00.000Z;2026-10-04T23:59:59.999Z;
Poste;13876;500000;2000;2026-09-28T00:00:00.000Z;2026-10-04T23:59:59.999Z;
Poste;13877;500000;2000;2026-09-28T00:00:00.000Z;2026-10-04T23:59:59.999Z;
Poste;13878;500000;2000;2026-09-28T00:00:00.000Z;2026-10-04T23:59:59.999Z;
Poste;13881;500000;2000;2026-09-28T00:00:00.000Z;2026-10-04T23:59:59.999Z;
Poste;13882;500000;2000;2026-09-28T00:00:00.000Z;2026-10-04T23:59:59.999Z;
Poste;13883;500000;2000;2026-09-28T00:00:00.000Z;2026-10-04T23:59:59.999Z;
Poste;13884;500000;2000;2026-09-28T00:00:00.000Z;2026-10-04T23:59:59.999Z;
Poste;13885;500000;2000;2026-09-28T00:00:00.000Z;2026-10-04T23:59:59.999Z;
Poste;13886;500000;2000;2026-09-28T00:00:00.000Z;2026-10-04T23:59:59.999Z;
Poste;13887;500000;2000;2026-09-28T00:00:00.000Z;2026-10-04T23:59:59.999Z;
Poste;13888;500000;2000;2026-09-28T00:00:00.000Z;2026-10-04T23:59:59.999Z;
Poste;13891;500000;2000;2026-09-28T00:00:00.000Z;2026-10-04T23:59:59.999Z;
Poste;13893;500000;2000;2026-09-28T00:00:00.000Z;2026-10-04T23:59:59.999Z;
Poste;13894;500000;2000;2026-09-28T00:00:00.000Z;2026-10-04T23:59:59.999Z;
Poste;13895;500000;2000;2026-09-28T00:00:00.000Z;2026-10-04T23:59:59.999Z;
Poste;13896;500000;2000;2026-09-28T00:00:00.000Z;2026-10-04T23:59:59.999Z;
Poste;13897;500000;2000;2026-09-28T00:00:00.000Z;2026-10-04T23:59:59.999Z;
Poste;13898;500000;2000;2026-09-28T00:00:00.000Z;2026-10-04T23:59:59.999Z;
Poste;13899;500000;2000;2026-09-28T00:00:00.000Z;2026-10-04T23:59:59.999Z;
Poste;13900;500000;3000;2026-09-28T00:00:00.000Z;2026-10-04T23:59:59.999Z;
Poste;AT;500000;6100;2026-09-28T00:00:00.000Z;2026-10-04T23:59:59.999Z;890,AR,RS
Poste;14010;500000;2000;2026-09-28T00:00:00.000Z;2026-10-04T23:59:59.999Z;
Poste;14011;500000;2000;2026-09-28T00:00:00.000Z;2026-10-04T23:59:59.999Z;
Poste;14012;500000;2000;2026-09-28T00:00:00.000Z;2026-10-04T23:59:59.999Z;
Poste;14013;500000;2000;2026-09-28T00:00:00.000Z;2026-10-04T23:59:59.999Z;
Poste;14014;500000;2000;2026-09-28T00:00:00.000Z;2026-10-04T23:59:59.999Z;
Poste;14015;500000;2000;2026-09-28T00:00:00.000Z;2026-10-04T23:59:59.999Z;
Poste;14016;500000;2000;2026-09-28T00:00:00.000Z;2026-10-04T23:59:59.999Z;
Poste;14017;500000;2000;2026-09-28T00:00:00.000Z;2026-10-04T23:59:59.999Z;
Poste;14018;500000;2000;2026-09-28T00:00:00.000Z;2026-10-04T23:59:59.999Z;
Poste;14019;500000;2000;2026-09-28T00:00:00.000Z;2026-10-04T23:59:59.999Z;
Poste;14020;500000;2000;2026-09-28T00:00:00.000Z;2026-10-04T23:59:59.999Z;
Poste;14021;500000;2000;2026-09-28T00:00:00.000Z;2026-10-04T23:59:59.999Z;
Poste;14022;500000;2000;2026-09-28T00:00:00.000Z;2026-10-04T23:59:59.999Z;
Poste;14023;500000;2000;2026-09-28T00:00:00.000Z;2026-10-04T23:59:59.999Z;
Poste;14024;500000;2000;2026-09-28T00:00:00.000Z;2026-10-04T23:59:59.999Z;
Poste;14025;500000;2000;2026-09-28T00:00:00.000Z;2026-10-04T23:59:59.999Z;
Poste;14026;500000;2000;2026-09-28T00:00:00.000Z;2026-10-04T23:59:59.999Z;
Poste;14027;500000;2000;2026-09-28T00:00:00.000Z;2026-10-04T23:59:59.999Z;
Poste;14030;500000;2000;2026-09-28T00:00:00.000Z;2026-10-04T23:59:59.999Z;
Poste;14031;500000;2000;2026-09-28T00:00:00.000Z;2026-10-04T23:59:59.999Z;
Poste;14032;500000;2000;2026-09-28T00:00:00.000Z;2026-10-04T23:59:59.999Z;
Poste;14033;500000;2000;2026-09-28T00:00:00.000Z;2026-10-04T23:59:59.999Z;
Poste;14034;500000;2000;2026-09-28T00:00:00.000Z;2026-10-04T23:59:59.999Z;
Poste;14035;500000;2000;2026-09-28T00:00:00.000Z;2026-10-04T23:59:59.999Z;
Poste;14036;500000;2000;2026-09-28T00:00:00.000Z;2026-10-04T23:59:59.999Z;
Poste;14037;500000;2000;2026-09-28T00:00:00.000Z;2026-10-04T23:59:59.999Z;
Poste;14039;500000;2000;2026-09-28T00:00:00.000Z;2026-10-04T23:59:59.999Z;
Poste;14040;500000;2000;2026-09-28T00:00:00.000Z;2026-10-04T23:59:59.999Z;
Poste;14041;500000;2000;2026-09-28T00:00:00.000Z;2026-10-04T23:59:59.999Z;
Poste;14042;500000;2000;2026-09-28T00:00:00.000Z;2026-10-04T23:59:59.999Z;
Poste;14043;500000;2000;2026-09-28T00:00:00.000Z;2026-10-04T23:59:59.999Z;
Poste;14044;500000;2000;2026-09-28T00:00:00.000Z;2026-10-04T23:59:59.999Z;
Poste;14045;500000;2000;2026-09-28T00:00:00.000Z;2026-10-04T23:59:59.999Z;
Poste;14046;500000;2000;2026-09-28T00:00:00.000Z;2026-10-04T23:59:59.999Z;
Poste;14047;500000;2000;2026-09-28T00:00:00.000Z;2026-10-04T23:59:59.999Z;
Poste;14048;500000;2000;2026-09-28T00:00:00.000Z;2026-10-04T23:59:59.999Z;
Poste;14049;500000;2000;2026-09-28T00:00:00.000Z;2026-10-04T23:59:59.999Z;
Poste;14050;500000;2000;2026-09-28T00:00:00.000Z;2026-10-04T23:59:59.999Z;
Poste;14051;500000;2000;2026-09-28T00:00:00.000Z;2026-10-04T23:59:59.999Z;
Poste;14052;500000;2000;2026-09-28T00:00:00.000Z;2026-10-04T23:59:59.999Z;
Poste;14053;500000;2000;2026-09-28T00:00:00.000Z;2026-10-04T23:59:59.999Z;
Poste;14054;500000;2000;2026-09-28T00:00:00.000Z;2026-10-04T23:59:59.999Z;
Poste;14055;500000;2000;2026-09-28T00:00:00.000Z;2026-10-04T23:59:59.999Z;
Poste;14057;500000;2000;2026-09-28T00:00:00.000Z;2026-10-04T23:59:59.999Z;
Poste;14058;500000;2000;2026-09-28T00:00:00.000Z;2026-10-04T23:59:59.999Z;
Poste;14059;500000;2000;2026-09-28T00:00:00.000Z;2026-10-04T23:59:59.999Z;
Poste;14100;500000;3000;2026-09-28T00:00:00.000Z;2026-10-04T23:59:59.999Z;
Poste;AL;500000;11000;2026-09-28T00:00:00.000Z;2026-10-04T23:59:59.999Z;890,AR,RS
Poste;15010;500000;2000;2026-09-28T00:00:00.000Z;2026-10-04T23:59:59.999Z;
Poste;15011;500000;2000;2026-09-28T00:00:00.000Z;2026-10-04T23:59:59.999Z;
Poste;15012;500000;2000;2026-09-28T00:00:00.000Z;2026-10-04T23:59:59.999Z;
Poste;15013;500000;2000;2026-09-28T00:00:00.000Z;2026-10-04T23:59:59.999Z;
Poste;15015;500000;2000;2026-09-28T00:00:00.000Z;2026-10-04T23:59:59.999Z;
Poste;15016;500000;2000;2026-09-28T00:00:00.000Z;2026-10-04T23:59:59.999Z;
Poste;15017;500000;2000;2026-09-28T00:00:00.000Z;2026-10-04T23:59:59.999Z;
Poste;15018;500000;2000;2026-09-28T00:00:00.000Z;2026-10-04T23:59:59.999Z;
Poste;15019;500000;2000;2026-09-28T00:00:00.000Z;2026-10-04T23:59:59.999Z;
Poste;15020;500000;2000;2026-09-28T00:00:00.000Z;2026-10-04T23:59:59.999Z;
Poste;15021;500000;2000;2026-09-28T00:00:00.000Z;2026-10-04T23:59:59.999Z;
Poste;15022;500000;2000;2026-09-28T00:00:00.000Z;2026-10-04T23:59:59.999Z;
Poste;15023;500000;2000;2026-09-28T00:00:00.000Z;2026-10-04T23:59:59.999Z;
Poste;15024;500000;2000;2026-09-28T00:00:00.000Z;2026-10-04T23:59:59.999Z;
Poste;15025;500000;2000;2026-09-28T00:00:00.000Z;2026-10-04T23:59:59.999Z;
Poste;15026;500000;2000;2026-09-28T00:00:00.000Z;2026-10-04T23:59:59.999Z;
Poste;15027;500000;2000;2026-09-28T00:00:00.000Z;2026-10-04T23:59:59.999Z;
Poste;15028;500000;2000;2026-09-28T00:00:00.000Z;2026-10-04T23:59:59.999Z;
Poste;15029;500000;2000;2026-09-28T00:00:00.000Z;2026-10-04T23:59:59.999Z;
Poste;15030;500000;2000;2026-09-28T00:00:00.000Z;2026-10-04T23:59:59.999Z;
Poste;15031;500000;2000;2026-09-28T00:00:00.000Z;2026-10-04T23:59:59.999Z;
Poste;15032;500000;2000;2026-09-28T00:00:00.000Z;2026-10-04T23:59:59.999Z;
Poste;15033;500000;2000;2026-09-28T00:00:00.000Z;2026-10-04T23:59:59.999Z;
Poste;15034;500000;2000;2026-09-28T00:00:00.000Z;2026-10-04T23:59:59.999Z;
Poste;15035;500000;2000;2026-09-28T00:00:00.000Z;2026-10-04T23:59:59.999Z;
Poste;15036;500000;2000;2026-09-28T00:00:00.000Z;2026-10-04T23:59:59.999Z;
Poste;15037;500000;2000;2026-09-28T00:00:00.000Z;2026-10-04T23:59:59.999Z;
Poste;15038;500000;2000;2026-09-28T00:00:00.000Z;2026-10-04T23:59:59.999Z;
Poste;15039;500000;2000;2026-09-28T00:00:00.000Z;2026-10-04T23:59:59.999Z;
Poste;15040;500000;2000;2026-09-28T00:00:00.000Z;2026-10-04T23:59:59.999Z;
Poste;15041;500000;2000;2026-09-28T00:00:00.000Z;2026-10-04T23:59:59.999Z;
Poste;15042;500000;2000;2026-09-28T00:00:00.000Z;2026-10-04T23:59:59.999Z;
Poste;15043;500000;2000;2026-09-28T00:00:00.000Z;2026-10-04T23:59:59.999Z;
Poste;15044;500000;2000;2026-09-28T00:00:00.000Z;2026-10-04T23:59:59.999Z;
Poste;15045;500000;2000;2026-09-28T00:00:00.000Z;2026-10-04T23:59:59.999Z;
Poste;15046;500000;2000;2026-09-28T00:00:00.000Z;2026-10-04T23:59:59.999Z;
Poste;15047;500000;2000;2026-09-28T00:00:00.000Z;2026-10-04T23:59:59.999Z;
Poste;15048;500000;2000;2026-09-28T00:00:00.000Z;2026-10-04T23:59:59.999Z;
Poste;15049;500000;2000;2026-09-28T00:00:00.000Z;2026-10-04T23:59:59.999Z;
Poste;15050;500000;2000;2026-09-28T00:00:00.000Z;2026-10-04T23:59:59.999Z;
Poste;15051;500000;2000;2026-09-28T00:00:00.000Z;2026-10-04T23:59:59.999Z;
Poste;15052;500000;2000;2026-09-28T00:00:00.000Z;2026-10-04T23:59:59.999Z;
Poste;15053;500000;2000;2026-09-28T00:00:00.000Z;2026-10-04T23:59:59.999Z;
Poste;15054;500000;2000;2026-09-28T00:00:00.000Z;2026-10-04T23:59:59.999Z;
Poste;15055;500000;2000;2026-09-28T00:00:00.000Z;2026-10-04T23:59:59.999Z;
Poste;15056;500000;2000;2026-09-28T00:00:00.000Z;2026-10-04T23:59:59.999Z;
Poste;15057;500000;2000;2026-09-28T00:00:00.000Z;2026-10-04T23:59:59.999Z;
Poste;15058;500000;2000;2026-09-28T00:00:00.000Z;2026-10-04T23:59:59.999Z;
Poste;15059;500000;2000;2026-09-28T00:00:00.000Z;2026-10-04T23:59:59.999Z;
Poste;15060;500000;2000;2026-09-28T00:00:00.000Z;2026-10-04T23:59:59.999Z;
Poste;15061;500000;2000;2026-09-28T00:00:00.000Z;2026-10-04T23:59:59.999Z;
Poste;15062;500000;2000;2026-09-28T00:00:00.000Z;2026-10-04T23:59:59.999Z;
Poste;15063;500000;2000;2026-09-28T00:00:00.000Z;2026-10-04T23:59:59.999Z;
Poste;15064;500000;2000;2026-09-28T00:00:00.000Z;2026-10-04T23:59:59.999Z;
Poste;15065;500000;2000;2026-09-28T00:00:00.000Z;2026-10-04T23:59:59.999Z;
Poste;15066;500000;2000;2026-09-28T00:00:00.000Z;2026-10-04T23:59:59.999Z;
Poste;15067;500000;2000;2026-09-28T00:00:00.000Z;2026-10-04T23:59:59.999Z;
Poste;15068;500000;2000;2026-09-28T00:00:00.000Z;2026-10-04T23:59:59.999Z;
Poste;15069;500000;2000;2026-09-28T00:00:00.000Z;2026-10-04T23:59:59.999Z;
Poste;15070;500000;2000;2026-09-28T00:00:00.000Z;2026-10-04T23:59:59.999Z;
Poste;15071;500000;2000;2026-09-28T00:00:00.000Z;2026-10-04T23:59:59.999Z;
Poste;15072;500000;2000;2026-09-28T00:00:00.000Z;2026-10-04T23:59:59.999Z;
Poste;15073;500000;2000;2026-09-28T00:00:00.000Z;2026-10-04T23:59:59.999Z;
Poste;15074;500000;2000;2026-09-28T00:00:00.000Z;2026-10-04T23:59:59.999Z;
Poste;15075;500000;2000;2026-09-28T00:00:00.000Z;2026-10-04T23:59:59.999Z;
Poste;15076;500000;2000;2026-09-28T00:00:00.000Z;2026-10-04T23:59:59.999Z;
Poste;15077;500000;2000;2026-09-28T00:00:00.000Z;2026-10-04T23:59:59.999Z;
Poste;15078;500000;2000;2026-09-28T00:00:00.000Z;2026-10-04T23:59:59.999Z;
Poste;15079;500000;2000;2026-09-28T00:00:00.000Z;2026-10-04T23:59:59.999Z;
Poste;15121;500000;3000;2026-09-28T00:00:00.000Z;2026-10-04T23:59:59.999Z;
Poste;15122;500000;3000;2026-09-28T00:00:00.000Z;2026-10-04T23:59:59.999Z;
Poste;GE;500000;22000;2026-09-28T00:00:00.000Z;2026-10-04T23:59:59.999Z;890,AR,RS
Poste;16010;500000;2000;2026-09-28T00:00:00.000Z;2026-10-04T23:59:59.999Z;
Poste;16011;500000;2000;2026-09-28T00:00:00.000Z;2026-10-04T23:59:59.999Z;
Poste;16012;500000;2000;2026-09-28T00:00:00.000Z;2026-10-04T23:59:59.999Z;
Poste;16013;500000;2000;2026-09-28T00:00:00.000Z;2026-10-04T23:59:59.999Z;
Poste;16014;500000;2000;2026-09-28T00:00:00.000Z;2026-10-04T23:59:59.999Z;
Poste;16015;500000;2000;2026-09-28T00:00:00.000Z;2026-10-04T23:59:59.999Z;
Poste;16016;500000;2000;2026-09-28T00:00:00.000Z;2026-10-04T23:59:59.999Z;
Poste;16017;500000;2000;2026-09-28T00:00:00.000Z;2026-10-04T23:59:59.999Z;
Poste;16018;500000;2000;2026-09-28T00:00:00.000Z;2026-10-04T23:59:59.999Z;
Poste;16019;500000;2000;2026-09-28T00:00:00.000Z;2026-10-04T23:59:59.999Z;
Poste;16020;500000;2000;2026-09-28T00:00:00.000Z;2026-10-04T23:59:59.999Z;
Poste;16021;500000;2000;2026-09-28T00:00:00.000Z;2026-10-04T23:59:59.999Z;
Poste;16022;500000;2000;2026-09-28T00:00:00.000Z;2026-10-04T23:59:59.999Z;
Poste;16023;500000;2000;2026-09-28T00:00:00.000Z;2026-10-04T23:59:59.999Z;
Poste;16024;500000;2000;2026-09-28T00:00:00.000Z;2026-10-04T23:59:59.999Z;
Poste;16025;500000;2000;2026-09-28T00:00:00.000Z;2026-10-04T23:59:59.999Z;
Poste;16026;500000;2000;2026-09-28T00:00:00.000Z;2026-10-04T23:59:59.999Z;
Poste;16027;500000;2000;2026-09-28T00:00:00.000Z;2026-10-04T23:59:59.999Z;
Poste;16028;500000;2000;2026-09-28T00:00:00.000Z;2026-10-04T23:59:59.999Z;
Poste;16029;500000;2000;2026-09-28T00:00:00.000Z;2026-10-04T23:59:59.999Z;
Poste;16030;500000;2000;2026-09-28T00:00:00.000Z;2026-10-04T23:59:59.999Z;
Poste;16031;500000;2000;2026-09-28T00:00:00.000Z;2026-10-04T23:59:59.999Z;
Poste;16032;500000;2000;2026-09-28T00:00:00.000Z;2026-10-04T23:59:59.999Z;
Poste;16033;500000;2000;2026-09-28T00:00:00.000Z;2026-10-04T23:59:59.999Z;
Poste;16034;500000;2000;2026-09-28T00:00:00.000Z;2026-10-04T23:59:59.999Z;
Poste;16035;500000;2000;2026-09-28T00:00:00.000Z;2026-10-04T23:59:59.999Z;
Poste;16036;500000;2000;2026-09-28T00:00:00.000Z;2026-10-04T23:59:59.999Z;
Poste;16038;500000;2000;2026-09-28T00:00:00.000Z;2026-10-04T23:59:59.999Z;
Poste;16039;500000;2000;2026-09-28T00:00:00.000Z;2026-10-04T23:59:59.999Z;
Poste;16040;500000;2000;2026-09-28T00:00:00.000Z;2026-10-04T23:59:59.999Z;
Poste;16041;500000;2000;2026-09-28T00:00:00.000Z;2026-10-04T23:59:59.999Z;
Poste;16042;500000;2000;2026-09-28T00:00:00.000Z;2026-10-04T23:59:59.999Z;
Poste;16043;500000;2000;2026-09-28T00:00:00.000Z;2026-10-04T23:59:59.999Z;
Poste;16044;500000;2000;2026-09-28T00:00:00.000Z;2026-10-04T23:59:59.999Z;
Poste;16045;500000;2000;2026-09-28T00:00:00.000Z;2026-10-04T23:59:59.999Z;
Poste;16046;500000;2000;2026-09-28T00:00:00.000Z;2026-10-04T23:59:59.999Z;
Poste;16047;500000;2000;2026-09-28T00:00:00.000Z;2026-10-04T23:59:59.999Z;
Poste;16048;500000;2000;2026-09-28T00:00:00.000Z;2026-10-04T23:59:59.999Z;
Poste;16049;500000;2000;2026-09-28T00:00:00.000Z;2026-10-04T23:59:59.999Z;
Poste;16121;500000;4000;2026-09-28T00:00:00.000Z;2026-10-04T23:59:59.999Z;
Poste;16122;500000;4000;2026-09-28T00:00:00.000Z;2026-10-04T23:59:59.999Z;
Poste;16123;500000;4000;2026-09-28T00:00:00.000Z;2026-10-04T23:59:59.999Z;
Poste;16124;500000;4000;2026-09-28T00:00:00.000Z;2026-10-04T23:59:59.999Z;
Poste;16125;500000;4000;2026-09-28T00:00:00.000Z;2026-10-04T23:59:59.999Z;
Poste;16126;500000;4000;2026-09-28T00:00:00.000Z;2026-10-04T23:59:59.999Z;
Poste;16127;500000;4000;2026-09-28T00:00:00.000Z;2026-10-04T23:59:59.999Z;
Poste;16128;500000;4000;2026-09-28T00:00:00.000Z;2026-10-04T23:59:59.999Z;
Poste;16129;500000;4000;2026-09-28T00:00:00.000Z;2026-10-04T23:59:59.999Z;
Poste;16131;500000;4000;2026-09-28T00:00:00.000Z;2026-10-04T23:59:59.999Z;
Poste;16132;500000;4000;2026-09-28T00:00:00.000Z;2026-10-04T23:59:59.999Z;
Poste;16133;500000;4000;2026-09-28T00:00:00.000Z;2026-10-04T23:59:59.999Z;
Poste;16134;500000;4000;2026-09-28T00:00:00.000Z;2026-10-04T23:59:59.999Z;
Poste;16135;500000;4000;2026-09-28T00:00:00.000Z;2026-10-04T23:59:59.999Z;
Poste;16136;500000;4000;2026-09-28T00:00:00.000Z;2026-10-04T23:59:59.999Z;
Poste;16137;500000;4000;2026-09-28T00:00:00.000Z;2026-10-04T23:59:59.999Z;
Poste;16138;500000;4000;2026-09-28T00:00:00.000Z;2026-10-04T23:59:59.999Z;
Poste;16139;500000;4000;2026-09-28T00:00:00.000Z;2026-10-04T23:59:59.999Z;
Poste;16141;500000;4000;2026-09-28T00:00:00.000Z;2026-10-04T23:59:59.999Z;
Poste;16142;500000;4000;2026-09-28T00:00:00.000Z;2026-10-04T23:59:59.999Z;
Poste;16143;500000;4000;2026-09-28T00:00:00.000Z;2026-10-04T23:59:59.999Z;
Poste;16144;500000;4000;2026-09-28T00:00:00.000Z;2026-10-04T23:59:59.999Z;
Poste;16145;500000;4000;2026-09-28T00:00:00.000Z;2026-10-04T23:59:59.999Z;
Poste;16146;500000;4000;2026-09-28T00:00:00.000Z;2026-10-04T23:59:59.999Z;
Poste;16147;500000;4000;2026-09-28T00:00:00.000Z;2026-10-04T23:59:59.999Z;
Poste;16148;500000;4000;2026-09-28T00:00:00.000Z;2026-10-04T23:59:59.999Z;
Poste;16149;500000;4000;2026-09-28T00:00:00.000Z;2026-10-04T23:59:59.999Z;
Poste;16151;500000;4000;2026-09-28T00:00:00.000Z;2026-10-04T23:59:59.999Z;
Poste;16152;500000;4000;2026-09-28T00:00:00.000Z;2026-10-04T23:59:59.999Z;
Poste;16153;500000;4000;2026-09-28T00:00:00.000Z;2026-10-04T23:59:59.999Z;
Poste;16154;500000;4000;2026-09-28T00:00:00.000Z;2026-10-04T23:59:59.999Z;
Poste;16155;500000;4000;2026-09-28T00:00:00.000Z;2026-10-04T23:59:59.999Z;
Poste;16156;500000;4000;2026-09-28T00:00:00.000Z;2026-10-04T23:59:59.999Z;
Poste;16157;500000;4000;2026-09-28T00:00:00.000Z;2026-10-04T23:59:59.999Z;
Poste;16158;500000;4000;2026-09-28T00:00:00.000Z;2026-10-04T23:59:59.999Z;
Poste;16159;500000;4000;2026-09-28T00:00:00.000Z;2026-10-04T23:59:59.999Z;
Poste;16161;500000;4000;2026-09-28T00:00:00.000Z;2026-10-04T23:59:59.999Z;
Poste;16162;500000;4000;2026-09-28T00:00:00.000Z;2026-10-04T23:59:59.999Z;
Poste;16163;500000;4000;2026-09-28T00:00:00.000Z;2026-10-04T23:59:59.999Z;
Poste;16164;500000;4000;2026-09-28T00:00:00.000Z;2026-10-04T23:59:59.999Z;
Poste;16165;500000;4000;2026-09-28T00:00:00.000Z;2026-10-04T23:59:59.999Z;
Poste;16166;500000;4000;2026-09-28T00:00:00.000Z;2026-10-04T23:59:59.999Z;
Poste;16167;500000;4000;2026-09-28T00:00:00.000Z;2026-10-04T23:59:59.999Z;
Poste;SV;500000;6600;2026-09-28T00:00:00.000Z;2026-10-04T23:59:59.999Z;890,AR,RS
Poste;17010;500000;2000;2026-09-28T00:00:00.000Z;2026-10-04T23:59:59.999Z;
Poste;17011;500000;2000;2026-09-28T00:00:00.000Z;2026-10-04T23:59:59.999Z;
Poste;17012;500000;2000;2026-09-28T00:00:00.000Z;2026-10-04T23:59:59.999Z;
Poste;17013;500000;2000;2026-09-28T00:00:00.000Z;2026-10-04T23:59:59.999Z;
Poste;17014;500000;2000;2026-09-28T00:00:00.000Z;2026-10-04T23:59:59.999Z;
Poste;17015;500000;2000;2026-09-28T00:00:00.000Z;2026-10-04T23:59:59.999Z;
Poste;17017;500000;2000;2026-09-28T00:00:00.000Z;2026-10-04T23:59:59.999Z;
Poste;17019;500000;2000;2026-09-28T00:00:00.000Z;2026-10-04T23:59:59.999Z;
Poste;17020;500000;2000;2026-09-28T00:00:00.000Z;2026-10-04T23:59:59.999Z;
Poste;17021;500000;2000;2026-09-28T00:00:00.000Z;2026-10-04T23:59:59.999Z;
Poste;17022;500000;2000;2026-09-28T00:00:00.000Z;2026-10-04T23:59:59.999Z;
Poste;17023;500000;2000;2026-09-28T00:00:00.000Z;2026-10-04T23:59:59.999Z;
Poste;17024;500000;2000;2026-09-28T00:00:00.000Z;2026-10-04T23:59:59.999Z;
Poste;17025;500000;2000;2026-09-28T00:00:00.000Z;2026-10-04T23:59:59.999Z;
Poste;17026;500000;2000;2026-09-28T00:00:00.000Z;2026-10-04T23:59:59.999Z;
Poste;17027;500000;2000;2026-09-28T00:00:00.000Z;2026-10-04T23:59:59.999Z;
Poste;17028;500000;2000;2026-09-28T00:00:00.000Z;2026-10-04T23:59:59.999Z;
Poste;17030;500000;2000;2026-09-28T00:00:00.000Z;2026-10-04T23:59:59.999Z;
Poste;17031;500000;2000;2026-09-28T00:00:00.000Z;2026-10-04T23:59:59.999Z;
Poste;17032;500000;2000;2026-09-28T00:00:00.000Z;2026-10-04T23:59:59.999Z;
Poste;17033;500000;2000;2026-09-28T00:00:00.000Z;2026-10-04T23:59:59.999Z;
Poste;17034;500000;2000;2026-09-28T00:00:00.000Z;2026-10-04T23:59:59.999Z;
Poste;17035;500000;2000;2026-09-28T00:00:00.000Z;2026-10-04T23:59:59.999Z;
Poste;17037;500000;2000;2026-09-28T00:00:00.000Z;2026-10-04T23:59:59.999Z;
Poste;17038;500000;2000;2026-09-28T00:00:00.000Z;2026-10-04T23:59:59.999Z;
Poste;17039;500000;2000;2026-09-28T00:00:00.000Z;2026-10-04T23:59:59.999Z;
Poste;17040;500000;2000;2026-09-28T00:00:00.000Z;2026-10-04T23:59:59.999Z;
Poste;17041;500000;2000;2026-09-28T00:00:00.000Z;2026-10-04T23:59:59.999Z;
Poste;17042;500000;2000;2026-09-28T00:00:00.000Z;2026-10-04T23:59:59.999Z;
Poste;17043;500000;2000;2026-09-28T00:00:00.000Z;2026-10-04T23:59:59.999Z;
Poste;17044;500000;2000;2026-09-28T00:00:00.000Z;2026-10-04T23:59:59.999Z;
Poste;17045;500000;2000;2026-09-28T00:00:00.000Z;2026-10-04T23:59:59.999Z;
Poste;17046;500000;2000;2026-09-28T00:00:00.000Z;2026-10-04T23:59:59.999Z;
Poste;17047;500000;2000;2026-09-28T00:00:00.000Z;2026-10-04T23:59:59.999Z;
Poste;17048;500000;2000;2026-09-28T00:00:00.000Z;2026-10-04T23:59:59.999Z;
Poste;17051;500000;2000;2026-09-28T00:00:00.000Z;2026-10-04T23:59:59.999Z;
Poste;17052;500000;2000;2026-09-28T00:00:00.000Z;2026-10-04T23:59:59.999Z;
Poste;17053;500000;2000;2026-09-28T00:00:00.000Z;2026-10-04T23:59:59.999Z;
Poste;17054;500000;2000;2026-09-28T00:00:00.000Z;2026-10-04T23:59:59.999Z;
Poste;17055;500000;2000;2026-09-28T00:00:00.000Z;2026-10-04T23:59:59.999Z;
Poste;17056;500000;2000;2026-09-28T00:00:00.000Z;2026-10-04T23:59:59.999Z;
Poste;17057;500000;2000;2026-09-28T00:00:00.000Z;2026-10-04T23:59:59.999Z;
Poste;17058;500000;2000;2026-09-28T00:00:00.000Z;2026-10-04T23:59:59.999Z;
Poste;17100;500000;3000;2026-09-28T00:00:00.000Z;2026-10-04T23:59:59.999Z;
Poste;IM;500000;6400;2026-09-28T00:00:00.000Z;2026-10-04T23:59:59.999Z;890,AR,RS
Poste;18010;500000;2000;2026-09-28T00:00:00.000Z;2026-10-04T23:59:59.999Z;
Poste;18011;500000;2000;2026-09-28T00:00:00.000Z;2026-10-04T23:59:59.999Z;
Poste;18012;500000;2000;2026-09-28T00:00:00.000Z;2026-10-04T23:59:59.999Z;
Poste;18013;500000;2000;2026-09-28T00:00:00.000Z;2026-10-04T23:59:59.999Z;
Poste;18014;500000;2000;2026-09-28T00:00:00.000Z;2026-10-04T23:59:59.999Z;
Poste;18015;500000;2000;2026-09-28T00:00:00.000Z;2026-10-04T23:59:59.999Z;
Poste;18016;500000;2000;2026-09-28T00:00:00.000Z;2026-10-04T23:59:59.999Z;
Poste;18017;500000;2000;2026-09-28T00:00:00.000Z;2026-10-04T23:59:59.999Z;
Poste;18018;500000;2000;2026-09-28T00:00:00.000Z;2026-10-04T23:59:59.999Z;
Poste;18019;500000;2000;2026-09-28T00:00:00.000Z;2026-10-04T23:59:59.999Z;
Poste;18020;500000;2000;2026-09-28T00:00:00.000Z;2026-10-04T23:59:59.999Z;
Poste;18021;500000;2000;2026-09-28T00:00:00.000Z;2026-10-04T23:59:59.999Z;
Poste;18022;500000;2000;2026-09-28T00:00:00.000Z;2026-10-04T23:59:59.999Z;
Poste;18023;500000;2000;2026-09-28T00:00:00.000Z;2026-10-04T23:59:59.999Z;
Poste;18024;500000;2000;2026-09-28T00:00:00.000Z;2026-10-04T23:59:59.999Z;
Poste;18026;500000;2000;2026-09-28T00:00:00.000Z;2026-10-04T23:59:59.999Z;
Poste;18027;500000;2000;2026-09-28T00:00:00.000Z;2026-10-04T23:59:59.999Z;
Poste;18028;500000;2000;2026-09-28T00:00:00.000Z;2026-10-04T23:59:59.999Z;
Poste;18030;500000;2000;2026-09-28T00:00:00.000Z;2026-10-04T23:59:59.999Z;
Poste;18031;500000;2000;2026-09-28T00:00:00.000Z;2026-10-04T23:59:59.999Z;
Poste;18032;500000;2000;2026-09-28T00:00:00.000Z;2026-10-04T23:59:59.999Z;
Poste;18033;500000;2000;2026-09-28T00:00:00.000Z;2026-10-04T23:59:59.999Z;
Poste;18034;500000;2000;2026-09-28T00:00:00.000Z;2026-10-04T23:59:59.999Z;
Poste;18035;500000;2000;2026-09-28T00:00:00.000Z;2026-10-04T23:59:59.999Z;
Poste;18036;500000;2000;2026-09-28T00:00:00.000Z;2026-10-04T23:59:59.999Z;
Poste;18037;500000;2000;2026-09-28T00:00:00.000Z;2026-10-04T23:59:59.999Z;
Poste;18038;500000;2000;2026-09-28T00:00:00.000Z;2026-10-04T23:59:59.999Z;
Poste;18039;500000;2000;2026-09-28T00:00:00.000Z;2026-10-04T23:59:59.999Z;
Poste;18100;500000;3000;2026-09-28T00:00:00.000Z;2026-10-04T23:59:59.999Z;
Poste;SP;500000;7000;2026-09-28T00:00:00.000Z;2026-10-04T23:59:59.999Z;890,AR,RS
Poste;19010;500000;2000;2026-09-28T00:00:00.000Z;2026-10-04T23:59:59.999Z;
Poste;19011;500000;2000;2026-09-28T00:00:00.000Z;2026-10-04T23:59:59.999Z;
Poste;19012;500000;2000;2026-09-28T00:00:00.000Z;2026-10-04T23:59:59.999Z;
Poste;19013;500000;2000;2026-09-28T00:00:00.000Z;2026-10-04T23:59:59.999Z;
Poste;19014;500000;2000;2026-09-28T00:00:00.000Z;2026-10-04T23:59:59.999Z;
Poste;19015;500000;2000;2026-09-28T00:00:00.000Z;2026-10-04T23:59:59.999Z;
Poste;19016;500000;2000;2026-09-28T00:00:00.000Z;2026-10-04T23:59:59.999Z;
Poste;19017;500000;2000;2026-09-28T00:00:00.000Z;2026-10-04T23:59:59.999Z;
Poste;19018;500000;2000;2026-09-28T00:00:00.000Z;2026-10-04T23:59:59.999Z;
Poste;19020;500000;2000;2026-09-28T00:00:00.000Z;2026-10-04T23:59:59.999Z;
Poste;19021;500000;2000;2026-09-28T00:00:00.000Z;2026-10-04T23:59:59.999Z;
Poste;19025;500000;2000;2026-09-28T00:00:00.000Z;2026-10-04T23:59:59.999Z;
Poste;19028;500000;2000;2026-09-28T00:00:00.000Z;2026-10-04T23:59:59.999Z;
Poste;19031;500000;2000;2026-09-28T00:00:00.000Z;2026-10-04T23:59:59.999Z;
Poste;19032;500000;2000;2026-09-28T00:00:00.000Z;2026-10-04T23:59:59.999Z;
Poste;19033;500000;2000;2026-09-28T00:00:00.000Z;2026-10-04T23:59:59.999Z;
Poste;19034;500000;2000;2026-09-28T00:00:00.000Z;2026-10-04T23:59:59.999Z;
Poste;19037;500000;2000;2026-09-28T00:00:00.000Z;2026-10-04T23:59:59.999Z;
Poste;19038;500000;2000;2026-09-28T00:00:00.000Z;2026-10-04T23:59:59.999Z;
Poste;19121;500000;3000;2026-09-28T00:00:00.000Z;2026-10-04T23:59:59.999Z;
Poste;19122;500000;3000;2026-09-28T00:00:00.000Z;2026-10-04T23:59:59.999Z;
Poste;19123;500000;3000;2026-09-28T00:00:00.000Z;2026-10-04T23:59:59.999Z;
Poste;19124;500000;3000;2026-09-28T00:00:00.000Z;2026-10-04T23:59:59.999Z;
Poste;19125;500000;3000;2026-09-28T00:00:00.000Z;2026-10-04T23:59:59.999Z;
Poste;19126;500000;3000;2026-09-28T00:00:00.000Z;2026-10-04T23:59:59.999Z;
Poste;19131;500000;3000;2026-09-28T00:00:00.000Z;2026-10-04T23:59:59.999Z;
Poste;19132;500000;3000;2026-09-28T00:00:00.000Z;2026-10-04T23:59:59.999Z;
Poste;19133;500000;3000;2026-09-28T00:00:00.000Z;2026-10-04T23:59:59.999Z;
Poste;19134;500000;3000;2026-09-28T00:00:00.000Z;2026-10-04T23:59:59.999Z;
Poste;19135;500000;3000;2026-09-28T00:00:00.000Z;2026-10-04T23:59:59.999Z;
Poste;19136;500000;3000;2026-09-28T00:00:00.000Z;2026-10-04T23:59:59.999Z;
Poste;19137;500000;3000;2026-09-28T00:00:00.000Z;2026-10-04T23:59:59.999Z;
Poste;MI;500000;75600;2026-09-28T00:00:00.000Z;2026-10-04T23:59:59.999Z;890,AR,RS
Poste;20001;500000;2000;2026-09-28T00:00:00.000Z;2026-10-04T23:59:59.999Z;
Poste;20002;500000;2000;2026-09-28T00:00:00.000Z;2026-10-04T23:59:59.999Z;
Poste;20003;500000;2000;2026-09-28T00:00:00.000Z;2026-10-04T23:59:59.999Z;
Poste;20004;500000;2000;2026-09-28T00:00:00.000Z;2026-10-04T23:59:59.999Z;
Poste;20005;500000;2000;2026-09-28T00:00:00.000Z;2026-10-04T23:59:59.999Z;
Poste;20006;500000;2000;2026-09-28T00:00:00.000Z;2026-10-04T23:59:59.999Z;
Poste;20007;500000;2000;2026-09-28T00:00:00.000Z;2026-10-04T23:59:59.999Z;
Poste;20008;500000;2000;2026-09-28T00:00:00.000Z;2026-10-04T23:59:59.999Z;
Poste;20009;500000;2000;2026-09-28T00:00:00.000Z;2026-10-04T23:59:59.999Z;
Poste;20010;500000;2000;2026-09-28T00:00:00.000Z;2026-10-04T23:59:59.999Z;
Poste;20011;500000;2000;2026-09-28T00:00:00.000Z;2026-10-04T23:59:59.999Z;
Poste;20012;500000;2000;2026-09-28T00:00:00.000Z;2026-10-04T23:59:59.999Z;
Poste;20013;500000;2000;2026-09-28T00:00:00.000Z;2026-10-04T23:59:59.999Z;
Poste;20014;500000;2000;2026-09-28T00:00:00.000Z;2026-10-04T23:59:59.999Z;
Poste;20015;500000;2000;2026-09-28T00:00:00.000Z;2026-10-04T23:59:59.999Z;
Poste;20016;500000;2000;2026-09-28T00:00:00.000Z;2026-10-04T23:59:59.999Z;
Poste;20017;500000;2000;2026-09-28T00:00:00.000Z;2026-10-04T23:59:59.999Z;
Poste;20018;500000;2000;2026-09-28T00:00:00.000Z;2026-10-04T23:59:59.999Z;
Poste;20019;500000;2000;2026-09-28T00:00:00.000Z;2026-10-04T23:59:59.999Z;
Poste;20020;500000;2000;2026-09-28T00:00:00.000Z;2026-10-04T23:59:59.999Z;
Poste;20021;500000;2000;2026-09-28T00:00:00.000Z;2026-10-04T23:59:59.999Z;
Poste;20022;500000;2000;2026-09-28T00:00:00.000Z;2026-10-04T23:59:59.999Z;
Poste;20023;500000;2000;2026-09-28T00:00:00.000Z;2026-10-04T23:59:59.999Z;
Poste;20024;500000;2000;2026-09-28T00:00:00.000Z;2026-10-04T23:59:59.999Z;
Poste;20025;500000;2000;2026-09-28T00:00:00.000Z;2026-10-04T23:59:59.999Z;
Poste;20026;500000;2000;2026-09-28T00:00:00.000Z;2026-10-04T23:59:59.999Z;
Poste;20027;500000;2000;2026-09-28T00:00:00.000Z;2026-10-04T23:59:59.999Z;
Poste;20028;500000;2000;2026-09-28T00:00:00.000Z;2026-10-04T23:59:59.999Z;
Poste;20029;500000;2000;2026-09-28T00:00:00.000Z;2026-10-04T23:59:59.999Z;
Poste;20030;500000;2000;2026-09-28T00:00:00.000Z;2026-10-04T23:59:59.999Z;
Poste;20031;500000;2000;2026-09-28T00:00:00.000Z;2026-10-04T23:59:59.999Z;
Poste;20032;500000;2000;2026-09-28T00:00:00.000Z;2026-10-04T23:59:59.999Z;
Poste;20033;500000;2000;2026-09-28T00:00:00.000Z;2026-10-04T23:59:59.999Z;
Poste;20034;500000;2000;2026-09-28T00:00:00.000Z;2026-10-04T23:59:59.999Z;
Poste;20035;500000;2000;2026-09-28T00:00:00.000Z;2026-10-04T23:59:59.999Z;
Poste;20036;500000;2000;2026-09-28T00:00:00.000Z;2026-10-04T23:59:59.999Z;
Poste;20037;500000;2000;2026-09-28T00:00:00.000Z;2026-10-04T23:59:59.999Z;
Poste;20038;500000;2000;2026-09-28T00:00:00.000Z;2026-10-04T23:59:59.999Z;
Poste;20039;500000;2000;2026-09-28T00:00:00.000Z;2026-10-04T23:59:59.999Z;
Poste;20040;500000;2000;2026-09-28T00:00:00.000Z;2026-10-04T23:59:59.999Z;
Poste;20041;500000;2000;2026-09-28T00:00:00.000Z;2026-10-04T23:59:59.999Z;
Poste;20042;500000;2000;2026-09-28T00:00:00.000Z;2026-10-04T23:59:59.999Z;
Poste;20043;500000;2000;2026-09-28T00:00:00.000Z;2026-10-04T23:59:59.999Z;
Poste;20044;500000;2000;2026-09-28T00:00:00.000Z;2026-10-04T23:59:59.999Z;
Poste;20045;500000;2000;2026-09-28T00:00:00.000Z;2026-10-04T23:59:59.999Z;
Poste;20046;500000;2000;2026-09-28T00:00:00.000Z;2026-10-04T23:59:59.999Z;
Poste;20047;500000;2000;2026-09-28T00:00:00.000Z;2026-10-04T23:59:59.999Z;
Poste;20048;500000;2000;2026-09-28T00:00:00.000Z;2026-10-04T23:59:59.999Z;
Poste;20049;500000;2000;2026-09-28T00:00:00.000Z;2026-10-04T23:59:59.999Z;
Poste;20050;500000;2000;2026-09-28T00:00:00.000Z;2026-10-04T23:59:59.999Z;
Poste;20051;500000;2000;2026-09-28T00:00:00.000Z;2026-10-04T23:59:59.999Z;
Poste;20052;500000;2000;2026-09-28T00:00:00.000Z;2026-10-04T23:59:59.999Z;
Poste;20053;500000;2000;2026-09-28T00:00:00.000Z;2026-10-04T23:59:59.999Z;
Poste;20054;500000;2000;2026-09-28T00:00:00.000Z;2026-10-04T23:59:59.999Z;
Poste;20055;500000;2000;2026-09-28T00:00:00.000Z;2026-10-04T23:59:59.999Z;
Poste;20056;500000;2000;2026-09-28T00:00:00.000Z;2026-10-04T23:59:59.999Z;
Poste;20057;500000;2000;2026-09-28T00:00:00.000Z;2026-10-04T23:59:59.999Z;
Poste;20058;500000;2000;2026-09-28T00:00:00.000Z;2026-10-04T23:59:59.999Z;
Poste;20059;500000;2000;2026-09-28T00:00:00.000Z;2026-10-04T23:59:59.999Z;
Poste;20060;500000;2000;2026-09-28T00:00:00.000Z;2026-10-04T23:59:59.999Z;
Poste;20061;500000;2000;2026-09-28T00:00:00.000Z;2026-10-04T23:59:59.999Z;
Poste;20062;500000;2000;2026-09-28T00:00:00.000Z;2026-10-04T23:59:59.999Z;
Poste;20063;500000;2000;2026-09-28T00:00:00.000Z;2026-10-04T23:59:59.999Z;
Poste;20064;500000;2000;2026-09-28T00:00:00.000Z;2026-10-04T23:59:59.999Z;
Poste;20065;500000;2000;2026-09-28T00:00:00.000Z;2026-10-04T23:59:59.999Z;
Poste;20066;500000;2000;2026-09-28T00:00:00.000Z;2026-10-04T23:59:59.999Z;
Poste;20067;500000;2000;2026-09-28T00:00:00.000Z;2026-10-04T23:59:59.999Z;
Poste;20068;500000;2000;2026-09-28T00:00:00.000Z;2026-10-04T23:59:59.999Z;
Poste;20069;500000;2000;2026-09-28T00:00:00.000Z;2026-10-04T23:59:59.999Z;
Poste;20070;500000;2000;2026-09-28T00:00:00.000Z;2026-10-04T23:59:59.999Z;
Poste;20071;500000;2000;2026-09-28T00:00:00.000Z;2026-10-04T23:59:59.999Z;
Poste;20072;500000;2000;2026-09-28T00:00:00.000Z;2026-10-04T23:59:59.999Z;
Poste;20073;500000;2000;2026-09-28T00:00:00.000Z;2026-10-04T23:59:59.999Z;
Poste;20074;500000;2000;2026-09-28T00:00:00.000Z;2026-10-04T23:59:59.999Z;
Poste;20075;500000;2000;2026-09-28T00:00:00.000Z;2026-10-04T23:59:59.999Z;
Poste;20076;500000;2000;2026-09-28T00:00:00.000Z;2026-10-04T23:59:59.999Z;
Poste;20077;500000;2000;2026-09-28T00:00:00.000Z;2026-10-04T23:59:59.999Z;
Poste;20078;500000;2000;2026-09-28T00:00:00.000Z;2026-10-04T23:59:59.999Z;
Poste;20079;500000;2000;2026-09-28T00:00:00.000Z;2026-10-04T23:59:59.999Z;
Poste;20080;500000;2000;2026-09-28T00:00:00.000Z;2026-10-04T23:59:59.999Z;
Poste;20081;500000;2000;2026-09-28T00:00:00.000Z;2026-10-04T23:59:59.999Z;
Poste;20082;500000;2000;2026-09-28T00:00:00.000Z;2026-10-04T23:59:59.999Z;
Poste;20083;500000;2000;2026-09-28T00:00:00.000Z;2026-10-04T23:59:59.999Z;
Poste;20084;500000;2000;2026-09-28T00:00:00.000Z;2026-10-04T23:59:59.999Z;
Poste;20085;500000;2000;2026-09-28T00:00:00.000Z;2026-10-04T23:59:59.999Z;
Poste;20086;500000;2000;2026-09-28T00:00:00.000Z;2026-10-04T23:59:59.999Z;
Poste;20087;500000;2000;2026-09-28T00:00:00.000Z;2026-10-04T23:59:59.999Z;
Poste;20088;500000;2000;2026-09-28T00:00:00.000Z;2026-10-04T23:59:59.999Z;
Poste;20089;500000;2000;2026-09-28T00:00:00.000Z;2026-10-04T23:59:59.999Z;
Poste;20090;500000;2000;2026-09-28T00:00:00.000Z;2026-10-04T23:59:59.999Z;
Poste;20091;500000;2000;2026-09-28T00:00:00.000Z;2026-10-04T23:59:59.999Z;
Poste;20092;500000;2000;2026-09-28T00:00:00.000Z;2026-10-04T23:59:59.999Z;
Poste;20093;500000;2000;2026-09-28T00:00:00.000Z;2026-10-04T23:59:59.999Z;
Poste;20094;500000;2000;2026-09-28T00:00:00.000Z;2026-10-04T23:59:59.999Z;
Poste;20095;500000;2000;2026-09-28T00:00:00.000Z;2026-10-04T23:59:59.999Z;
Poste;20096;500000;2000;2026-09-28T00:00:00.000Z;2026-10-04T23:59:59.999Z;
Poste;20097;500000;2000;2026-09-28T00:00:00.000Z;2026-10-04T23:59:59.999Z;
Poste;20098;500000;2000;2026-09-28T00:00:00.000Z;2026-10-04T23:59:59.999Z;
Poste;20099;500000;2000;2026-09-28T00:00:00.000Z;2026-10-04T23:59:59.999Z;
Poste;20121;500000;4000;2026-09-28T00:00:00.000Z;2026-10-04T23:59:59.999Z;
Poste;20122;500000;4000;2026-09-28T00:00:00.000Z;2026-10-04T23:59:59.999Z;
Poste;20123;500000;4000;2026-09-28T00:00:00.000Z;2026-10-04T23:59:59.999Z;
Poste;20124;500000;4000;2026-09-28T00:00:00.000Z;2026-10-04T23:59:59.999Z;
Poste;20125;500000;4000;2026-09-28T00:00:00.000Z;2026-10-04T23:59:59.999Z;
Poste;20126;500000;4000;2026-09-28T00:00:00.000Z;2026-10-04T23:59:59.999Z;
Poste;20127;500000;4000;2026-09-28T00:00:00.000Z;2026-10-04T23:59:59.999Z;
Poste;20128;500000;4000;2026-09-28T00:00:00.000Z;2026-10-04T23:59:59.999Z;
Poste;20129;500000;4000;2026-09-28T00:00:00.000Z;2026-10-04T23:59:59.999Z;
Poste;20131;500000;4000;2026-09-28T00:00:00.000Z;2026-10-04T23:59:59.999Z;
Poste;20132;500000;4000;2026-09-28T00:00:00.000Z;2026-10-04T23:59:59.999Z;
Poste;20133;500000;4000;2026-09-28T00:00:00.000Z;2026-10-04T23:59:59.999Z;
Poste;20134;500000;4000;2026-09-28T00:00:00.000Z;2026-10-04T23:59:59.999Z;
Poste;20135;500000;4000;2026-09-28T00:00:00.000Z;2026-10-04T23:59:59.999Z;
Poste;20136;500000;4000;2026-09-28T00:00:00.000Z;2026-10-04T23:59:59.999Z;
Poste;20137;500000;4000;2026-09-28T00:00:00.000Z;2026-10-04T23:59:59.999Z;
Poste;20138;500000;4000;2026-09-28T00:00:00.000Z;2026-10-04T23:59:59.999Z;
Poste;20139;500000;4000;2026-09-28T00:00:00.000Z;2026-10-04T23:59:59.999Z;
Poste;20141;500000;4000;2026-09-28T00:00:00.000Z;2026-10-04T23:59:59.999Z;
Poste;20142;500000;4000;2026-09-28T00:00:00.000Z;2026-10-04T23:59:59.999Z;
Poste;20143;500000;4000;2026-09-28T00:00:00.000Z;2026-10-04T23:59:59.999Z;
Poste;20144;500000;4000;2026-09-28T00:00:00.000Z;2026-10-04T23:59:59.999Z;
Poste;20145;500000;4000;2026-09-28T00:00:00.000Z;2026-10-04T23:59:59.999Z;
Poste;20146;500000;4000;2026-09-28T00:00:00.000Z;2026-10-04T23:59:59.999Z;
Poste;20147;500000;4000;2026-09-28T00:00:00.000Z;2026-10-04T23:59:59.999Z;
Poste;20148;500000;4000;2026-09-28T00:00:00.000Z;2026-10-04T23:59:59.999Z;
Poste;20149;500000;4000;2026-09-28T00:00:00.000Z;2026-10-04T23:59:59.999Z;
Poste;20151;500000;4000;2026-09-28T00:00:00.000Z;2026-10-04T23:59:59.999Z;
Poste;20152;500000;4000;2026-09-28T00:00:00.000Z;2026-10-04T23:59:59.999Z;
Poste;20153;500000;4000;2026-09-28T00:00:00.000Z;2026-10-04T23:59:59.999Z;
Poste;20154;500000;4000;2026-09-28T00:00:00.000Z;2026-10-04T23:59:59.999Z;
Poste;20155;500000;4000;2026-09-28T00:00:00.000Z;2026-10-04T23:59:59.999Z;
Poste;20156;500000;4000;2026-09-28T00:00:00.000Z;2026-10-04T23:59:59.999Z;
Poste;20157;500000;4000;2026-09-28T00:00:00.000Z;2026-10-04T23:59:59.999Z;
Poste;20158;500000;4000;2026-09-28T00:00:00.000Z;2026-10-04T23:59:59.999Z;
Poste;20159;500000;4000;2026-09-28T00:00:00.000Z;2026-10-04T23:59:59.999Z;
Poste;20161;500000;4000;2026-09-28T00:00:00.000Z;2026-10-04T23:59:59.999Z;
Poste;20162;500000;4000;2026-09-28T00:00:00.000Z;2026-10-04T23:59:59.999Z;
Poste;MB;500000;15600;2026-09-28T00:00:00.000Z;2026-10-04T23:59:59.999Z;890,AR,RS
Poste;20811;500000;2000;2026-09-28T00:00:00.000Z;2026-10-04T23:59:59.999Z;
Poste;20812;500000;2000;2026-09-28T00:00:00.000Z;2026-10-04T23:59:59.999Z;
Poste;20813;500000;2000;2026-09-28T00:00:00.000Z;2026-10-04T23:59:59.999Z;
Poste;20814;500000;2000;2026-09-28T00:00:00.000Z;2026-10-04T23:59:59.999Z;
Poste;20815;500000;2000;2026-09-28T00:00:00.000Z;2026-10-04T23:59:59.999Z;
Poste;20816;500000;2000;2026-09-28T00:00:00.000Z;2026-10-04T23:59:59.999Z;
Poste;20821;500000;2000;2026-09-28T00:00:00.000Z;2026-10-04T23:59:59.999Z;
Poste;20822;500000;2000;2026-09-28T00:00:00.000Z;2026-10-04T23:59:59.999Z;
Poste;20823;500000;2000;2026-09-28T00:00:00.000Z;2026-10-04T23:59:59.999Z;
Poste;20824;500000;2000;2026-09-28T00:00:00.000Z;2026-10-04T23:59:59.999Z;
Poste;20825;500000;2000;2026-09-28T00:00:00.000Z;2026-10-04T23:59:59.999Z;
Poste;20826;500000;2000;2026-09-28T00:00:00.000Z;2026-10-04T23:59:59.999Z;
Poste;20831;500000;2000;2026-09-28T00:00:00.000Z;2026-10-04T23:59:59.999Z;
Poste;20832;500000;2000;2026-09-28T00:00:00.000Z;2026-10-04T23:59:59.999Z;
Poste;20833;500000;2000;2026-09-28T00:00:00.000Z;2026-10-04T23:59:59.999Z;
Poste;20834;500000;2000;2026-09-28T00:00:00.000Z;2026-10-04T23:59:59.999Z;
Poste;20835;500000;2000;2026-09-28T00:00:00.000Z;2026-10-04T23:59:59.999Z;
Poste;20836;500000;2000;2026-09-28T00:00:00.000Z;2026-10-04T23:59:59.999Z;
Poste;20837;500000;2000;2026-09-28T00:00:00.000Z;2026-10-04T23:59:59.999Z;
Poste;20838;500000;2000;2026-09-28T00:00:00.000Z;2026-10-04T23:59:59.999Z;
Poste;20841;500000;2000;2026-09-28T00:00:00.000Z;2026-10-04T23:59:59.999Z;
Poste;20842;500000;2000;2026-09-28T00:00:00.000Z;2026-10-04T23:59:59.999Z;
Poste;20843;500000;2000;2026-09-28T00:00:00.000Z;2026-10-04T23:59:59.999Z;
Poste;20844;500000;2000;2026-09-28T00:00:00.000Z;2026-10-04T23:59:59.999Z;
Poste;20845;500000;2000;2026-09-28T00:00:00.000Z;2026-10-04T23:59:59.999Z;
Poste;20846;500000;2000;2026-09-28T00:00:00.000Z;2026-10-04T23:59:59.999Z;
Poste;20847;500000;2000;2026-09-28T00:00:00.000Z;2026-10-04T23:59:59.999Z;
Poste;20851;500000;2000;2026-09-28T00:00:00.000Z;2026-10-04T23:59:59.999Z;
Poste;20852;500000;2000;2026-09-28T00:00:00.000Z;2026-10-04T23:59:59.999Z;
Poste;20853;500000;2000;2026-09-28T00:00:00.000Z;2026-10-04T23:59:59.999Z;
Poste;20854;500000;2000;2026-09-28T00:00:00.000Z;2026-10-04T23:59:59.999Z;
Poste;20855;500000;2000;2026-09-28T00:00:00.000Z;2026-10-04T23:59:59.999Z;
Poste;20856;500000;2000;2026-09-28T00:00:00.000Z;2026-10-04T23:59:59.999Z;
Poste;20857;500000;2000;2026-09-28T00:00:00.000Z;2026-10-04T23:59:59.999Z;
Poste;20861;500000;2000;2026-09-28T00:00:00.000Z;2026-10-04T23:59:59.999Z;
Poste;20862;500000;2000;2026-09-28T00:00:00.000Z;2026-10-04T23:59:59.999Z;
Poste;20863;500000;2000;2026-09-28T00:00:00.000Z;2026-10-04T23:59:59.999Z;
Poste;20864;500000;2000;2026-09-28T00:00:00.000Z;2026-10-04T23:59:59.999Z;
Poste;20865;500000;2000;2026-09-28T00:00:00.000Z;2026-10-04T23:59:59.999Z;
Poste;20866;500000;2000;2026-09-28T00:00:00.000Z;2026-10-04T23:59:59.999Z;
Poste;20867;500000;2000;2026-09-28T00:00:00.000Z;2026-10-04T23:59:59.999Z;
Poste;20871;500000;2000;2026-09-28T00:00:00.000Z;2026-10-04T23:59:59.999Z;
Poste;20872;500000;2000;2026-09-28T00:00:00.000Z;2026-10-04T23:59:59.999Z;
Poste;20873;500000;2000;2026-09-28T00:00:00.000Z;2026-10-04T23:59:59.999Z;
Poste;20874;500000;2000;2026-09-28T00:00:00.000Z;2026-10-04T23:59:59.999Z;
Poste;20875;500000;2000;2026-09-28T00:00:00.000Z;2026-10-04T23:59:59.999Z;
Poste;20876;500000;2000;2026-09-28T00:00:00.000Z;2026-10-04T23:59:59.999Z;
Poste;20877;500000;2000;2026-09-28T00:00:00.000Z;2026-10-04T23:59:59.999Z;
Poste;20881;500000;2000;2026-09-28T00:00:00.000Z;2026-10-04T23:59:59.999Z;
Poste;20882;500000;2000;2026-09-28T00:00:00.000Z;2026-10-04T23:59:59.999Z;
Poste;20883;500000;2000;2026-09-28T00:00:00.000Z;2026-10-04T23:59:59.999Z;
Poste;20884;500000;2000;2026-09-28T00:00:00.000Z;2026-10-04T23:59:59.999Z;
Poste;20885;500000;2000;2026-09-28T00:00:00.000Z;2026-10-04T23:59:59.999Z;
Poste;20886;500000;2000;2026-09-28T00:00:00.000Z;2026-10-04T23:59:59.999Z;
Poste;20900;500000;3000;2026-09-28T00:00:00.000Z;2026-10-04T23:59:59.999Z;
Poste;VA;500000;13650;2026-09-28T00:00:00.000Z;2026-10-04T23:59:59.999Z;890,AR,RS
Poste;21009;500000;2000;2026-09-28T00:00:00.000Z;2026-10-04T23:59:59.999Z;
Poste;21010;500000;2000;2026-09-28T00:00:00.000Z;2026-10-04T23:59:59.999Z;
Poste;21011;500000;2000;2026-09-28T00:00:00.000Z;2026-10-04T23:59:59.999Z;
Poste;21012;500000;2000;2026-09-28T00:00:00.000Z;2026-10-04T23:59:59.999Z;
Poste;21013;500000;2000;2026-09-28T00:00:00.000Z;2026-10-04T23:59:59.999Z;
Poste;21014;500000;2000;2026-09-28T00:00:00.000Z;2026-10-04T23:59:59.999Z;
Poste;21015;500000;2000;2026-09-28T00:00:00.000Z;2026-10-04T23:59:59.999Z;
Poste;21016;500000;2000;2026-09-28T00:00:00.000Z;2026-10-04T23:59:59.999Z;
Poste;21017;500000;2000;2026-09-28T00:00:00.000Z;2026-10-04T23:59:59.999Z;
Poste;21018;500000;2000;2026-09-28T00:00:00.000Z;2026-10-04T23:59:59.999Z;
Poste;21019;500000;2000;2026-09-28T00:00:00.000Z;2026-10-04T23:59:59.999Z;
Poste;21020;500000;2000;2026-09-28T00:00:00.000Z;2026-10-04T23:59:59.999Z;
Poste;21021;500000;2000;2026-09-28T00:00:00.000Z;2026-10-04T23:59:59.999Z;
Poste;21022;500000;2000;2026-09-28T00:00:00.000Z;2026-10-04T23:59:59.999Z;
Poste;21023;500000;2000;2026-09-28T00:00:00.000Z;2026-10-04T23:59:59.999Z;
Poste;21024;500000;2000;2026-09-28T00:00:00.000Z;2026-10-04T23:59:59.999Z;
Poste;21025;500000;2000;2026-09-28T00:00:00.000Z;2026-10-04T23:59:59.999Z;
Poste;21026;500000;2000;2026-09-28T00:00:00.000Z;2026-10-04T23:59:59.999Z;
Poste;21027;500000;2000;2026-09-28T00:00:00.000Z;2026-10-04T23:59:59.999Z;
Poste;21028;500000;2000;2026-09-28T00:00:00.000Z;2026-10-04T23:59:59.999Z;
Poste;21029;500000;2000;2026-09-28T00:00:00.000Z;2026-10-04T23:59:59.999Z;
Poste;21030;500000;2000;2026-09-28T00:00:00.000Z;2026-10-04T23:59:59.999Z;
Poste;21031;500000;2000;2026-09-28T00:00:00.000Z;2026-10-04T23:59:59.999Z;
Poste;21032;500000;2000;2026-09-28T00:00:00.000Z;2026-10-04T23:59:59.999Z;
Poste;21033;500000;2000;2026-09-28T00:00:00.000Z;2026-10-04T23:59:59.999Z;
Poste;21034;500000;2000;2026-09-28T00:00:00.000Z;2026-10-04T23:59:59.999Z;
Poste;21035;500000;2000;2026-09-28T00:00:00.000Z;2026-10-04T23:59:59.999Z;
Poste;21036;500000;2000;2026-09-28T00:00:00.000Z;2026-10-04T23:59:59.999Z;
Poste;21037;500000;2000;2026-09-28T00:00:00.000Z;2026-10-04T23:59:59.999Z;
Poste;21038;500000;2000;2026-09-28T00:00:00.000Z;2026-10-04T23:59:59.999Z;
Poste;21039;500000;2000;2026-09-28T00:00:00.000Z;2026-10-04T23:59:59.999Z;
Poste;21040;500000;2000;2026-09-28T00:00:00.000Z;2026-10-04T23:59:59.999Z;
Poste;21041;500000;2000;2026-09-28T00:00:00.000Z;2026-10-04T23:59:59.999Z;
Poste;21042;500000;2000;2026-09-28T00:00:00.000Z;2026-10-04T23:59:59.999Z;
Poste;21043;500000;2000;2026-09-28T00:00:00.000Z;2026-10-04T23:59:59.999Z;
Poste;21044;500000;2000;2026-09-28T00:00:00.000Z;2026-10-04T23:59:59.999Z;
Poste;21045;500000;2000;2026-09-28T00:00:00.000Z;2026-10-04T23:59:59.999Z;
Poste;21046;500000;2000;2026-09-28T00:00:00.000Z;2026-10-04T23:59:59.999Z;
Poste;21047;500000;2000;2026-09-28T00:00:00.000Z;2026-10-04T23:59:59.999Z;
Poste;21048;500000;2000;2026-09-28T00:00:00.000Z;2026-10-04T23:59:59.999Z;
Poste;21049;500000;2000;2026-09-28T00:00:00.000Z;2026-10-04T23:59:59.999Z;
Poste;21050;500000;2000;2026-09-28T00:00:00.000Z;2026-10-04T23:59:59.999Z;
Poste;21051;500000;2000;2026-09-28T00:00:00.000Z;2026-10-04T23:59:59.999Z;
Poste;21052;500000;2000;2026-09-28T00:00:00.000Z;2026-10-04T23:59:59.999Z;
Poste;21053;500000;2000;2026-09-28T00:00:00.000Z;2026-10-04T23:59:59.999Z;
Poste;21054;500000;2000;2026-09-28T00:00:00.000Z;2026-10-04T23:59:59.999Z;
Poste;21055;500000;2000;2026-09-28T00:00:00.000Z;2026-10-04T23:59:59.999Z;
Poste;21056;500000;2000;2026-09-28T00:00:00.000Z;2026-10-04T23:59:59.999Z;
Poste;21057;500000;2000;2026-09-28T00:00:00.000Z;2026-10-04T23:59:59.999Z;
Poste;21058;500000;2000;2026-09-28T00:00:00.000Z;2026-10-04T23:59:59.999Z;
Poste;21059;500000;2000;2026-09-28T00:00:00.000Z;2026-10-04T23:59:59.999Z;
Poste;21061;500000;2000;2026-09-28T00:00:00.000Z;2026-10-04T23:59:59.999Z;
Poste;21062;500000;2000;2026-09-28T00:00:00.000Z;2026-10-04T23:59:59.999Z;
Poste;21100;500000;3000;2026-09-28T00:00:00.000Z;2026-10-04T23:59:59.999Z;
Poste;CO;500000;9150;2026-09-28T00:00:00.000Z;2026-10-04T23:59:59.999Z;890,AR,RS
Poste;22010;500000;2000;2026-09-28T00:00:00.000Z;2026-10-04T23:59:59.999Z;
Poste;22011;500000;2000;2026-09-28T00:00:00.000Z;2026-10-04T23:59:59.999Z;
Poste;22012;500000;2000;2026-09-28T00:00:00.000Z;2026-10-04T23:59:59.999Z;
Poste;22013;500000;2000;2026-09-28T00:00:00.000Z;2026-10-04T23:59:59.999Z;
Poste;22014;500000;2000;2026-09-28T00:00:00.000Z;2026-10-04T23:59:59.999Z;
Poste;22015;500000;2000;2026-09-28T00:00:00.000Z;2026-10-04T23:59:59.999Z;
Poste;22016;500000;2000;2026-09-28T00:00:00.000Z;2026-10-04T23:59:59.999Z;
Poste;22017;500000;2000;2026-09-28T00:00:00.000Z;2026-10-04T23:59:59.999Z;
Poste;22018;500000;2000;2026-09-28T00:00:00.000Z;2026-10-04T23:59:59.999Z;
Poste;22019;500000;2000;2026-09-28T00:00:00.000Z;2026-10-04T23:59:59.999Z;
Poste;22020;500000;2000;2026-09-28T00:00:00.000Z;2026-10-04T23:59:59.999Z;
Poste;22021;500000;2000;2026-09-28T00:00:00.000Z;2026-10-04T23:59:59.999Z;
Poste;22023;500000;2000;2026-09-28T00:00:00.000Z;2026-10-04T23:59:59.999Z;
Poste;22024;500000;2000;2026-09-28T00:00:00.000Z;2026-10-04T23:59:59.999Z;
Poste;22025;500000;2000;2026-09-28T00:00:00.000Z;2026-10-04T23:59:59.999Z;
Poste;22026;500000;2000;2026-09-28T00:00:00.000Z;2026-10-04T23:59:59.999Z;
Poste;22027;500000;2000;2026-09-28T00:00:00.000Z;2026-10-04T23:59:59.999Z;
Poste;22028;500000;2000;2026-09-28T00:00:00.000Z;2026-10-04T23:59:59.999Z;
Poste;22029;500000;2000;2026-09-28T00:00:00.000Z;2026-10-04T23:59:59.999Z;
Poste;22030;500000;2000;2026-09-28T00:00:00.000Z;2026-10-04T23:59:59.999Z;
Poste;22031;500000;2000;2026-09-28T00:00:00.000Z;2026-10-04T23:59:59.999Z;
Poste;22032;500000;2000;2026-09-28T00:00:00.000Z;2026-10-04T23:59:59.999Z;
Poste;22033;500000;2000;2026-09-28T00:00:00.000Z;2026-10-04T23:59:59.999Z;
Poste;22034;500000;2000;2026-09-28T00:00:00.000Z;2026-10-04T23:59:59.999Z;
Poste;22035;500000;2000;2026-09-28T00:00:00.000Z;2026-10-04T23:59:59.999Z;
Poste;22036;500000;2000;2026-09-28T00:00:00.000Z;2026-10-04T23:59:59.999Z;
Poste;22037;500000;2000;2026-09-28T00:00:00.000Z;2026-10-04T23:59:59.999Z;
Poste;22038;500000;2000;2026-09-28T00:00:00.000Z;2026-10-04T23:59:59.999Z;
Poste;22039;500000;2000;2026-09-28T00:00:00.000Z;2026-10-04T23:59:59.999Z;
Poste;22040;500000;2000;2026-09-28T00:00:00.000Z;2026-10-04T23:59:59.999Z;
Poste;22041;500000;2000;2026-09-28T00:00:00.000Z;2026-10-04T23:59:59.999Z;
Poste;22042;500000;2000;2026-09-28T00:00:00.000Z;2026-10-04T23:59:59.999Z;
Poste;22043;500000;2000;2026-09-28T00:00:00.000Z;2026-10-04T23:59:59.999Z;
Poste;22044;500000;2000;2026-09-28T00:00:00.000Z;2026-10-04T23:59:59.999Z;
Poste;22045;500000;2000;2026-09-28T00:00:00.000Z;2026-10-04T23:59:59.999Z;
Poste;22046;500000;2000;2026-09-28T00:00:00.000Z;2026-10-04T23:59:59.999Z;
Poste;22060;500000;2000;2026-09-28T00:00:00.000Z;2026-10-04T23:59:59.999Z;
Poste;22061;500000;2000;2026-09-28T00:00:00.000Z;2026-10-04T23:59:59.999Z;
Poste;22063;500000;2000;2026-09-28T00:00:00.000Z;2026-10-04T23:59:59.999Z;
Poste;22066;500000;2000;2026-09-28T00:00:00.000Z;2026-10-04T23:59:59.999Z;
Poste;22069;500000;2000;2026-09-28T00:00:00.000Z;2026-10-04T23:59:59.999Z;
Poste;22070;500000;2000;2026-09-28T00:00:00.000Z;2026-10-04T23:59:59.999Z;
Poste;22071;500000;2000;2026-09-28T00:00:00.000Z;2026-10-04T23:59:59.999Z;
Poste;22072;500000;2000;2026-09-28T00:00:00.000Z;2026-10-04T23:59:59.999Z;
Poste;22073;500000;2000;2026-09-28T00:00:00.000Z;2026-10-04T23:59:59.999Z;
Poste;22074;500000;2000;2026-09-28T00:00:00.000Z;2026-10-04T23:59:59.999Z;
Poste;22075;500000;2000;2026-09-28T00:00:00.000Z;2026-10-04T23:59:59.999Z;
Poste;22076;500000;2000;2026-09-28T00:00:00.000Z;2026-10-04T23:59:59.999Z;
Poste;22077;500000;2000;2026-09-28T00:00:00.000Z;2026-10-04T23:59:59.999Z;
Poste;22078;500000;2000;2026-09-28T00:00:00.000Z;2026-10-04T23:59:59.999Z;
Poste;22079;500000;2000;2026-09-28T00:00:00.000Z;2026-10-04T23:59:59.999Z;
Poste;22100;500000;3000;2026-09-28T00:00:00.000Z;2026-10-04T23:59:59.999Z;
Poste;SO;500000;2650;2026-09-28T00:00:00.000Z;2026-10-04T23:59:59.999Z;890,AR,RS
Poste;23009;500000;2000;2026-09-28T00:00:00.000Z;2026-10-04T23:59:59.999Z;
Poste;23010;500000;2000;2026-09-28T00:00:00.000Z;2026-10-04T23:59:59.999Z;
Poste;23011;500000;2000;2026-09-28T00:00:00.000Z;2026-10-04T23:59:59.999Z;
Poste;23012;500000;2000;2026-09-28T00:00:00.000Z;2026-10-04T23:59:59.999Z;
Poste;23013;500000;2000;2026-09-28T00:00:00.000Z;2026-10-04T23:59:59.999Z;
Poste;23014;500000;2000;2026-09-28T00:00:00.000Z;2026-10-04T23:59:59.999Z;
Poste;23015;500000;2000;2026-09-28T00:00:00.000Z;2026-10-04T23:59:59.999Z;
Poste;23016;500000;2000;2026-09-28T00:00:00.000Z;2026-10-04T23:59:59.999Z;
Poste;23017;500000;2000;2026-09-28T00:00:00.000Z;2026-10-04T23:59:59.999Z;
Poste;23018;500000;2000;2026-09-28T00:00:00.000Z;2026-10-04T23:59:59.999Z;
Poste;23019;500000;2000;2026-09-28T00:00:00.000Z;2026-10-04T23:59:59.999Z;
Poste;23020;500000;2000;2026-09-28T00:00:00.000Z;2026-10-04T23:59:59.999Z;
Poste;23021;500000;2000;2026-09-28T00:00:00.000Z;2026-10-04T23:59:59.999Z;
Poste;23022;500000;2000;2026-09-28T00:00:00.000Z;2026-10-04T23:59:59.999Z;
Poste;23023;500000;2000;2026-09-28T00:00:00.000Z;2026-10-04T23:59:59.999Z;
Poste;23024;500000;2000;2026-09-28T00:00:00.000Z;2026-10-04T23:59:59.999Z;
Poste;23025;500000;2000;2026-09-28T00:00:00.000Z;2026-10-04T23:59:59.999Z;
Poste;23026;500000;2000;2026-09-28T00:00:00.000Z;2026-10-04T23:59:59.999Z;
Poste;23027;500000;2000;2026-09-28T00:00:00.000Z;2026-10-04T23:59:59.999Z;
Poste;23029;500000;2000;2026-09-28T00:00:00.000Z;2026-10-04T23:59:59.999Z;
Poste;23030;500000;2000;2026-09-28T00:00:00.000Z;2026-10-04T23:59:59.999Z;
Poste;23031;500000;2000;2026-09-28T00:00:00.000Z;2026-10-04T23:59:59.999Z;
Poste;23032;500000;2000;2026-09-28T00:00:00.000Z;2026-10-04T23:59:59.999Z;
Poste;23033;500000;2000;2026-09-28T00:00:00.000Z;2026-10-04T23:59:59.999Z;
Poste;23034;500000;2000;2026-09-28T00:00:00.000Z;2026-10-04T23:59:59.999Z;
Poste;23035;500000;2000;2026-09-28T00:00:00.000Z;2026-10-04T23:59:59.999Z;
Poste;23036;500000;2000;2026-09-28T00:00:00.000Z;2026-10-04T23:59:59.999Z;
Poste;23037;500000;2000;2026-09-28T00:00:00.000Z;2026-10-04T23:59:59.999Z;
Poste;23038;500000;2000;2026-09-28T00:00:00.000Z;2026-10-04T23:59:59.999Z;
Poste;23041;500000;2000;2026-09-28T00:00:00.000Z;2026-10-04T23:59:59.999Z;
Poste;23100;500000;3000;2026-09-28T00:00:00.000Z;2026-10-04T23:59:59.999Z;
Poste;LC;500000;4650;2026-09-28T00:00:00.000Z;2026-10-04T23:59:59.999Z;890,AR,RS
Poste;23801;500000;2000;2026-09-28T00:00:00.000Z;2026-10-04T23:59:59.999Z;
Poste;23802;500000;2000;2026-09-28T00:00:00.000Z;2026-10-04T23:59:59.999Z;
Poste;23804;500000;2000;2026-09-28T00:00:00.000Z;2026-10-04T23:59:59.999Z;
Poste;23805;500000;2000;2026-09-28T00:00:00.000Z;2026-10-04T23:59:59.999Z;
Poste;23807;500000;2000;2026-09-28T00:00:00.000Z;2026-10-04T23:59:59.999Z;
Poste;23808;500000;2000;2026-09-28T00:00:00.000Z;2026-10-04T23:59:59.999Z;
Poste;23811;500000;2000;2026-09-28T00:00:00.000Z;2026-10-04T23:59:59.999Z;
Poste;23813;500000;2000;2026-09-28T00:00:00.000Z;2026-10-04T23:59:59.999Z;
Poste;23814;500000;2000;2026-09-28T00:00:00.000Z;2026-10-04T23:59:59.999Z;
Poste;23815;500000;2000;2026-09-28T00:00:00.000Z;2026-10-04T23:59:59.999Z;
Poste;23816;500000;2000;2026-09-28T00:00:00.000Z;2026-10-04T23:59:59.999Z;
Poste;23817;500000;2000;2026-09-28T00:00:00.000Z;2026-10-04T23:59:59.999Z;
Poste;23818;500000;2000;2026-09-28T00:00:00.000Z;2026-10-04T23:59:59.999Z;
Poste;23819;500000;2000;2026-09-28T00:00:00.000Z;2026-10-04T23:59:59.999Z;
Poste;23821;500000;2000;2026-09-28T00:00:00.000Z;2026-10-04T23:59:59.999Z;
Poste;23822;500000;2000;2026-09-28T00:00:00.000Z;2026-10-04T23:59:59.999Z;
Poste;23823;500000;2000;2026-09-28T00:00:00.000Z;2026-10-04T23:59:59.999Z;
Poste;23824;500000;2000;2026-09-28T00:00:00.000Z;2026-10-04T23:59:59.999Z;
Poste;23825;500000;2000;2026-09-28T00:00:00.000Z;2026-10-04T23:59:59.999Z;
Poste;23826;500000;2000;2026-09-28T00:00:00.000Z;2026-10-04T23:59:59.999Z;
Poste;23827;500000;2000;2026-09-28T00:00:00.000Z;2026-10-04T23:59:59.999Z;
Poste;23828;500000;2000;2026-09-28T00:00:00.000Z;2026-10-04T23:59:59.999Z;
Poste;23829;500000;2000;2026-09-28T00:00:00.000Z;2026-10-04T23:59:59.999Z;
Poste;23831;500000;2000;2026-09-28T00:00:00.000Z;2026-10-04T23:59:59.999Z;
Poste;23832;500000;2000;2026-09-28T00:00:00.000Z;2026-10-04T23:59:59.999Z;
Poste;23833;500000;2000;2026-09-28T00:00:00.000Z;2026-10-04T23:59:59.999Z;
Poste;23834;500000;2000;2026-09-28T00:00:00.000Z;2026-10-04T23:59:59.999Z;
Poste;23835;500000;2000;2026-09-28T00:00:00.000Z;2026-10-04T23:59:59.999Z;
Poste;23836;500000;2000;2026-09-28T00:00:00.000Z;2026-10-04T23:59:59.999Z;
Poste;23837;500000;2000;2026-09-28T00:00:00.000Z;2026-10-04T23:59:59.999Z;
Poste;23841;500000;2000;2026-09-28T00:00:00.000Z;2026-10-04T23:59:59.999Z;
Poste;23842;500000;2000;2026-09-28T00:00:00.000Z;2026-10-04T23:59:59.999Z;
Poste;23843;500000;2000;2026-09-28T00:00:00.000Z;2026-10-04T23:59:59.999Z;
Poste;23844;500000;2000;2026-09-28T00:00:00.000Z;2026-10-04T23:59:59.999Z;
Poste;23845;500000;2000;2026-09-28T00:00:00.000Z;2026-10-04T23:59:59.999Z;
Poste;23846;500000;2000;2026-09-28T00:00:00.000Z;2026-10-04T23:59:59.999Z;
Poste;23847;500000;2000;2026-09-28T00:00:00.000Z;2026-10-04T23:59:59.999Z;
Poste;23848;500000;2000;2026-09-28T00:00:00.000Z;2026-10-04T23:59:59.999Z;
Poste;23849;500000;2000;2026-09-28T00:00:00.000Z;2026-10-04T23:59:59.999Z;
Poste;23851;500000;2000;2026-09-28T00:00:00.000Z;2026-10-04T23:59:59.999Z;
Poste;23852;500000;2000;2026-09-28T00:00:00.000Z;2026-10-04T23:59:59.999Z;
Poste;23854;500000;2000;2026-09-28T00:00:00.000Z;2026-10-04T23:59:59.999Z;
Poste;23855;500000;2000;2026-09-28T00:00:00.000Z;2026-10-04T23:59:59.999Z;
Poste;23857;500000;2000;2026-09-28T00:00:00.000Z;2026-10-04T23:59:59.999Z;
Poste;23861;500000;2000;2026-09-28T00:00:00.000Z;2026-10-04T23:59:59.999Z;
Poste;23862;500000;2000;2026-09-28T00:00:00.000Z;2026-10-04T23:59:59.999Z;
Poste;23864;500000;2000;2026-09-28T00:00:00.000Z;2026-10-04T23:59:59.999Z;
Poste;23865;500000;2000;2026-09-28T00:00:00.000Z;2026-10-04T23:59:59.999Z;
Poste;23867;500000;2000;2026-09-28T00:00:00.000Z;2026-10-04T23:59:59.999Z;
Poste;23868;500000;2000;2026-09-28T00:00:00.000Z;2026-10-04T23:59:59.999Z;
Poste;23870;500000;2000;2026-09-28T00:00:00.000Z;2026-10-04T23:59:59.999Z;
Poste;23871;500000;2000;2026-09-28T00:00:00.000Z;2026-10-04T23:59:59.999Z;
Poste;23873;500000;2000;2026-09-28T00:00:00.000Z;2026-10-04T23:59:59.999Z;
Poste;23874;500000;2000;2026-09-28T00:00:00.000Z;2026-10-04T23:59:59.999Z;
Poste;23875;500000;2000;2026-09-28T00:00:00.000Z;2026-10-04T23:59:59.999Z;
Poste;23876;500000;2000;2026-09-28T00:00:00.000Z;2026-10-04T23:59:59.999Z;
Poste;23877;500000;2000;2026-09-28T00:00:00.000Z;2026-10-04T23:59:59.999Z;
Poste;23878;500000;2000;2026-09-28T00:00:00.000Z;2026-10-04T23:59:59.999Z;
Poste;23879;500000;2000;2026-09-28T00:00:00.000Z;2026-10-04T23:59:59.999Z;
Poste;23880;500000;2000;2026-09-28T00:00:00.000Z;2026-10-04T23:59:59.999Z;
Poste;23881;500000;2000;2026-09-28T00:00:00.000Z;2026-10-04T23:59:59.999Z;
Poste;23883;500000;2000;2026-09-28T00:00:00.000Z;2026-10-04T23:59:59.999Z;
Poste;23884;500000;2000;2026-09-28T00:00:00.000Z;2026-10-04T23:59:59.999Z;
Poste;23885;500000;2000;2026-09-28T00:00:00.000Z;2026-10-04T23:59:59.999Z;
Poste;23886;500000;2000;2026-09-28T00:00:00.000Z;2026-10-04T23:59:59.999Z;
Poste;23887;500000;2000;2026-09-28T00:00:00.000Z;2026-10-04T23:59:59.999Z;
Poste;23888;500000;2000;2026-09-28T00:00:00.000Z;2026-10-04T23:59:59.999Z;
Poste;23889;500000;2000;2026-09-28T00:00:00.000Z;2026-10-04T23:59:59.999Z;
Poste;23890;500000;2000;2026-09-28T00:00:00.000Z;2026-10-04T23:59:59.999Z;
Poste;23891;500000;2000;2026-09-28T00:00:00.000Z;2026-10-04T23:59:59.999Z;
Poste;23892;500000;2000;2026-09-28T00:00:00.000Z;2026-10-04T23:59:59.999Z;
Poste;23893;500000;2000;2026-09-28T00:00:00.000Z;2026-10-04T23:59:59.999Z;
Poste;23894;500000;2000;2026-09-28T00:00:00.000Z;2026-10-04T23:59:59.999Z;
Poste;23895;500000;2000;2026-09-28T00:00:00.000Z;2026-10-04T23:59:59.999Z;
Poste;23896;500000;2000;2026-09-28T00:00:00.000Z;2026-10-04T23:59:59.999Z;
Poste;23897;500000;2000;2026-09-28T00:00:00.000Z;2026-10-04T23:59:59.999Z;
Poste;23898;500000;2000;2026-09-28T00:00:00.000Z;2026-10-04T23:59:59.999Z;
Poste;23899;500000;2000;2026-09-28T00:00:00.000Z;2026-10-04T23:59:59.999Z;
Poste;23900;500000;3000;2026-09-28T00:00:00.000Z;2026-10-04T23:59:59.999Z;
Poste;BG;500000;18200;2026-09-28T00:00:00.000Z;2026-10-04T23:59:59.999Z;890,AR,RS
Poste;24010;500000;2000;2026-09-28T00:00:00.000Z;2026-10-04T23:59:59.999Z;
Poste;24011;500000;2000;2026-09-28T00:00:00.000Z;2026-10-04T23:59:59.999Z;
Poste;24012;500000;2000;2026-09-28T00:00:00.000Z;2026-10-04T23:59:59.999Z;
Poste;24013;500000;2000;2026-09-28T00:00:00.000Z;2026-10-04T23:59:59.999Z;
Poste;24014;500000;2000;2026-09-28T00:00:00.000Z;2026-10-04T23:59:59.999Z;
Poste;24015;500000;2000;2026-09-28T00:00:00.000Z;2026-10-04T23:59:59.999Z;
Poste;24016;500000;2000;2026-09-28T00:00:00.000Z;2026-10-04T23:59:59.999Z;
Poste;24017;500000;2000;2026-09-28T00:00:00.000Z;2026-10-04T23:59:59.999Z;
Poste;24018;500000;2000;2026-09-28T00:00:00.000Z;2026-10-04T23:59:59.999Z;
Poste;24019;500000;2000;2026-09-28T00:00:00.000Z;2026-10-04T23:59:59.999Z;
Poste;24020;500000;2000;2026-09-28T00:00:00.000Z;2026-10-04T23:59:59.999Z;
Poste;24021;500000;2000;2026-09-28T00:00:00.000Z;2026-10-04T23:59:59.999Z;
Poste;24022;500000;2000;2026-09-28T00:00:00.000Z;2026-10-04T23:59:59.999Z;
Poste;24023;500000;2000;2026-09-28T00:00:00.000Z;2026-10-04T23:59:59.999Z;
Poste;24024;500000;2000;2026-09-28T00:00:00.000Z;2026-10-04T23:59:59.999Z;
Poste;24025;500000;2000;2026-09-28T00:00:00.000Z;2026-10-04T23:59:59.999Z;
Poste;24026;500000;2000;2026-09-28T00:00:00.000Z;2026-10-04T23:59:59.999Z;
Poste;24027;500000;2000;2026-09-28T00:00:00.000Z;2026-10-04T23:59:59.999Z;
Poste;24028;500000;2000;2026-09-28T00:00:00.000Z;2026-10-04T23:59:59.999Z;
Poste;24029;500000;2000;2026-09-28T00:00:00.000Z;2026-10-04T23:59:59.999Z;
Poste;24030;500000;2000;2026-09-28T00:00:00.000Z;2026-10-04T23:59:59.999Z;
Poste;24031;500000;2000;2026-09-28T00:00:00.000Z;2026-10-04T23:59:59.999Z;
Poste;24032;500000;2000;2026-09-28T00:00:00.000Z;2026-10-04T23:59:59.999Z;
Poste;24033;500000;2000;2026-09-28T00:00:00.000Z;2026-10-04T23:59:59.999Z;
Poste;24034;500000;2000;2026-09-28T00:00:00.000Z;2026-10-04T23:59:59.999Z;
Poste;24035;500000;2000;2026-09-28T00:00:00.000Z;2026-10-04T23:59:59.999Z;
Poste;24036;500000;2000;2026-09-28T00:00:00.000Z;2026-10-04T23:59:59.999Z;
Poste;24037;500000;2000;2026-09-28T00:00:00.000Z;2026-10-04T23:59:59.999Z;
Poste;24038;500000;2000;2026-09-28T00:00:00.000Z;2026-10-04T23:59:59.999Z;
Poste;24039;500000;2000;2026-09-28T00:00:00.000Z;2026-10-04T23:59:59.999Z;
Poste;24040;500000;2000;2026-09-28T00:00:00.000Z;2026-10-04T23:59:59.999Z;
Poste;24041;500000;2000;2026-09-28T00:00:00.000Z;2026-10-04T23:59:59.999Z;
Poste;24042;500000;2000;2026-09-28T00:00:00.000Z;2026-10-04T23:59:59.999Z;
Poste;24043;500000;2000;2026-09-28T00:00:00.000Z;2026-10-04T23:59:59.999Z;
Poste;24044;500000;2000;2026-09-28T00:00:00.000Z;2026-10-04T23:59:59.999Z;
Poste;24045;500000;2000;2026-09-28T00:00:00.000Z;2026-10-04T23:59:59.999Z;
Poste;24046;500000;2000;2026-09-28T00:00:00.000Z;2026-10-04T23:59:59.999Z;
Poste;24047;500000;2000;2026-09-28T00:00:00.000Z;2026-10-04T23:59:59.999Z;
Poste;24048;500000;2000;2026-09-28T00:00:00.000Z;2026-10-04T23:59:59.999Z;
Poste;24049;500000;2000;2026-09-28T00:00:00.000Z;2026-10-04T23:59:59.999Z;
Poste;24050;500000;2000;2026-09-28T00:00:00.000Z;2026-10-04T23:59:59.999Z;
Poste;24051;500000;2000;2026-09-28T00:00:00.000Z;2026-10-04T23:59:59.999Z;
Poste;24052;500000;2000;2026-09-28T00:00:00.000Z;2026-10-04T23:59:59.999Z;
Poste;24053;500000;2000;2026-09-28T00:00:00.000Z;2026-10-04T23:59:59.999Z;
Poste;24054;500000;2000;2026-09-28T00:00:00.000Z;2026-10-04T23:59:59.999Z;
Poste;24055;500000;2000;2026-09-28T00:00:00.000Z;2026-10-04T23:59:59.999Z;
Poste;24056;500000;2000;2026-09-28T00:00:00.000Z;2026-10-04T23:59:59.999Z;
Poste;24057;500000;2000;2026-09-28T00:00:00.000Z;2026-10-04T23:59:59.999Z;
Poste;24058;500000;2000;2026-09-28T00:00:00.000Z;2026-10-04T23:59:59.999Z;
Poste;24059;500000;2000;2026-09-28T00:00:00.000Z;2026-10-04T23:59:59.999Z;
Poste;24060;500000;2000;2026-09-28T00:00:00.000Z;2026-10-04T23:59:59.999Z;
Poste;24061;500000;2000;2026-09-28T00:00:00.000Z;2026-10-04T23:59:59.999Z;
Poste;24062;500000;2000;2026-09-28T00:00:00.000Z;2026-10-04T23:59:59.999Z;
Poste;24063;500000;2000;2026-09-28T00:00:00.000Z;2026-10-04T23:59:59.999Z;
Poste;24064;500000;2000;2026-09-28T00:00:00.000Z;2026-10-04T23:59:59.999Z;
Poste;24065;500000;2000;2026-09-28T00:00:00.000Z;2026-10-04T23:59:59.999Z;
Poste;24066;500000;2000;2026-09-28T00:00:00.000Z;2026-10-04T23:59:59.999Z;
Poste;24067;500000;2000;2026-09-28T00:00:00.000Z;2026-10-04T23:59:59.999Z;
Poste;24068;500000;2000;2026-09-28T00:00:00.000Z;2026-10-04T23:59:59.999Z;
Poste;24069;500000;2000;2026-09-28T00:00:00.000Z;2026-10-04T23:59:59.999Z;
Poste;24121;500000;3000;2026-09-28T00:00:00.000Z;2026-10-04T23:59:59.999Z;
Poste;24122;500000;3000;2026-09-28T00:00:00.000Z;2026-10-04T23:59:59.999Z;
Poste;24123;500000;3000;2026-09-28T00:00:00.000Z;2026-10-04T23:59:59.999Z;
Poste;24124;500000;3000;2026-09-28T00:00:00.000Z;2026-10-04T23:59:59.999Z;
Poste;24125;500000;3000;2026-09-28T00:00:00.000Z;2026-10-04T23:59:59.999Z;
Poste;24126;500000;3000;2026-09-28T00:00:00.000Z;2026-10-04T23:59:59.999Z;
Poste;24127;500000;3000;2026-09-28T00:00:00.000Z;2026-10-04T23:59:59.999Z;
Poste;24128;500000;3000;2026-09-28T00:00:00.000Z;2026-10-04T23:59:59.999Z;
Poste;24129;500000;3000;2026-09-28T00:00:00.000Z;2026-10-04T23:59:59.999Z;
Poste;BS;500000;22100;2026-09-28T00:00:00.000Z;2026-10-04T23:59:59.999Z;890,AR,RS
Poste;25010;500000;2000;2026-09-28T00:00:00.000Z;2026-10-04T23:59:59.999Z;
Poste;25011;500000;2000;2026-09-28T00:00:00.000Z;2026-10-04T23:59:59.999Z;
Poste;25012;500000;2000;2026-09-28T00:00:00.000Z;2026-10-04T23:59:59.999Z;
Poste;25013;500000;2000;2026-09-28T00:00:00.000Z;2026-10-04T23:59:59.999Z;
Poste;25014;500000;2000;2026-09-28T00:00:00.000Z;2026-10-04T23:59:59.999Z;
Poste;25015;500000;2000;2026-09-28T00:00:00.000Z;2026-10-04T23:59:59.999Z;
Poste;25016;500000;2000;2026-09-28T00:00:00.000Z;2026-10-04T23:59:59.999Z;
Poste;25017;500000;2000;2026-09-28T00:00:00.000Z;2026-10-04T23:59:59.999Z;
Poste;25018;500000;2000;2026-09-28T00:00:00.000Z;2026-10-04T23:59:59.999Z;
Poste;25019;500000;2000;2026-09-28T00:00:00.000Z;2026-10-04T23:59:59.999Z;
Poste;25020;500000;2000;2026-09-28T00:00:00.000Z;2026-10-04T23:59:59.999Z;
Poste;25021;500000;2000;2026-09-28T00:00:00.000Z;2026-10-04T23:59:59.999Z;
Poste;25022;500000;2000;2026-09-28T00:00:00.000Z;2026-10-04T23:59:59.999Z;
Poste;25023;500000;2000;2026-09-28T00:00:00.000Z;2026-10-04T23:59:59.999Z;
Poste;25024;500000;2000;2026-09-28T00:00:00.000Z;2026-10-04T23:59:59.999Z;
Poste;25025;500000;2000;2026-09-28T00:00:00.000Z;2026-10-04T23:59:59.999Z;
Poste;25026;500000;2000;2026-09-28T00:00:00.000Z;2026-10-04T23:59:59.999Z;
Poste;25027;500000;2000;2026-09-28T00:00:00.000Z;2026-10-04T23:59:59.999Z;
Poste;25028;500000;2000;2026-09-28T00:00:00.000Z;2026-10-04T23:59:59.999Z;
Poste;25029;500000;2000;2026-09-28T00:00:00.000Z;2026-10-04T23:59:59.999Z;
Poste;25030;500000;2000;2026-09-28T00:00:00.000Z;2026-10-04T23:59:59.999Z;
Poste;25031;500000;2000;2026-09-28T00:00:00.000Z;2026-10-04T23:59:59.999Z;
Poste;25032;500000;2000;2026-09-28T00:00:00.000Z;2026-10-04T23:59:59.999Z;
Poste;25033;500000;2000;2026-09-28T00:00:00.000Z;2026-10-04T23:59:59.999Z;
Poste;25034;500000;2000;2026-09-28T00:00:00.000Z;2026-10-04T23:59:59.999Z;
Poste;25035;500000;2000;2026-09-28T00:00:00.000Z;2026-10-04T23:59:59.999Z;
Poste;25036;500000;2000;2026-09-28T00:00:00.000Z;2026-10-04T23:59:59.999Z;
Poste;25037;500000;2000;2026-09-28T00:00:00.000Z;2026-10-04T23:59:59.999Z;
Poste;25038;500000;2000;2026-09-28T00:00:00.000Z;2026-10-04T23:59:59.999Z;
Poste;25039;500000;2000;2026-09-28T00:00:00.000Z;2026-10-04T23:59:59.999Z;
Poste;25040;500000;2000;2026-09-28T00:00:00.000Z;2026-10-04T23:59:59.999Z;
Poste;25042;500000;2000;2026-09-28T00:00:00.000Z;2026-10-04T23:59:59.999Z;
Poste;25043;500000;2000;2026-09-28T00:00:00.000Z;2026-10-04T23:59:59.999Z;
Poste;25044;500000;2000;2026-09-28T00:00:00.000Z;2026-10-04T23:59:59.999Z;
Poste;25045;500000;2000;2026-09-28T00:00:00.000Z;2026-10-04T23:59:59.999Z;
Poste;25046;500000;2000;2026-09-28T00:00:00.000Z;2026-10-04T23:59:59.999Z;
Poste;25047;500000;2000;2026-09-28T00:00:00.000Z;2026-10-04T23:59:59.999Z;
Poste;25048;500000;2000;2026-09-28T00:00:00.000Z;2026-10-04T23:59:59.999Z;
Poste;25049;500000;2000;2026-09-28T00:00:00.000Z;2026-10-04T23:59:59.999Z;
Poste;25050;500000;2000;2026-09-28T00:00:00.000Z;2026-10-04T23:59:59.999Z;
Poste;25051;500000;2000;2026-09-28T00:00:00.000Z;2026-10-04T23:59:59.999Z;
Poste;25052;500000;2000;2026-09-28T00:00:00.000Z;2026-10-04T23:59:59.999Z;
Poste;25053;500000;2000;2026-09-28T00:00:00.000Z;2026-10-04T23:59:59.999Z;
Poste;25054;500000;2000;2026-09-28T00:00:00.000Z;2026-10-04T23:59:59.999Z;
Poste;25055;500000;2000;2026-09-28T00:00:00.000Z;2026-10-04T23:59:59.999Z;
Poste;25056;500000;2000;2026-09-28T00:00:00.000Z;2026-10-04T23:59:59.999Z;
Poste;25057;500000;2000;2026-09-28T00:00:00.000Z;2026-10-04T23:59:59.999Z;
Poste;25058;500000;2000;2026-09-28T00:00:00.000Z;2026-10-04T23:59:59.999Z;
Poste;25059;500000;2000;2026-09-28T00:00:00.000Z;2026-10-04T23:59:59.999Z;
Poste;25060;500000;2000;2026-09-28T00:00:00.000Z;2026-10-04T23:59:59.999Z;
Poste;25061;500000;2000;2026-09-28T00:00:00.000Z;2026-10-04T23:59:59.999Z;
Poste;25062;500000;2000;2026-09-28T00:00:00.000Z;2026-10-04T23:59:59.999Z;
Poste;25063;500000;2000;2026-09-28T00:00:00.000Z;2026-10-04T23:59:59.999Z;
Poste;25064;500000;2000;2026-09-28T00:00:00.000Z;2026-10-04T23:59:59.999Z;
Poste;25065;500000;2000;2026-09-28T00:00:00.000Z;2026-10-04T23:59:59.999Z;
Poste;25068;500000;2000;2026-09-28T00:00:00.000Z;2026-10-04T23:59:59.999Z;
Poste;25069;500000;2000;2026-09-28T00:00:00.000Z;2026-10-04T23:59:59.999Z;
Poste;25070;500000;2000;2026-09-28T00:00:00.000Z;2026-10-04T23:59:59.999Z;
Poste;25071;500000;2000;2026-09-28T00:00:00.000Z;2026-10-04T23:59:59.999Z;
Poste;25072;500000;2000;2026-09-28T00:00:00.000Z;2026-10-04T23:59:59.999Z;
Poste;25073;500000;2000;2026-09-28T00:00:00.000Z;2026-10-04T23:59:59.999Z;
Poste;25074;500000;2000;2026-09-28T00:00:00.000Z;2026-10-04T23:59:59.999Z;
Poste;25075;500000;2000;2026-09-28T00:00:00.000Z;2026-10-04T23:59:59.999Z;
Poste;25076;500000;2000;2026-09-28T00:00:00.000Z;2026-10-04T23:59:59.999Z;
Poste;25077;500000;2000;2026-09-28T00:00:00.000Z;2026-10-04T23:59:59.999Z;
Poste;25078;500000;2000;2026-09-28T00:00:00.000Z;2026-10-04T23:59:59.999Z;
Poste;25079;500000;2000;2026-09-28T00:00:00.000Z;2026-10-04T23:59:59.999Z;
Poste;25080;500000;2000;2026-09-28T00:00:00.000Z;2026-10-04T23:59:59.999Z;
Poste;25081;500000;2000;2026-09-28T00:00:00.000Z;2026-10-04T23:59:59.999Z;
Poste;25082;500000;2000;2026-09-28T00:00:00.000Z;2026-10-04T23:59:59.999Z;
Poste;25083;500000;2000;2026-09-28T00:00:00.000Z;2026-10-04T23:59:59.999Z;
Poste;25084;500000;2000;2026-09-28T00:00:00.000Z;2026-10-04T23:59:59.999Z;
Poste;25085;500000;2000;2026-09-28T00:00:00.000Z;2026-10-04T23:59:59.999Z;
Poste;25086;500000;2000;2026-09-28T00:00:00.000Z;2026-10-04T23:59:59.999Z;
Poste;25087;500000;2000;2026-09-28T00:00:00.000Z;2026-10-04T23:59:59.999Z;
Poste;25088;500000;2000;2026-09-28T00:00:00.000Z;2026-10-04T23:59:59.999Z;
Poste;25089;500000;2000;2026-09-28T00:00:00.000Z;2026-10-04T23:59:59.999Z;
Poste;25121;500000;3000;2026-09-28T00:00:00.000Z;2026-10-04T23:59:59.999Z;
Poste;25122;500000;3000;2026-09-28T00:00:00.000Z;2026-10-04T23:59:59.999Z;
Poste;25123;500000;3000;2026-09-28T00:00:00.000Z;2026-10-04T23:59:59.999Z;
Poste;25124;500000;3000;2026-09-28T00:00:00.000Z;2026-10-04T23:59:59.999Z;
Poste;25125;500000;3000;2026-09-28T00:00:00.000Z;2026-10-04T23:59:59.999Z;
Poste;25126;500000;3000;2026-09-28T00:00:00.000Z;2026-10-04T23:59:59.999Z;
Poste;25127;500000;3000;2026-09-28T00:00:00.000Z;2026-10-04T23:59:59.999Z;
Poste;25128;500000;3000;2026-09-28T00:00:00.000Z;2026-10-04T23:59:59.999Z;
Poste;25129;500000;3000;2026-09-28T00:00:00.000Z;2026-10-04T23:59:59.999Z;
Poste;25131;500000;3000;2026-09-28T00:00:00.000Z;2026-10-04T23:59:59.999Z;
Poste;25132;500000;3000;2026-09-28T00:00:00.000Z;2026-10-04T23:59:59.999Z;
Poste;25133;500000;3000;2026-09-28T00:00:00.000Z;2026-10-04T23:59:59.999Z;
Poste;25134;500000;3000;2026-09-28T00:00:00.000Z;2026-10-04T23:59:59.999Z;
Poste;25135;500000;3000;2026-09-28T00:00:00.000Z;2026-10-04T23:59:59.999Z;
Poste;25136;500000;3000;2026-09-28T00:00:00.000Z;2026-10-04T23:59:59.999Z;
Poste;CR;500000;6500;2026-09-28T00:00:00.000Z;2026-10-04T23:59:59.999Z;890,AR,RS
Poste;26010;500000;2000;2026-09-28T00:00:00.000Z;2026-10-04T23:59:59.999Z;
Poste;26011;500000;2000;2026-09-28T00:00:00.000Z;2026-10-04T23:59:59.999Z;
Poste;26012;500000;2000;2026-09-28T00:00:00.000Z;2026-10-04T23:59:59.999Z;
Poste;26013;500000;2000;2026-09-28T00:00:00.000Z;2026-10-04T23:59:59.999Z;
Poste;26014;500000;2000;2026-09-28T00:00:00.000Z;2026-10-04T23:59:59.999Z;
Poste;26015;500000;2000;2026-09-28T00:00:00.000Z;2026-10-04T23:59:59.999Z;
Poste;26016;500000;2000;2026-09-28T00:00:00.000Z;2026-10-04T23:59:59.999Z;
Poste;26017;500000;2000;2026-09-28T00:00:00.000Z;2026-10-04T23:59:59.999Z;
Poste;26018;500000;2000;2026-09-28T00:00:00.000Z;2026-10-04T23:59:59.999Z;
Poste;26019;500000;2000;2026-09-28T00:00:00.000Z;2026-10-04T23:59:59.999Z;
Poste;26020;500000;2000;2026-09-28T00:00:00.000Z;2026-10-04T23:59:59.999Z;
Poste;26021;500000;2000;2026-09-28T00:00:00.000Z;2026-10-04T23:59:59.999Z;
Poste;26022;500000;2000;2026-09-28T00:00:00.000Z;2026-10-04T23:59:59.999Z;
Poste;26023;500000;2000;2026-09-28T00:00:00.000Z;2026-10-04T23:59:59.999Z;
Poste;26024;500000;2000;2026-09-28T00:00:00.000Z;2026-10-04T23:59:59.999Z;
Poste;26025;500000;2000;2026-09-28T00:00:00.000Z;2026-10-04T23:59:59.999Z;
Poste;26026;500000;2000;2026-09-28T00:00:00.000Z;2026-10-04T23:59:59.999Z;
Poste;26027;500000;2000;2026-09-28T00:00:00.000Z;2026-10-04T23:59:59.999Z;
Poste;26028;500000;2000;2026-09-28T00:00:00.000Z;2026-10-04T23:59:59.999Z;
Poste;26029;500000;2000;2026-09-28T00:00:00.000Z;2026-10-04T23:59:59.999Z;
Poste;26030;500000;2000;2026-09-28T00:00:00.000Z;2026-10-04T23:59:59.999Z;
Poste;26031;500000;2000;2026-09-28T00:00:00.000Z;2026-10-04T23:59:59.999Z;
Poste;26032;500000;2000;2026-09-28T00:00:00.000Z;2026-10-04T23:59:59.999Z;
Poste;26033;500000;2000;2026-09-28T00:00:00.000Z;2026-10-04T23:59:59.999Z;
Poste;26034;500000;2000;2026-09-28T00:00:00.000Z;2026-10-04T23:59:59.999Z;
Poste;26035;500000;2000;2026-09-28T00:00:00.000Z;2026-10-04T23:59:59.999Z;
Poste;26036;500000;2000;2026-09-28T00:00:00.000Z;2026-10-04T23:59:59.999Z;
Poste;26037;500000;2000;2026-09-28T00:00:00.000Z;2026-10-04T23:59:59.999Z;
Poste;26038;500000;2000;2026-09-28T00:00:00.000Z;2026-10-04T23:59:59.999Z;
Poste;26039;500000;2000;2026-09-28T00:00:00.000Z;2026-10-04T23:59:59.999Z;
Poste;26040;500000;2000;2026-09-28T00:00:00.000Z;2026-10-04T23:59:59.999Z;
Poste;26041;500000;2000;2026-09-28T00:00:00.000Z;2026-10-04T23:59:59.999Z;
Poste;26042;500000;2000;2026-09-28T00:00:00.000Z;2026-10-04T23:59:59.999Z;
Poste;26043;500000;2000;2026-09-28T00:00:00.000Z;2026-10-04T23:59:59.999Z;
Poste;26044;500000;2000;2026-09-28T00:00:00.000Z;2026-10-04T23:59:59.999Z;
Poste;26045;500000;2000;2026-09-28T00:00:00.000Z;2026-10-04T23:59:59.999Z;
Poste;26046;500000;2000;2026-09-28T00:00:00.000Z;2026-10-04T23:59:59.999Z;
Poste;26047;500000;2000;2026-09-28T00:00:00.000Z;2026-10-04T23:59:59.999Z;
Poste;26048;500000;2000;2026-09-28T00:00:00.000Z;2026-10-04T23:59:59.999Z;
Poste;26049;500000;2000;2026-09-28T00:00:00.000Z;2026-10-04T23:59:59.999Z;
Poste;26100;500000;3000;2026-09-28T00:00:00.000Z;2026-10-04T23:59:59.999Z;
Poste;LO;500000;4000;2026-09-28T00:00:00.000Z;2026-10-04T23:59:59.999Z;890,AR,RS
Poste;26811;500000;2000;2026-09-28T00:00:00.000Z;2026-10-04T23:59:59.999Z;
Poste;26812;500000;2000;2026-09-28T00:00:00.000Z;2026-10-04T23:59:59.999Z;
Poste;26813;500000;2000;2026-09-28T00:00:00.000Z;2026-10-04T23:59:59.999Z;
Poste;26814;500000;2000;2026-09-28T00:00:00.000Z;2026-10-04T23:59:59.999Z;
Poste;26815;500000;2000;2026-09-28T00:00:00.000Z;2026-10-04T23:59:59.999Z;
Poste;26816;500000;2000;2026-09-28T00:00:00.000Z;2026-10-04T23:59:59.999Z;
Poste;26817;500000;2000;2026-09-28T00:00:00.000Z;2026-10-04T23:59:59.999Z;
Poste;26818;500000;2000;2026-09-28T00:00:00.000Z;2026-10-04T23:59:59.999Z;
Poste;26821;500000;2000;2026-09-28T00:00:00.000Z;2026-10-04T23:59:59.999Z;
Poste;26822;500000;2000;2026-09-28T00:00:00.000Z;2026-10-04T23:59:59.999Z;
Poste;26823;500000;2000;2026-09-28T00:00:00.000Z;2026-10-04T23:59:59.999Z;
Poste;26824;500000;2000;2026-09-28T00:00:00.000Z;2026-10-04T23:59:59.999Z;
Poste;26825;500000;2000;2026-09-28T00:00:00.000Z;2026-10-04T23:59:59.999Z;
Poste;26826;500000;2000;2026-09-28T00:00:00.000Z;2026-10-04T23:59:59.999Z;
Poste;26827;500000;2000;2026-09-28T00:00:00.000Z;2026-10-04T23:59:59.999Z;
Poste;26828;500000;2000;2026-09-28T00:00:00.000Z;2026-10-04T23:59:59.999Z;
Poste;26831;500000;2000;2026-09-28T00:00:00.000Z;2026-10-04T23:59:59.999Z;
Poste;26832;500000;2000;2026-09-28T00:00:00.000Z;2026-10-04T23:59:59.999Z;
Poste;26833;500000;2000;2026-09-28T00:00:00.000Z;2026-10-04T23:59:59.999Z;
Poste;26834;500000;2000;2026-09-28T00:00:00.000Z;2026-10-04T23:59:59.999Z;
Poste;26835;500000;2000;2026-09-28T00:00:00.000Z;2026-10-04T23:59:59.999Z;
Poste;26836;500000;2000;2026-09-28T00:00:00.000Z;2026-10-04T23:59:59.999Z;
Poste;26837;500000;2000;2026-09-28T00:00:00.000Z;2026-10-04T23:59:59.999Z;
Poste;26838;500000;2000;2026-09-28T00:00:00.000Z;2026-10-04T23:59:59.999Z;
Poste;26839;500000;2000;2026-09-28T00:00:00.000Z;2026-10-04T23:59:59.999Z;
Poste;26841;500000;2000;2026-09-28T00:00:00.000Z;2026-10-04T23:59:59.999Z;
Poste;26842;500000;2000;2026-09-28T00:00:00.000Z;2026-10-04T23:59:59.999Z;
Poste;26843;500000;2000;2026-09-28T00:00:00.000Z;2026-10-04T23:59:59.999Z;
Poste;26844;500000;2000;2026-09-28T00:00:00.000Z;2026-10-04T23:59:59.999Z;
Poste;26845;500000;2000;2026-09-28T00:00:00.000Z;2026-10-04T23:59:59.999Z;
Poste;26846;500000;2000;2026-09-28T00:00:00.000Z;2026-10-04T23:59:59.999Z;
Poste;26847;500000;2000;2026-09-28T00:00:00.000Z;2026-10-04T23:59:59.999Z;
Poste;26848;500000;2000;2026-09-28T00:00:00.000Z;2026-10-04T23:59:59.999Z;
Poste;26849;500000;2000;2026-09-28T00:00:00.000Z;2026-10-04T23:59:59.999Z;
Poste;26851;500000;2000;2026-09-28T00:00:00.000Z;2026-10-04T23:59:59.999Z;
Poste;26852;500000;2000;2026-09-28T00:00:00.000Z;2026-10-04T23:59:59.999Z;
Poste;26853;500000;2000;2026-09-28T00:00:00.000Z;2026-10-04T23:59:59.999Z;
Poste;26854;500000;2000;2026-09-28T00:00:00.000Z;2026-10-04T23:59:59.999Z;
Poste;26855;500000;2000;2026-09-28T00:00:00.000Z;2026-10-04T23:59:59.999Z;
Poste;26856;500000;2000;2026-09-28T00:00:00.000Z;2026-10-04T23:59:59.999Z;
Poste;26857;500000;2000;2026-09-28T00:00:00.000Z;2026-10-04T23:59:59.999Z;
Poste;26858;500000;2000;2026-09-28T00:00:00.000Z;2026-10-04T23:59:59.999Z;
Poste;26859;500000;2000;2026-09-28T00:00:00.000Z;2026-10-04T23:59:59.999Z;
Poste;26861;500000;2000;2026-09-28T00:00:00.000Z;2026-10-04T23:59:59.999Z;
Poste;26862;500000;2000;2026-09-28T00:00:00.000Z;2026-10-04T23:59:59.999Z;
Poste;26863;500000;2000;2026-09-28T00:00:00.000Z;2026-10-04T23:59:59.999Z;
Poste;26864;500000;2000;2026-09-28T00:00:00.000Z;2026-10-04T23:59:59.999Z;
Poste;26865;500000;2000;2026-09-28T00:00:00.000Z;2026-10-04T23:59:59.999Z;
Poste;26866;500000;2000;2026-09-28T00:00:00.000Z;2026-10-04T23:59:59.999Z;
Poste;26867;500000;2000;2026-09-28T00:00:00.000Z;2026-10-04T23:59:59.999Z;
Poste;26900;500000;3000;2026-09-28T00:00:00.000Z;2026-10-04T23:59:59.999Z;
Poste;PV;500000;10400;2026-09-28T00:00:00.000Z;2026-10-04T23:59:59.999Z;890,AR,RS
Poste;27010;500000;2000;2026-09-28T00:00:00.000Z;2026-10-04T23:59:59.999Z;
Poste;27011;500000;2000;2026-09-28T00:00:00.000Z;2026-10-04T23:59:59.999Z;
Poste;27012;500000;2000;2026-09-28T00:00:00.000Z;2026-10-04T23:59:59.999Z;
Poste;27013;500000;2000;2026-09-28T00:00:00.000Z;2026-10-04T23:59:59.999Z;
Poste;27014;500000;2000;2026-09-28T00:00:00.000Z;2026-10-04T23:59:59.999Z;
Poste;27015;500000;2000;2026-09-28T00:00:00.000Z;2026-10-04T23:59:59.999Z;
Poste;27016;500000;2000;2026-09-28T00:00:00.000Z;2026-10-04T23:59:59.999Z;
Poste;27017;500000;2000;2026-09-28T00:00:00.000Z;2026-10-04T23:59:59.999Z;
Poste;27018;500000;2000;2026-09-28T00:00:00.000Z;2026-10-04T23:59:59.999Z;
Poste;27019;500000;2000;2026-09-28T00:00:00.000Z;2026-10-04T23:59:59.999Z;
Poste;27020;500000;2000;2026-09-28T00:00:00.000Z;2026-10-04T23:59:59.999Z;
Poste;27021;500000;2000;2026-09-28T00:00:00.000Z;2026-10-04T23:59:59.999Z;
Poste;27022;500000;2000;2026-09-28T00:00:00.000Z;2026-10-04T23:59:59.999Z;
Poste;27023;500000;2000;2026-09-28T00:00:00.000Z;2026-10-04T23:59:59.999Z;
Poste;27024;500000;2000;2026-09-28T00:00:00.000Z;2026-10-04T23:59:59.999Z;
Poste;27025;500000;2000;2026-09-28T00:00:00.000Z;2026-10-04T23:59:59.999Z;
Poste;27026;500000;2000;2026-09-28T00:00:00.000Z;2026-10-04T23:59:59.999Z;
Poste;27027;500000;2000;2026-09-28T00:00:00.000Z;2026-10-04T23:59:59.999Z;
Poste;27028;500000;2000;2026-09-28T00:00:00.000Z;2026-10-04T23:59:59.999Z;
Poste;27029;500000;2000;2026-09-28T00:00:00.000Z;2026-10-04T23:59:59.999Z;
Poste;27030;500000;2000;2026-09-28T00:00:00.000Z;2026-10-04T23:59:59.999Z;
Poste;27031;500000;2000;2026-09-28T00:00:00.000Z;2026-10-04T23:59:59.999Z;
Poste;27032;500000;2000;2026-09-28T00:00:00.000Z;2026-10-04T23:59:59.999Z;
Poste;27033;500000;2000;2026-09-28T00:00:00.000Z;2026-10-04T23:59:59.999Z;
Poste;27034;500000;2000;2026-09-28T00:00:00.000Z;2026-10-04T23:59:59.999Z;
Poste;27035;500000;2000;2026-09-28T00:00:00.000Z;2026-10-04T23:59:59.999Z;
Poste;27036;500000;2000;2026-09-28T00:00:00.000Z;2026-10-04T23:59:59.999Z;
Poste;27037;500000;2000;2026-09-28T00:00:00.000Z;2026-10-04T23:59:59.999Z;
Poste;27038;500000;2000;2026-09-28T00:00:00.000Z;2026-10-04T23:59:59.999Z;
Poste;27039;500000;2000;2026-09-28T00:00:00.000Z;2026-10-04T23:59:59.999Z;
Poste;27040;500000;2000;2026-09-28T00:00:00.000Z;2026-10-04T23:59:59.999Z;
Poste;27041;500000;2000;2026-09-28T00:00:00.000Z;2026-10-04T23:59:59.999Z;
Poste;27042;500000;2000;2026-09-28T00:00:00.000Z;2026-10-04T23:59:59.999Z;
Poste;27043;500000;2000;2026-09-28T00:00:00.000Z;2026-10-04T23:59:59.999Z;
Poste;27044;500000;2000;2026-09-28T00:00:00.000Z;2026-10-04T23:59:59.999Z;
Poste;27045;500000;2000;2026-09-28T00:00:00.000Z;2026-10-04T23:59:59.999Z;
Poste;27046;500000;2000;2026-09-28T00:00:00.000Z;2026-10-04T23:59:59.999Z;
Poste;27047;500000;2000;2026-09-28T00:00:00.000Z;2026-10-04T23:59:59.999Z;
Poste;27048;500000;2000;2026-09-28T00:00:00.000Z;2026-10-04T23:59:59.999Z;
Poste;27049;500000;2000;2026-09-28T00:00:00.000Z;2026-10-04T23:59:59.999Z;
Poste;27050;500000;2000;2026-09-28T00:00:00.000Z;2026-10-04T23:59:59.999Z;
Poste;27051;500000;2000;2026-09-28T00:00:00.000Z;2026-10-04T23:59:59.999Z;
Poste;27052;500000;2000;2026-09-28T00:00:00.000Z;2026-10-04T23:59:59.999Z;
Poste;27053;500000;2000;2026-09-28T00:00:00.000Z;2026-10-04T23:59:59.999Z;
Poste;27054;500000;2000;2026-09-28T00:00:00.000Z;2026-10-04T23:59:59.999Z;
Poste;27055;500000;2000;2026-09-28T00:00:00.000Z;2026-10-04T23:59:59.999Z;
Poste;27056;500000;2000;2026-09-28T00:00:00.000Z;2026-10-04T23:59:59.999Z;
Poste;27057;500000;2000;2026-09-28T00:00:00.000Z;2026-10-04T23:59:59.999Z;
Poste;27058;500000;2000;2026-09-28T00:00:00.000Z;2026-10-04T23:59:59.999Z;
Poste;27059;500000;2000;2026-09-28T00:00:00.000Z;2026-10-04T23:59:59.999Z;
Poste;27061;500000;2000;2026-09-28T00:00:00.000Z;2026-10-04T23:59:59.999Z;
Poste;27062;500000;2000;2026-09-28T00:00:00.000Z;2026-10-04T23:59:59.999Z;
Poste;27063;500000;2000;2026-09-28T00:00:00.000Z;2026-10-04T23:59:59.999Z;
Poste;27100;500000;3000;2026-09-28T00:00:00.000Z;2026-10-04T23:59:59.999Z;
Poste;NO;500000;7850;2026-09-28T00:00:00.000Z;2026-10-04T23:59:59.999Z;890,AR,RS
Poste;28010;500000;2000;2026-09-28T00:00:00.000Z;2026-10-04T23:59:59.999Z;
Poste;28011;500000;2000;2026-09-28T00:00:00.000Z;2026-10-04T23:59:59.999Z;
Poste;28012;500000;2000;2026-09-28T00:00:00.000Z;2026-10-04T23:59:59.999Z;
Poste;28013;500000;2000;2026-09-28T00:00:00.000Z;2026-10-04T23:59:59.999Z;
Poste;28014;500000;2000;2026-09-28T00:00:00.000Z;2026-10-04T23:59:59.999Z;
Poste;28015;500000;2000;2026-09-28T00:00:00.000Z;2026-10-04T23:59:59.999Z;
Poste;28016;500000;2000;2026-09-28T00:00:00.000Z;2026-10-04T23:59:59.999Z;
Poste;28017;500000;2000;2026-09-28T00:00:00.000Z;2026-10-04T23:59:59.999Z;
Poste;28019;500000;2000;2026-09-28T00:00:00.000Z;2026-10-04T23:59:59.999Z;
Poste;28021;500000;2000;2026-09-28T00:00:00.000Z;2026-10-04T23:59:59.999Z;
Poste;28024;500000;2000;2026-09-28T00:00:00.000Z;2026-10-04T23:59:59.999Z;
Poste;28028;500000;2000;2026-09-28T00:00:00.000Z;2026-10-04T23:59:59.999Z;
Poste;28040;500000;2000;2026-09-28T00:00:00.000Z;2026-10-04T23:59:59.999Z;
Poste;28041;500000;2000;2026-09-28T00:00:00.000Z;2026-10-04T23:59:59.999Z;
Poste;28043;500000;2000;2026-09-28T00:00:00.000Z;2026-10-04T23:59:59.999Z;
Poste;28045;500000;2000;2026-09-28T00:00:00.000Z;2026-10-04T23:59:59.999Z;
Poste;28046;500000;2000;2026-09-28T00:00:00.000Z;2026-10-04T23:59:59.999Z;
Poste;28047;500000;2000;2026-09-28T00:00:00.000Z;2026-10-04T23:59:59.999Z;
Poste;28050;500000;2000;2026-09-28T00:00:00.000Z;2026-10-04T23:59:59.999Z;
Poste;28053;500000;2000;2026-09-28T00:00:00.000Z;2026-10-04T23:59:59.999Z;
Poste;28060;500000;2000;2026-09-28T00:00:00.000Z;2026-10-04T23:59:59.999Z;
Poste;28061;500000;2000;2026-09-28T00:00:00.000Z;2026-10-04T23:59:59.999Z;
Poste;28062;500000;2000;2026-09-28T00:00:00.000Z;2026-10-04T23:59:59.999Z;
Poste;28064;500000;2000;2026-09-28T00:00:00.000Z;2026-10-04T23:59:59.999Z;
Poste;28065;500000;2000;2026-09-28T00:00:00.000Z;2026-10-04T23:59:59.999Z;
Poste;28066;500000;2000;2026-09-28T00:00:00.000Z;2026-10-04T23:59:59.999Z;
Poste;28068;500000;2000;2026-09-28T00:00:00.000Z;2026-10-04T23:59:59.999Z;
Poste;28069;500000;2000;2026-09-28T00:00:00.000Z;2026-10-04T23:59:59.999Z;
Poste;28070;500000;2000;2026-09-28T00:00:00.000Z;2026-10-04T23:59:59.999Z;
Poste;28071;500000;2000;2026-09-28T00:00:00.000Z;2026-10-04T23:59:59.999Z;
Poste;28072;500000;2000;2026-09-28T00:00:00.000Z;2026-10-04T23:59:59.999Z;
Poste;28073;500000;2000;2026-09-28T00:00:00.000Z;2026-10-04T23:59:59.999Z;
Poste;28074;500000;2000;2026-09-28T00:00:00.000Z;2026-10-04T23:59:59.999Z;
Poste;28075;500000;2000;2026-09-28T00:00:00.000Z;2026-10-04T23:59:59.999Z;
Poste;28076;500000;2000;2026-09-28T00:00:00.000Z;2026-10-04T23:59:59.999Z;
Poste;28077;500000;2000;2026-09-28T00:00:00.000Z;2026-10-04T23:59:59.999Z;
Poste;28078;500000;2000;2026-09-28T00:00:00.000Z;2026-10-04T23:59:59.999Z;
Poste;28079;500000;2000;2026-09-28T00:00:00.000Z;2026-10-04T23:59:59.999Z;
Poste;28100;500000;3000;2026-09-28T00:00:00.000Z;2026-10-04T23:59:59.999Z;
Poste;VB;500000;3350;2026-09-28T00:00:00.000Z;2026-10-04T23:59:59.999Z;890,AR,RS
Poste;28801;500000;2000;2026-09-28T00:00:00.000Z;2026-10-04T23:59:59.999Z;
Poste;28802;500000;2000;2026-09-28T00:00:00.000Z;2026-10-04T23:59:59.999Z;
Poste;28803;500000;2000;2026-09-28T00:00:00.000Z;2026-10-04T23:59:59.999Z;
Poste;28804;500000;2000;2026-09-28T00:00:00.000Z;2026-10-04T23:59:59.999Z;
Poste;28805;500000;2000;2026-09-28T00:00:00.000Z;2026-10-04T23:59:59.999Z;
Poste;28811;500000;2000;2026-09-28T00:00:00.000Z;2026-10-04T23:59:59.999Z;
Poste;28812;500000;2000;2026-09-28T00:00:00.000Z;2026-10-04T23:59:59.999Z;
Poste;28813;500000;2000;2026-09-28T00:00:00.000Z;2026-10-04T23:59:59.999Z;
Poste;28814;500000;2000;2026-09-28T00:00:00.000Z;2026-10-04T23:59:59.999Z;
Poste;28815;500000;2000;2026-09-28T00:00:00.000Z;2026-10-04T23:59:59.999Z;
Poste;28816;500000;2000;2026-09-28T00:00:00.000Z;2026-10-04T23:59:59.999Z;
Poste;28817;500000;2000;2026-09-28T00:00:00.000Z;2026-10-04T23:59:59.999Z;
Poste;28818;500000;2000;2026-09-28T00:00:00.000Z;2026-10-04T23:59:59.999Z;
Poste;28819;500000;2000;2026-09-28T00:00:00.000Z;2026-10-04T23:59:59.999Z;
Poste;28821;500000;2000;2026-09-28T00:00:00.000Z;2026-10-04T23:59:59.999Z;
Poste;28822;500000;2000;2026-09-28T00:00:00.000Z;2026-10-04T23:59:59.999Z;
Poste;28823;500000;2000;2026-09-28T00:00:00.000Z;2026-10-04T23:59:59.999Z;
Poste;28824;500000;2000;2026-09-28T00:00:00.000Z;2026-10-04T23:59:59.999Z;
Poste;28826;500000;2000;2026-09-28T00:00:00.000Z;2026-10-04T23:59:59.999Z;
Poste;28827;500000;2000;2026-09-28T00:00:00.000Z;2026-10-04T23:59:59.999Z;
Poste;28828;500000;2000;2026-09-28T00:00:00.000Z;2026-10-04T23:59:59.999Z;
Poste;28831;500000;2000;2026-09-28T00:00:00.000Z;2026-10-04T23:59:59.999Z;
Poste;28832;500000;2000;2026-09-28T00:00:00.000Z;2026-10-04T23:59:59.999Z;
Poste;28833;500000;2000;2026-09-28T00:00:00.000Z;2026-10-04T23:59:59.999Z;
Poste;28836;500000;2000;2026-09-28T00:00:00.000Z;2026-10-04T23:59:59.999Z;
Poste;28838;500000;2000;2026-09-28T00:00:00.000Z;2026-10-04T23:59:59.999Z;
Poste;28841;500000;2000;2026-09-28T00:00:00.000Z;2026-10-04T23:59:59.999Z;
Poste;28842;500000;2000;2026-09-28T00:00:00.000Z;2026-10-04T23:59:59.999Z;
Poste;28843;500000;2000;2026-09-28T00:00:00.000Z;2026-10-04T23:59:59.999Z;
Poste;28844;500000;2000;2026-09-28T00:00:00.000Z;2026-10-04T23:59:59.999Z;
Poste;28845;500000;2000;2026-09-28T00:00:00.000Z;2026-10-04T23:59:59.999Z;
Poste;28846;500000;2000;2026-09-28T00:00:00.000Z;2026-10-04T23:59:59.999Z;
Poste;28851;500000;2000;2026-09-28T00:00:00.000Z;2026-10-04T23:59:59.999Z;
Poste;28852;500000;2000;2026-09-28T00:00:00.000Z;2026-10-04T23:59:59.999Z;
Poste;28853;500000;2000;2026-09-28T00:00:00.000Z;2026-10-04T23:59:59.999Z;
Poste;28854;500000;2000;2026-09-28T00:00:00.000Z;2026-10-04T23:59:59.999Z;
Poste;28855;500000;2000;2026-09-28T00:00:00.000Z;2026-10-04T23:59:59.999Z;
Poste;28856;500000;2000;2026-09-28T00:00:00.000Z;2026-10-04T23:59:59.999Z;
Poste;28857;500000;2000;2026-09-28T00:00:00.000Z;2026-10-04T23:59:59.999Z;
Poste;28858;500000;2000;2026-09-28T00:00:00.000Z;2026-10-04T23:59:59.999Z;
Poste;28859;500000;2000;2026-09-28T00:00:00.000Z;2026-10-04T23:59:59.999Z;
Poste;28861;500000;2000;2026-09-28T00:00:00.000Z;2026-10-04T23:59:59.999Z;
Poste;28862;500000;2000;2026-09-28T00:00:00.000Z;2026-10-04T23:59:59.999Z;
Poste;28863;500000;2000;2026-09-28T00:00:00.000Z;2026-10-04T23:59:59.999Z;
Poste;28864;500000;2000;2026-09-28T00:00:00.000Z;2026-10-04T23:59:59.999Z;
Poste;28865;500000;2000;2026-09-28T00:00:00.000Z;2026-10-04T23:59:59.999Z;
Poste;28866;500000;2000;2026-09-28T00:00:00.000Z;2026-10-04T23:59:59.999Z;
Poste;28868;500000;2000;2026-09-28T00:00:00.000Z;2026-10-04T23:59:59.999Z;
Poste;28871;500000;2000;2026-09-28T00:00:00.000Z;2026-10-04T23:59:59.999Z;
Poste;28873;500000;2000;2026-09-28T00:00:00.000Z;2026-10-04T23:59:59.999Z;
Poste;28875;500000;2000;2026-09-28T00:00:00.000Z;2026-10-04T23:59:59.999Z;
Poste;28876;500000;2000;2026-09-28T00:00:00.000Z;2026-10-04T23:59:59.999Z;
Poste;28877;500000;2000;2026-09-28T00:00:00.000Z;2026-10-04T23:59:59.999Z;
Poste;28879;500000;2000;2026-09-28T00:00:00.000Z;2026-10-04T23:59:59.999Z;
Poste;28881;500000;2000;2026-09-28T00:00:00.000Z;2026-10-04T23:59:59.999Z;
Poste;28883;500000;2000;2026-09-28T00:00:00.000Z;2026-10-04T23:59:59.999Z;
Poste;28884;500000;2000;2026-09-28T00:00:00.000Z;2026-10-04T23:59:59.999Z;
Poste;28885;500000;2000;2026-09-28T00:00:00.000Z;2026-10-04T23:59:59.999Z;
Poste;28886;500000;2000;2026-09-28T00:00:00.000Z;2026-10-04T23:59:59.999Z;
Poste;28887;500000;2000;2026-09-28T00:00:00.000Z;2026-10-04T23:59:59.999Z;
Poste;28891;500000;2000;2026-09-28T00:00:00.000Z;2026-10-04T23:59:59.999Z;
Poste;28893;500000;2000;2026-09-28T00:00:00.000Z;2026-10-04T23:59:59.999Z;
Poste;28894;500000;2000;2026-09-28T00:00:00.000Z;2026-10-04T23:59:59.999Z;
Poste;28895;500000;2000;2026-09-28T00:00:00.000Z;2026-10-04T23:59:59.999Z;
Poste;28896;500000;2000;2026-09-28T00:00:00.000Z;2026-10-04T23:59:59.999Z;
Poste;28897;500000;2000;2026-09-28T00:00:00.000Z;2026-10-04T23:59:59.999Z;
Poste;28898;500000;2000;2026-09-28T00:00:00.000Z;2026-10-04T23:59:59.999Z;
Poste;28899;500000;2000;2026-09-28T00:00:00.000Z;2026-10-04T23:59:59.999Z;
Poste;28921;500000;3000;2026-09-28T00:00:00.000Z;2026-10-04T23:59:59.999Z;
Poste;28922;500000;3000;2026-09-28T00:00:00.000Z;2026-10-04T23:59:59.999Z;
Poste;28923;500000;3000;2026-09-28T00:00:00.000Z;2026-10-04T23:59:59.999Z;
Poste;28924;500000;3000;2026-09-28T00:00:00.000Z;2026-10-04T23:59:59.999Z;
Poste;28925;500000;3000;2026-09-28T00:00:00.000Z;2026-10-04T23:59:59.999Z;
Poste;PC;500000;7100;2026-09-28T00:00:00.000Z;2026-10-04T23:59:59.999Z;890,AR,RS
Poste;29010;500000;2000;2026-09-28T00:00:00.000Z;2026-10-04T23:59:59.999Z;
Poste;29011;500000;2000;2026-09-28T00:00:00.000Z;2026-10-04T23:59:59.999Z;
Poste;29012;500000;2000;2026-09-28T00:00:00.000Z;2026-10-04T23:59:59.999Z;
Poste;29013;500000;2000;2026-09-28T00:00:00.000Z;2026-10-04T23:59:59.999Z;
Poste;29014;500000;2000;2026-09-28T00:00:00.000Z;2026-10-04T23:59:59.999Z;
Poste;29015;500000;2000;2026-09-28T00:00:00.000Z;2026-10-04T23:59:59.999Z;
Poste;29016;500000;2000;2026-09-28T00:00:00.000Z;2026-10-04T23:59:59.999Z;
Poste;29017;500000;2000;2026-09-28T00:00:00.000Z;2026-10-04T23:59:59.999Z;
Poste;29018;500000;2000;2026-09-28T00:00:00.000Z;2026-10-04T23:59:59.999Z;
Poste;29019;500000;2000;2026-09-28T00:00:00.000Z;2026-10-04T23:59:59.999Z;
Poste;29020;500000;2000;2026-09-28T00:00:00.000Z;2026-10-04T23:59:59.999Z;
Poste;29021;500000;2000;2026-09-28T00:00:00.000Z;2026-10-04T23:59:59.999Z;
Poste;29022;500000;2000;2026-09-28T00:00:00.000Z;2026-10-04T23:59:59.999Z;
Poste;29023;500000;2000;2026-09-28T00:00:00.000Z;2026-10-04T23:59:59.999Z;
Poste;29024;500000;2000;2026-09-28T00:00:00.000Z;2026-10-04T23:59:59.999Z;
Poste;29025;500000;2000;2026-09-28T00:00:00.000Z;2026-10-04T23:59:59.999Z;
Poste;29026;500000;2000;2026-09-28T00:00:00.000Z;2026-10-04T23:59:59.999Z;
Poste;29027;500000;2000;2026-09-28T00:00:00.000Z;2026-10-04T23:59:59.999Z;
Poste;29028;500000;2000;2026-09-28T00:00:00.000Z;2026-10-04T23:59:59.999Z;
Poste;29029;500000;2000;2026-09-28T00:00:00.000Z;2026-10-04T23:59:59.999Z;
Poste;29031;500000;2000;2026-09-28T00:00:00.000Z;2026-10-04T23:59:59.999Z;
Poste;29121;500000;3000;2026-09-28T00:00:00.000Z;2026-10-04T23:59:59.999Z;
Poste;29122;500000;3000;2026-09-28T00:00:00.000Z;2026-10-04T23:59:59.999Z;
Poste;VE;500000;18700;2026-09-28T00:00:00.000Z;2026-10-04T23:59:59.999Z;890,AR,RS
Poste;30010;500000;2000;2026-09-28T00:00:00.000Z;2026-10-04T23:59:59.999Z;
Poste;30013;500000;2000;2026-09-28T00:00:00.000Z;2026-10-04T23:59:59.999Z;
Poste;30014;500000;2000;2026-09-28T00:00:00.000Z;2026-10-04T23:59:59.999Z;
Poste;30015;500000;2000;2026-09-28T00:00:00.000Z;2026-10-04T23:59:59.999Z;
Poste;30016;500000;2000;2026-09-28T00:00:00.000Z;2026-10-04T23:59:59.999Z;
Poste;30020;500000;2000;2026-09-28T00:00:00.000Z;2026-10-04T23:59:59.999Z;
Poste;30021;500000;2000;2026-09-28T00:00:00.000Z;2026-10-04T23:59:59.999Z;
Poste;30022;500000;2000;2026-09-28T00:00:00.000Z;2026-10-04T23:59:59.999Z;
Poste;30023;500000;2000;2026-09-28T00:00:00.000Z;2026-10-04T23:59:59.999Z;
Poste;30024;500000;2000;2026-09-28T00:00:00.000Z;2026-10-04T23:59:59.999Z;
Poste;30025;500000;2000;2026-09-28T00:00:00.000Z;2026-10-04T23:59:59.999Z;
Poste;30026;500000;2000;2026-09-28T00:00:00.000Z;2026-10-04T23:59:59.999Z;
Poste;30027;500000;2000;2026-09-28T00:00:00.000Z;2026-10-04T23:59:59.999Z;
Poste;30028;500000;2000;2026-09-28T00:00:00.000Z;2026-10-04T23:59:59.999Z;
Poste;30029;500000;2000;2026-09-28T00:00:00.000Z;2026-10-04T23:59:59.999Z;
Poste;30030;500000;2000;2026-09-28T00:00:00.000Z;2026-10-04T23:59:59.999Z;
Poste;30031;500000;2000;2026-09-28T00:00:00.000Z;2026-10-04T23:59:59.999Z;
Poste;30032;500000;2000;2026-09-28T00:00:00.000Z;2026-10-04T23:59:59.999Z;
Poste;30033;500000;2000;2026-09-28T00:00:00.000Z;2026-10-04T23:59:59.999Z;
Poste;30034;500000;2000;2026-09-28T00:00:00.000Z;2026-10-04T23:59:59.999Z;
Poste;30035;500000;2000;2026-09-28T00:00:00.000Z;2026-10-04T23:59:59.999Z;
Poste;30036;500000;2000;2026-09-28T00:00:00.000Z;2026-10-04T23:59:59.999Z;
Poste;30037;500000;2000;2026-09-28T00:00:00.000Z;2026-10-04T23:59:59.999Z;
Poste;30038;500000;2000;2026-09-28T00:00:00.000Z;2026-10-04T23:59:59.999Z;
Poste;30039;500000;2000;2026-09-28T00:00:00.000Z;2026-10-04T23:59:59.999Z;
Poste;30121;500000;4000;2026-09-28T00:00:00.000Z;2026-10-04T23:59:59.999Z;
Poste;30122;500000;4000;2026-09-28T00:00:00.000Z;2026-10-04T23:59:59.999Z;
Poste;30123;500000;4000;2026-09-28T00:00:00.000Z;2026-10-04T23:59:59.999Z;
Poste;30124;500000;4000;2026-09-28T00:00:00.000Z;2026-10-04T23:59:59.999Z;
Poste;30125;500000;4000;2026-09-28T00:00:00.000Z;2026-10-04T23:59:59.999Z;
Poste;30126;500000;4000;2026-09-28T00:00:00.000Z;2026-10-04T23:59:59.999Z;
Poste;30132;500000;4000;2026-09-28T00:00:00.000Z;2026-10-04T23:59:59.999Z;
Poste;30133;500000;4000;2026-09-28T00:00:00.000Z;2026-10-04T23:59:59.999Z;
Poste;30135;500000;4000;2026-09-28T00:00:00.000Z;2026-10-04T23:59:59.999Z;
Poste;30141;500000;4000;2026-09-28T00:00:00.000Z;2026-10-04T23:59:59.999Z;
Poste;30142;500000;4000;2026-09-28T00:00:00.000Z;2026-10-04T23:59:59.999Z;
Poste;30171;500000;4000;2026-09-28T00:00:00.000Z;2026-10-04T23:59:59.999Z;
Poste;30172;500000;4000;2026-09-28T00:00:00.000Z;2026-10-04T23:59:59.999Z;
Poste;30173;500000;4000;2026-09-28T00:00:00.000Z;2026-10-04T23:59:59.999Z;
Poste;30174;500000;4000;2026-09-28T00:00:00.000Z;2026-10-04T23:59:59.999Z;
Poste;30175;500000;4000;2026-09-28T00:00:00.000Z;2026-10-04T23:59:59.999Z;
Poste;30176;500000;4000;2026-09-28T00:00:00.000Z;2026-10-04T23:59:59.999Z;
Poste;TV;500000;18700;2026-09-28T00:00:00.000Z;2026-10-04T23:59:59.999Z;890,AR,RS
Poste;31010;500000;2000;2026-09-28T00:00:00.000Z;2026-10-04T23:59:59.999Z;
Poste;31011;500000;2000;2026-09-28T00:00:00.000Z;2026-10-04T23:59:59.999Z;
Poste;31012;500000;2000;2026-09-28T00:00:00.000Z;2026-10-04T23:59:59.999Z;
Poste;31013;500000;2000;2026-09-28T00:00:00.000Z;2026-10-04T23:59:59.999Z;
Poste;31014;500000;2000;2026-09-28T00:00:00.000Z;2026-10-04T23:59:59.999Z;
Poste;31015;500000;2000;2026-09-28T00:00:00.000Z;2026-10-04T23:59:59.999Z;
Poste;31016;500000;2000;2026-09-28T00:00:00.000Z;2026-10-04T23:59:59.999Z;
Poste;31017;500000;2000;2026-09-28T00:00:00.000Z;2026-10-04T23:59:59.999Z;
Poste;31018;500000;2000;2026-09-28T00:00:00.000Z;2026-10-04T23:59:59.999Z;
Poste;31020;500000;2000;2026-09-28T00:00:00.000Z;2026-10-04T23:59:59.999Z;
Poste;31021;500000;2000;2026-09-28T00:00:00.000Z;2026-10-04T23:59:59.999Z;
Poste;31022;500000;2000;2026-09-28T00:00:00.000Z;2026-10-04T23:59:59.999Z;
Poste;31023;500000;2000;2026-09-28T00:00:00.000Z;2026-10-04T23:59:59.999Z;
Poste;31024;500000;2000;2026-09-28T00:00:00.000Z;2026-10-04T23:59:59.999Z;
Poste;31025;500000;2000;2026-09-28T00:00:00.000Z;2026-10-04T23:59:59.999Z;
Poste;31026;500000;2000;2026-09-28T00:00:00.000Z;2026-10-04T23:59:59.999Z;
Poste;31027;500000;2000;2026-09-28T00:00:00.000Z;2026-10-04T23:59:59.999Z;
Poste;31028;500000;2000;2026-09-28T00:00:00.000Z;2026-10-04T23:59:59.999Z;
Poste;31029;500000;2000;2026-09-28T00:00:00.000Z;2026-10-04T23:59:59.999Z;
Poste;31030;500000;2000;2026-09-28T00:00:00.000Z;2026-10-04T23:59:59.999Z;
Poste;31031;500000;2000;2026-09-28T00:00:00.000Z;2026-10-04T23:59:59.999Z;
Poste;31032;500000;2000;2026-09-28T00:00:00.000Z;2026-10-04T23:59:59.999Z;
Poste;31033;500000;2000;2026-09-28T00:00:00.000Z;2026-10-04T23:59:59.999Z;
Poste;31034;500000;2000;2026-09-28T00:00:00.000Z;2026-10-04T23:59:59.999Z;
Poste;31035;500000;2000;2026-09-28T00:00:00.000Z;2026-10-04T23:59:59.999Z;
Poste;31036;500000;2000;2026-09-28T00:00:00.000Z;2026-10-04T23:59:59.999Z;
Poste;31037;500000;2000;2026-09-28T00:00:00.000Z;2026-10-04T23:59:59.999Z;
Poste;31038;500000;2000;2026-09-28T00:00:00.000Z;2026-10-04T23:59:59.999Z;
Poste;31039;500000;2000;2026-09-28T00:00:00.000Z;2026-10-04T23:59:59.999Z;
Poste;31040;500000;2000;2026-09-28T00:00:00.000Z;2026-10-04T23:59:59.999Z;
Poste;31041;500000;2000;2026-09-28T00:00:00.000Z;2026-10-04T23:59:59.999Z;
Poste;31042;500000;2000;2026-09-28T00:00:00.000Z;2026-10-04T23:59:59.999Z;
Poste;31043;500000;2000;2026-09-28T00:00:00.000Z;2026-10-04T23:59:59.999Z;
Poste;31044;500000;2000;2026-09-28T00:00:00.000Z;2026-10-04T23:59:59.999Z;
Poste;31045;500000;2000;2026-09-28T00:00:00.000Z;2026-10-04T23:59:59.999Z;
Poste;31046;500000;2000;2026-09-28T00:00:00.000Z;2026-10-04T23:59:59.999Z;
Poste;31047;500000;2000;2026-09-28T00:00:00.000Z;2026-10-04T23:59:59.999Z;
Poste;31048;500000;2000;2026-09-28T00:00:00.000Z;2026-10-04T23:59:59.999Z;
Poste;31049;500000;2000;2026-09-28T00:00:00.000Z;2026-10-04T23:59:59.999Z;
Poste;31050;500000;2000;2026-09-28T00:00:00.000Z;2026-10-04T23:59:59.999Z;
Poste;31051;500000;2000;2026-09-28T00:00:00.000Z;2026-10-04T23:59:59.999Z;
Poste;31052;500000;2000;2026-09-28T00:00:00.000Z;2026-10-04T23:59:59.999Z;
Poste;31053;500000;2000;2026-09-28T00:00:00.000Z;2026-10-04T23:59:59.999Z;
Poste;31054;500000;2000;2026-09-28T00:00:00.000Z;2026-10-04T23:59:59.999Z;
Poste;31055;500000;2000;2026-09-28T00:00:00.000Z;2026-10-04T23:59:59.999Z;
Poste;31056;500000;2000;2026-09-28T00:00:00.000Z;2026-10-04T23:59:59.999Z;
Poste;31057;500000;2000;2026-09-28T00:00:00.000Z;2026-10-04T23:59:59.999Z;
Poste;31058;500000;2000;2026-09-28T00:00:00.000Z;2026-10-04T23:59:59.999Z;
Poste;31059;500000;2000;2026-09-28T00:00:00.000Z;2026-10-04T23:59:59.999Z;
Poste;31100;500000;3000;2026-09-28T00:00:00.000Z;2026-10-04T23:59:59.999Z;
Poste;BL;500000;4200;2026-09-28T00:00:00.000Z;2026-10-04T23:59:59.999Z;890,AR,RS
Poste;32010;500000;2000;2026-09-28T00:00:00.000Z;2026-10-04T23:59:59.999Z;
Poste;32012;500000;2000;2026-09-28T00:00:00.000Z;2026-10-04T23:59:59.999Z;
Poste;32013;500000;2000;2026-09-28T00:00:00.000Z;2026-10-04T23:59:59.999Z;
Poste;32014;500000;2000;2026-09-28T00:00:00.000Z;2026-10-04T23:59:59.999Z;
Poste;32016;500000;2000;2026-09-28T00:00:00.000Z;2026-10-04T23:59:59.999Z;
Poste;32020;500000;2000;2026-09-28T00:00:00.000Z;2026-10-04T23:59:59.999Z;
Poste;32021;500000;2000;2026-09-28T00:00:00.000Z;2026-10-04T23:59:59.999Z;
Poste;32022;500000;2000;2026-09-28T00:00:00.000Z;2026-10-04T23:59:59.999Z;
Poste;32023;500000;2000;2026-09-28T00:00:00.000Z;2026-10-04T23:59:59.999Z;
Poste;32026;500000;2000;2026-09-28T00:00:00.000Z;2026-10-04T23:59:59.999Z;
Poste;32027;500000;2000;2026-09-28T00:00:00.000Z;2026-10-04T23:59:59.999Z;
Poste;32030;500000;2000;2026-09-28T00:00:00.000Z;2026-10-04T23:59:59.999Z;
Poste;32031;500000;2000;2026-09-28T00:00:00.000Z;2026-10-04T23:59:59.999Z;
Poste;32032;500000;2000;2026-09-28T00:00:00.000Z;2026-10-04T23:59:59.999Z;
Poste;32033;500000;2000;2026-09-28T00:00:00.000Z;2026-10-04T23:59:59.999Z;
Poste;32034;500000;2000;2026-09-28T00:00:00.000Z;2026-10-04T23:59:59.999Z;
Poste;32035;500000;2000;2026-09-28T00:00:00.000Z;2026-10-04T23:59:59.999Z;
Poste;32036;500000;2000;2026-09-28T00:00:00.000Z;2026-10-04T23:59:59.999Z;
Poste;32037;500000;2000;2026-09-28T00:00:00.000Z;2026-10-04T23:59:59.999Z;
Poste;32038;500000;2000;2026-09-28T00:00:00.000Z;2026-10-04T23:59:59.999Z;
Poste;32040;500000;2000;2026-09-28T00:00:00.000Z;2026-10-04T23:59:59.999Z;
Poste;32041;500000;2000;2026-09-28T00:00:00.000Z;2026-10-04T23:59:59.999Z;
Poste;32042;500000;2000;2026-09-28T00:00:00.000Z;2026-10-04T23:59:59.999Z;
Poste;32043;500000;2000;2026-09-28T00:00:00.000Z;2026-10-04T23:59:59.999Z;
Poste;32044;500000;2000;2026-09-28T00:00:00.000Z;2026-10-04T23:59:59.999Z;
Poste;32045;500000;2000;2026-09-28T00:00:00.000Z;2026-10-04T23:59:59.999Z;
Poste;32046;500000;2000;2026-09-28T00:00:00.000Z;2026-10-04T23:59:59.999Z;
Poste;32100;500000;3000;2026-09-28T00:00:00.000Z;2026-10-04T23:59:59.999Z;
Poste;UD;500000;9850;2026-09-28T00:00:00.000Z;2026-10-04T23:59:59.999Z;AR,RS
Sailpost;UD;500000;100000;2026-09-28T00:00:00.000Z;2026-10-04T23:59:59.999Z;890
Poste;33010;500000;2000;2026-09-28T00:00:00.000Z;2026-10-04T23:59:59.999Z;
Sailpost;33010;500000;8000;2026-09-28T00:00:00.000Z;2026-10-04T23:59:59.999Z;
Poste;33011;500000;2000;2026-09-28T00:00:00.000Z;2026-10-04T23:59:59.999Z;
Sailpost;33011;500000;550;2026-09-28T00:00:00.000Z;2026-10-04T23:59:59.999Z;
Poste;33012;500000;2000;2026-09-28T00:00:00.000Z;2026-10-04T23:59:59.999Z;
Sailpost;33012;500000;350;2026-09-28T00:00:00.000Z;2026-10-04T23:59:59.999Z;
Poste;33013;500000;2000;2026-09-28T00:00:00.000Z;2026-10-04T23:59:59.999Z;
Sailpost;33013;500000;2000;2026-09-28T00:00:00.000Z;2026-10-04T23:59:59.999Z;
Poste;33014;500000;2000;2026-09-28T00:00:00.000Z;2026-10-04T23:59:59.999Z;
Sailpost;33014;500000;200;2026-09-28T00:00:00.000Z;2026-10-04T23:59:59.999Z;
Poste;33015;500000;2000;2026-09-28T00:00:00.000Z;2026-10-04T23:59:59.999Z;
Sailpost;33015;500000;350;2026-09-28T00:00:00.000Z;2026-10-04T23:59:59.999Z;
Poste;33016;500000;2000;2026-09-28T00:00:00.000Z;2026-10-04T23:59:59.999Z;
Sailpost;33016;500000;290;2026-09-28T00:00:00.000Z;2026-10-04T23:59:59.999Z;
Poste;33017;500000;2000;2026-09-28T00:00:00.000Z;2026-10-04T23:59:59.999Z;
Sailpost;33017;500000;1500;2026-09-28T00:00:00.000Z;2026-10-04T23:59:59.999Z;
Poste;33018;500000;2000;2026-09-28T00:00:00.000Z;2026-10-04T23:59:59.999Z;
Sailpost;33018;500000;800;2026-09-28T00:00:00.000Z;2026-10-04T23:59:59.999Z;
Poste;33019;500000;2000;2026-09-28T00:00:00.000Z;2026-10-04T23:59:59.999Z;
Sailpost;33019;500000;1450;2026-09-28T00:00:00.000Z;2026-10-04T23:59:59.999Z;
Poste;33020;500000;2000;2026-09-28T00:00:00.000Z;2026-10-04T23:59:59.999Z;
Sailpost;33020;500000;2000;2026-09-28T00:00:00.000Z;2026-10-04T23:59:59.999Z;
Poste;33021;500000;2000;2026-09-28T00:00:00.000Z;2026-10-04T23:59:59.999Z;
Sailpost;33021;500000;250;2026-09-28T00:00:00.000Z;2026-10-04T23:59:59.999Z;
Poste;33022;500000;2000;2026-09-28T00:00:00.000Z;2026-10-04T23:59:59.999Z;
Sailpost;33022;500000;400;2026-09-28T00:00:00.000Z;2026-10-04T23:59:59.999Z;
Poste;33023;500000;2000;2026-09-28T00:00:00.000Z;2026-10-04T23:59:59.999Z;
Sailpost;33023;500000;100;2026-09-28T00:00:00.000Z;2026-10-04T23:59:59.999Z;
Poste;33024;500000;2000;2026-09-28T00:00:00.000Z;2026-10-04T23:59:59.999Z;
Sailpost;33024;500000;200;2026-09-28T00:00:00.000Z;2026-10-04T23:59:59.999Z;
Poste;33025;500000;2000;2026-09-28T00:00:00.000Z;2026-10-04T23:59:59.999Z;
Sailpost;33025;500000;350;2026-09-28T00:00:00.000Z;2026-10-04T23:59:59.999Z;
Poste;33026;500000;2000;2026-09-28T00:00:00.000Z;2026-10-04T23:59:59.999Z;
Sailpost;33026;500000;450;2026-09-28T00:00:00.000Z;2026-10-04T23:59:59.999Z;
Poste;33027;500000;2000;2026-09-28T00:00:00.000Z;2026-10-04T23:59:59.999Z;
Sailpost;33027;500000;500;2026-09-28T00:00:00.000Z;2026-10-04T23:59:59.999Z;
Poste;33028;500000;2000;2026-09-28T00:00:00.000Z;2026-10-04T23:59:59.999Z;
Sailpost;33028;500000;1800;2026-09-28T00:00:00.000Z;2026-10-04T23:59:59.999Z;
Poste;33029;500000;2000;2026-09-28T00:00:00.000Z;2026-10-04T23:59:59.999Z;
Sailpost;33029;500000;700;2026-09-28T00:00:00.000Z;2026-10-04T23:59:59.999Z;
Poste;33030;500000;2000;2026-09-28T00:00:00.000Z;2026-10-04T23:59:59.999Z;
Sailpost;33030;500000;8500;2026-09-28T00:00:00.000Z;2026-10-04T23:59:59.999Z;
Poste;33031;500000;2000;2026-09-28T00:00:00.000Z;2026-10-04T23:59:59.999Z;
Sailpost;33031;500000;1000;2026-09-28T00:00:00.000Z;2026-10-04T23:59:59.999Z;
Poste;33032;500000;2000;2026-09-28T00:00:00.000Z;2026-10-04T23:59:59.999Z;
Sailpost;33032;500000;500;2026-09-28T00:00:00.000Z;2026-10-04T23:59:59.999Z;
Poste;33033;500000;2000;2026-09-28T00:00:00.000Z;2026-10-04T23:59:59.999Z;
Sailpost;33033;500000;3000;2026-09-28T00:00:00.000Z;2026-10-04T23:59:59.999Z;
Poste;33034;500000;2000;2026-09-28T00:00:00.000Z;2026-10-04T23:59:59.999Z;
Sailpost;33034;500000;3000;2026-09-28T00:00:00.000Z;2026-10-04T23:59:59.999Z;
Poste;33035;500000;2000;2026-09-28T00:00:00.000Z;2026-10-04T23:59:59.999Z;
Sailpost;33035;500000;1000;2026-09-28T00:00:00.000Z;2026-10-04T23:59:59.999Z;
Poste;33036;500000;2000;2026-09-28T00:00:00.000Z;2026-10-04T23:59:59.999Z;
Sailpost;33036;500000;500;2026-09-28T00:00:00.000Z;2026-10-04T23:59:59.999Z;
Poste;33037;500000;2000;2026-09-28T00:00:00.000Z;2026-10-04T23:59:59.999Z;
Sailpost;33037;500000;1800;2026-09-28T00:00:00.000Z;2026-10-04T23:59:59.999Z;
Poste;33038;500000;2000;2026-09-28T00:00:00.000Z;2026-10-04T23:59:59.999Z;
Sailpost;33038;500000;1500;2026-09-28T00:00:00.000Z;2026-10-04T23:59:59.999Z;
Poste;33039;500000;2000;2026-09-28T00:00:00.000Z;2026-10-04T23:59:59.999Z;
Sailpost;33039;500000;750;2026-09-28T00:00:00.000Z;2026-10-04T23:59:59.999Z;
Poste;33040;500000;2000;2026-09-28T00:00:00.000Z;2026-10-04T23:59:59.999Z;
Sailpost;33040;500000;5700;2026-09-28T00:00:00.000Z;2026-10-04T23:59:59.999Z;
Poste;33041;500000;2000;2026-09-28T00:00:00.000Z;2026-10-04T23:59:59.999Z;
Sailpost;33041;500000;450;2026-09-28T00:00:00.000Z;2026-10-04T23:59:59.999Z;
Poste;33042;500000;2000;2026-09-28T00:00:00.000Z;2026-10-04T23:59:59.999Z;
Sailpost;33042;500000;750;2026-09-28T00:00:00.000Z;2026-10-04T23:59:59.999Z;
Poste;33043;500000;2000;2026-09-28T00:00:00.000Z;2026-10-04T23:59:59.999Z;
Sailpost;33043;500000;2100;2026-09-28T00:00:00.000Z;2026-10-04T23:59:59.999Z;
Poste;33044;500000;2000;2026-09-28T00:00:00.000Z;2026-10-04T23:59:59.999Z;
Sailpost;33044;500000;1200;2026-09-28T00:00:00.000Z;2026-10-04T23:59:59.999Z;
Poste;33045;500000;2000;2026-09-28T00:00:00.000Z;2026-10-04T23:59:59.999Z;
Sailpost;33045;500000;500;2026-09-28T00:00:00.000Z;2026-10-04T23:59:59.999Z;
Poste;33046;500000;2000;2026-09-28T00:00:00.000Z;2026-10-04T23:59:59.999Z;
Sailpost;33046;500000;180;2026-09-28T00:00:00.000Z;2026-10-04T23:59:59.999Z;
Poste;33047;500000;2000;2026-09-28T00:00:00.000Z;2026-10-04T23:59:59.999Z;
Sailpost;33047;500000;1200;2026-09-28T00:00:00.000Z;2026-10-04T23:59:59.999Z;
Poste;33048;500000;2000;2026-09-28T00:00:00.000Z;2026-10-04T23:59:59.999Z;
Sailpost;33048;500000;1250;2026-09-28T00:00:00.000Z;2026-10-04T23:59:59.999Z;
Poste;33049;500000;2000;2026-09-28T00:00:00.000Z;2026-10-04T23:59:59.999Z;
Sailpost;33049;500000;400;2026-09-28T00:00:00.000Z;2026-10-04T23:59:59.999Z;
Poste;33050;500000;2000;2026-09-28T00:00:00.000Z;2026-10-04T23:59:59.999Z;
Sailpost;33050;500000;11600;2026-09-28T00:00:00.000Z;2026-10-04T23:59:59.999Z;
Poste;33051;500000;2000;2026-09-28T00:00:00.000Z;2026-10-04T23:59:59.999Z;
Sailpost;33051;500000;700;2026-09-28T00:00:00.000Z;2026-10-04T23:59:59.999Z;
Poste;33052;500000;2000;2026-09-28T00:00:00.000Z;2026-10-04T23:59:59.999Z;
Sailpost;33052;500000;2600;2026-09-28T00:00:00.000Z;2026-10-04T23:59:59.999Z;
Poste;33053;500000;2000;2026-09-28T00:00:00.000Z;2026-10-04T23:59:59.999Z;
Sailpost;33053;500000;2600;2026-09-28T00:00:00.000Z;2026-10-04T23:59:59.999Z;
Poste;33054;500000;2000;2026-09-28T00:00:00.000Z;2026-10-04T23:59:59.999Z;
Sailpost;33054;500000;1400;2026-09-28T00:00:00.000Z;2026-10-04T23:59:59.999Z;
Poste;33055;500000;2000;2026-09-28T00:00:00.000Z;2026-10-04T23:59:59.999Z;
Sailpost;33055;500000;500;2026-09-28T00:00:00.000Z;2026-10-04T23:59:59.999Z;
Poste;33056;500000;2000;2026-09-28T00:00:00.000Z;2026-10-04T23:59:59.999Z;
Sailpost;33056;500000;580;2026-09-28T00:00:00.000Z;2026-10-04T23:59:59.999Z;
Poste;33057;500000;2000;2026-09-28T00:00:00.000Z;2026-10-04T23:59:59.999Z;
Sailpost;33057;500000;100;2026-09-28T00:00:00.000Z;2026-10-04T23:59:59.999Z;
Poste;33058;500000;2000;2026-09-28T00:00:00.000Z;2026-10-04T23:59:59.999Z;
Sailpost;33058;500000;1500;2026-09-28T00:00:00.000Z;2026-10-04T23:59:59.999Z;
Poste;33059;500000;2000;2026-09-28T00:00:00.000Z;2026-10-04T23:59:59.999Z;
Sailpost;33059;500000;1200;2026-09-28T00:00:00.000Z;2026-10-04T23:59:59.999Z;
Poste;33061;500000;2000;2026-09-28T00:00:00.000Z;2026-10-04T23:59:59.999Z;
Sailpost;33061;500000;1200;2026-09-28T00:00:00.000Z;2026-10-04T23:59:59.999Z;
Poste;33100;500000;3000;2026-09-28T00:00:00.000Z;2026-10-04T23:59:59.999Z;
Sailpost;33100;500000;18500;2026-09-28T00:00:00.000Z;2026-10-04T23:59:59.999Z;
Poste;PN;500000;5450;2026-09-28T00:00:00.000Z;2026-10-04T23:59:59.999Z;AR,RS
Sailpost;PN;500000;100000;2026-09-28T00:00:00.000Z;2026-10-04T23:59:59.999Z;890
Poste;33070;500000;2000;2026-09-28T00:00:00.000Z;2026-10-04T23:59:59.999Z;
Sailpost;33070;500000;7000;2026-09-28T00:00:00.000Z;2026-10-04T23:59:59.999Z;
Poste;33072;500000;2000;2026-09-28T00:00:00.000Z;2026-10-04T23:59:59.999Z;
Sailpost;33072;500000;2800;2026-09-28T00:00:00.000Z;2026-10-04T23:59:59.999Z;
Poste;33074;500000;2000;2026-09-28T00:00:00.000Z;2026-10-04T23:59:59.999Z;
Sailpost;33074;500000;4000;2026-09-28T00:00:00.000Z;2026-10-04T23:59:59.999Z;
Poste;33075;500000;2000;2026-09-28T00:00:00.000Z;2026-10-04T23:59:59.999Z;
Sailpost;33075;500000;1800;2026-09-28T00:00:00.000Z;2026-10-04T23:59:59.999Z;
Poste;33076;500000;2000;2026-09-28T00:00:00.000Z;2026-10-04T23:59:59.999Z;
Sailpost;33076;500000;1200;2026-09-28T00:00:00.000Z;2026-10-04T23:59:59.999Z;
Poste;33077;500000;2000;2026-09-28T00:00:00.000Z;2026-10-04T23:59:59.999Z;
Sailpost;33077;500000;6500;2026-09-28T00:00:00.000Z;2026-10-04T23:59:59.999Z;
Poste;33078;500000;2000;2026-09-28T00:00:00.000Z;2026-10-04T23:59:59.999Z;
Sailpost;33078;500000;4900;2026-09-28T00:00:00.000Z;2026-10-04T23:59:59.999Z;
Poste;33079;500000;2000;2026-09-28T00:00:00.000Z;2026-10-04T23:59:59.999Z;
Sailpost;33079;500000;2100;2026-09-28T00:00:00.000Z;2026-10-04T23:59:59.999Z;
Poste;33080;500000;2000;2026-09-28T00:00:00.000Z;2026-10-04T23:59:59.999Z;
Sailpost;33080;500000;18000;2026-09-28T00:00:00.000Z;2026-10-04T23:59:59.999Z;
Poste;33081;500000;2000;2026-09-28T00:00:00.000Z;2026-10-04T23:59:59.999Z;
Sailpost;33081;500000;2000;2026-09-28T00:00:00.000Z;2026-10-04T23:59:59.999Z;
Poste;33082;500000;2000;2026-09-28T00:00:00.000Z;2026-10-04T23:59:59.999Z;
Sailpost;33082;500000;5100;2026-09-28T00:00:00.000Z;2026-10-04T23:59:59.999Z;
Poste;33083;500000;2000;2026-09-28T00:00:00.000Z;2026-10-04T23:59:59.999Z;
Sailpost;33083;500000;1700;2026-09-28T00:00:00.000Z;2026-10-04T23:59:59.999Z;
Poste;33084;500000;2000;2026-09-28T00:00:00.000Z;2026-10-04T23:59:59.999Z;
Sailpost;33084;500000;6200;2026-09-28T00:00:00.000Z;2026-10-04T23:59:59.999Z;
Poste;33085;500000;2000;2026-09-28T00:00:00.000Z;2026-10-04T23:59:59.999Z;
Sailpost;33085;500000;3800;2026-09-28T00:00:00.000Z;2026-10-04T23:59:59.999Z;
Poste;33086;500000;2000;2026-09-28T00:00:00.000Z;2026-10-04T23:59:59.999Z;
Sailpost;33086;500000;1500;2026-09-28T00:00:00.000Z;2026-10-04T23:59:59.999Z;
Poste;33087;500000;2000;2026-09-28T00:00:00.000Z;2026-10-04T23:59:59.999Z;
Sailpost;33087;500000;2500;2026-09-28T00:00:00.000Z;2026-10-04T23:59:59.999Z;
Poste;33090;500000;2000;2026-09-28T00:00:00.000Z;2026-10-04T23:59:59.999Z;
Sailpost;33090;500000;2600;2026-09-28T00:00:00.000Z;2026-10-04T23:59:59.999Z;
Poste;33092;500000;2000;2026-09-28T00:00:00.000Z;2026-10-04T23:59:59.999Z;
Sailpost;33092;500000;1500;2026-09-28T00:00:00.000Z;2026-10-04T23:59:59.999Z;
Poste;33094;500000;2000;2026-09-28T00:00:00.000Z;2026-10-04T23:59:59.999Z;
Sailpost;33094;500000;500;2026-09-28T00:00:00.000Z;2026-10-04T23:59:59.999Z;
Poste;33095;500000;2000;2026-09-28T00:00:00.000Z;2026-10-04T23:59:59.999Z;
Sailpost;33095;500000;1500;2026-09-28T00:00:00.000Z;2026-10-04T23:59:59.999Z;
Poste;33097;500000;2000;2026-09-28T00:00:00.000Z;2026-10-04T23:59:59.999Z;
Sailpost;33097;500000;4000;2026-09-28T00:00:00.000Z;2026-10-04T23:59:59.999Z;
Poste;33098;500000;2000;2026-09-28T00:00:00.000Z;2026-10-04T23:59:59.999Z;
Sailpost;33098;500000;1800;2026-09-28T00:00:00.000Z;2026-10-04T23:59:59.999Z;
Poste;33099;500000;2000;2026-09-28T00:00:00.000Z;2026-10-04T23:59:59.999Z;
Sailpost;33099;500000;500;2026-09-28T00:00:00.000Z;2026-10-04T23:59:59.999Z;
Poste;33170;500000;3000;2026-09-28T00:00:00.000Z;2026-10-04T23:59:59.999Z;
Sailpost;33170;500000;16500;2026-09-28T00:00:00.000Z;2026-10-04T23:59:59.999Z;
Poste;TS;500000;6000;2026-09-28T00:00:00.000Z;2026-10-04T23:59:59.999Z;AR,RS
Sailpost;TS;500000;100000;2026-09-28T00:00:00.000Z;2026-10-04T23:59:59.999Z;890
Poste;34010;500000;2000;2026-09-28T00:00:00.000Z;2026-10-04T23:59:59.999Z;
Sailpost;34010;500000;600;2026-09-28T00:00:00.000Z;2026-10-04T23:59:59.999Z;
Poste;34011;500000;2000;2026-09-28T00:00:00.000Z;2026-10-04T23:59:59.999Z;
Sailpost;34011;500000;3400;2026-09-28T00:00:00.000Z;2026-10-04T23:59:59.999Z;
Poste;34015;500000;2000;2026-09-28T00:00:00.000Z;2026-10-04T23:59:59.999Z;
Sailpost;34015;500000;8000;2026-09-28T00:00:00.000Z;2026-10-04T23:59:59.999Z;
Poste;34016;500000;2000;2026-09-28T00:00:00.000Z;2026-10-04T23:59:59.999Z;
Sailpost;34016;500000;250;2026-09-28T00:00:00.000Z;2026-10-04T23:59:59.999Z;
Poste;34018;500000;2000;2026-09-28T00:00:00.000Z;2026-10-04T23:59:59.999Z;
Sailpost;34018;500000;1500;2026-09-28T00:00:00.000Z;2026-10-04T23:59:59.999Z;
Poste;34121;500000;3000;2026-09-28T00:00:00.000Z;2026-10-04T23:59:59.999Z;
Sailpost;34121;500000;360;2026-09-28T00:00:00.000Z;2026-10-04T23:59:59.999Z;
Poste;34122;500000;3000;2026-09-28T00:00:00.000Z;2026-10-04T23:59:59.999Z;
Sailpost;34122;500000;260;2026-09-28T00:00:00.000Z;2026-10-04T23:59:59.999Z;
Poste;34123;500000;3000;2026-09-28T00:00:00.000Z;2026-10-04T23:59:59.999Z;
Sailpost;34123;500000;5000;2026-09-28T00:00:00.000Z;2026-10-04T23:59:59.999Z;
Poste;34124;500000;3000;2026-09-28T00:00:00.000Z;2026-10-04T23:59:59.999Z;
Sailpost;34124;500000;360;2026-09-28T00:00:00.000Z;2026-10-04T23:59:59.999Z;
Poste;34125;500000;3000;2026-09-28T00:00:00.000Z;2026-10-04T23:59:59.999Z;
Sailpost;34125;500000;250;2026-09-28T00:00:00.000Z;2026-10-04T23:59:59.999Z;
Poste;34126;500000;3000;2026-09-28T00:00:00.000Z;2026-10-04T23:59:59.999Z;
Sailpost;34126;500000;360;2026-09-28T00:00:00.000Z;2026-10-04T23:59:59.999Z;
Poste;34127;500000;3000;2026-09-28T00:00:00.000Z;2026-10-04T23:59:59.999Z;
Sailpost;34127;500000;1500;2026-09-28T00:00:00.000Z;2026-10-04T23:59:59.999Z;
Poste;34128;500000;3000;2026-09-28T00:00:00.000Z;2026-10-04T23:59:59.999Z;
Sailpost;34128;500000;3000;2026-09-28T00:00:00.000Z;2026-10-04T23:59:59.999Z;
Poste;34129;500000;3000;2026-09-28T00:00:00.000Z;2026-10-04T23:59:59.999Z;
Sailpost;34129;500000;250;2026-09-28T00:00:00.000Z;2026-10-04T23:59:59.999Z;
Poste;34131;500000;3000;2026-09-28T00:00:00.000Z;2026-10-04T23:59:59.999Z;
Sailpost;34131;500000;250;2026-09-28T00:00:00.000Z;2026-10-04T23:59:59.999Z;
Poste;34132;500000;3000;2026-09-28T00:00:00.000Z;2026-10-04T23:59:59.999Z;
Sailpost;34132;500000;250;2026-09-28T00:00:00.000Z;2026-10-04T23:59:59.999Z;
Poste;34133;500000;3000;2026-09-28T00:00:00.000Z;2026-10-04T23:59:59.999Z;
Sailpost;34133;500000;360;2026-09-28T00:00:00.000Z;2026-10-04T23:59:59.999Z;
Poste;34134;500000;3000;2026-09-28T00:00:00.000Z;2026-10-04T23:59:59.999Z;
Sailpost;34134;500000;1700;2026-09-28T00:00:00.000Z;2026-10-04T23:59:59.999Z;
Poste;34135;500000;3000;2026-09-28T00:00:00.000Z;2026-10-04T23:59:59.999Z;
Sailpost;34135;500000;2400;2026-09-28T00:00:00.000Z;2026-10-04T23:59:59.999Z;
Poste;34136;500000;3000;2026-09-28T00:00:00.000Z;2026-10-04T23:59:59.999Z;
Sailpost;34136;500000;4300;2026-09-28T00:00:00.000Z;2026-10-04T23:59:59.999Z;
Poste;34137;500000;3000;2026-09-28T00:00:00.000Z;2026-10-04T23:59:59.999Z;
Sailpost;34137;500000;650;2026-09-28T00:00:00.000Z;2026-10-04T23:59:59.999Z;
Poste;34138;500000;3000;2026-09-28T00:00:00.000Z;2026-10-04T23:59:59.999Z;
Sailpost;34138;500000;400;2026-09-28T00:00:00.000Z;2026-10-04T23:59:59.999Z;
Poste;34139;500000;3000;2026-09-28T00:00:00.000Z;2026-10-04T23:59:59.999Z;
Sailpost;34139;500000;1800;2026-09-28T00:00:00.000Z;2026-10-04T23:59:59.999Z;
Poste;34141;500000;3000;2026-09-28T00:00:00.000Z;2026-10-04T23:59:59.999Z;
Sailpost;34141;500000;650;2026-09-28T00:00:00.000Z;2026-10-04T23:59:59.999Z;
Poste;34142;500000;3000;2026-09-28T00:00:00.000Z;2026-10-04T23:59:59.999Z;
Sailpost;34142;500000;1100;2026-09-28T00:00:00.000Z;2026-10-04T23:59:59.999Z;
Poste;34143;500000;3000;2026-09-28T00:00:00.000Z;2026-10-04T23:59:59.999Z;
Sailpost;34143;500000;500;2026-09-28T00:00:00.000Z;2026-10-04T23:59:59.999Z;
Poste;34144;500000;3000;2026-09-28T00:00:00.000Z;2026-10-04T23:59:59.999Z;
Sailpost;34144;500000;1500;2026-09-28T00:00:00.000Z;2026-10-04T23:59:59.999Z;
Poste;34145;500000;3000;2026-09-28T00:00:00.000Z;2026-10-04T23:59:59.999Z;
Sailpost;34145;500000;2500;2026-09-28T00:00:00.000Z;2026-10-04T23:59:59.999Z;
Poste;34146;500000;3000;2026-09-28T00:00:00.000Z;2026-10-04T23:59:59.999Z;
Sailpost;34146;500000;850;2026-09-28T00:00:00.000Z;2026-10-04T23:59:59.999Z;
Poste;34147;500000;3000;2026-09-28T00:00:00.000Z;2026-10-04T23:59:59.999Z;
Sailpost;34147;500000;3000;2026-09-28T00:00:00.000Z;2026-10-04T23:59:59.999Z;
Poste;34148;500000;3000;2026-09-28T00:00:00.000Z;2026-10-04T23:59:59.999Z;
Sailpost;34148;500000;3200;2026-09-28T00:00:00.000Z;2026-10-04T23:59:59.999Z;
Poste;34149;500000;3000;2026-09-28T00:00:00.000Z;2026-10-04T23:59:59.999Z;
Sailpost;34149;500000;28500;2026-09-28T00:00:00.000Z;2026-10-04T23:59:59.999Z;
Poste;34151;500000;3000;2026-09-28T00:00:00.000Z;2026-10-04T23:59:59.999Z;
Sailpost;34151;500000;21000;2026-09-28T00:00:00.000Z;2026-10-04T23:59:59.999Z;
Poste;GO;500000;2700;2026-09-28T00:00:00.000Z;2026-10-04T23:59:59.999Z;AR,RS
Sailpost;GO;500000;100000;2026-09-28T00:00:00.000Z;2026-10-04T23:59:59.999Z;890
Poste;34070;500000;2000;2026-09-28T00:00:00.000Z;2026-10-04T23:59:59.999Z;
Sailpost;34070;500000;5000;2026-09-28T00:00:00.000Z;2026-10-04T23:59:59.999Z;
Poste;34071;500000;2000;2026-09-28T00:00:00.000Z;2026-10-04T23:59:59.999Z;
Sailpost;34071;500000;2000;2026-09-28T00:00:00.000Z;2026-10-04T23:59:59.999Z;
Poste;34072;500000;2000;2026-09-28T00:00:00.000Z;2026-10-04T23:59:59.999Z;
Sailpost;34072;500000;2000;2026-09-28T00:00:00.000Z;2026-10-04T23:59:59.999Z;
Poste;34073;500000;2000;2026-09-28T00:00:00.000Z;2026-10-04T23:59:59.999Z;
Sailpost;34073;500000;2000;2026-09-28T00:00:00.000Z;2026-10-04T23:59:59.999Z;
Poste;34074;500000;2000;2026-09-28T00:00:00.000Z;2026-10-04T23:59:59.999Z;
Sailpost;34074;500000;28000;2026-09-28T00:00:00.000Z;2026-10-04T23:59:59.999Z;
Poste;34075;500000;2000;2026-09-28T00:00:00.000Z;2026-10-04T23:59:59.999Z;
Sailpost;34075;500000;2000;2026-09-28T00:00:00.000Z;2026-10-04T23:59:59.999Z;
Poste;34076;500000;2000;2026-09-28T00:00:00.000Z;2026-10-04T23:59:59.999Z;
Sailpost;34076;500000;1500;2026-09-28T00:00:00.000Z;2026-10-04T23:59:59.999Z;
Poste;34077;500000;2000;2026-09-28T00:00:00.000Z;2026-10-04T23:59:59.999Z;
Sailpost;34077;500000;9000;2026-09-28T00:00:00.000Z;2026-10-04T23:59:59.999Z;
Poste;34078;500000;2000;2026-09-28T00:00:00.000Z;2026-10-04T23:59:59.999Z;
Sailpost;34078;500000;500;2026-09-28T00:00:00.000Z;2026-10-04T23:59:59.999Z;
Poste;34079;500000;2000;2026-09-28T00:00:00.000Z;2026-10-04T23:59:59.999Z;
Sailpost;34079;500000;8000;2026-09-28T00:00:00.000Z;2026-10-04T23:59:59.999Z;
Poste;34170;500000;3000;2026-09-28T00:00:00.000Z;2026-10-04T23:59:59.999Z;
Sailpost;34170;500000;40000;2026-09-28T00:00:00.000Z;2026-10-04T23:59:59.999Z;
Poste;PD;500000;19900;2026-09-28T00:00:00.000Z;2026-10-04T23:59:59.999Z;890,AR,RS
Poste;35010;500000;2000;2026-09-28T00:00:00.000Z;2026-10-04T23:59:59.999Z;
Poste;35011;500000;2000;2026-09-28T00:00:00.000Z;2026-10-04T23:59:59.999Z;
Poste;35012;500000;2000;2026-09-28T00:00:00.000Z;2026-10-04T23:59:59.999Z;
Poste;35013;500000;2000;2026-09-28T00:00:00.000Z;2026-10-04T23:59:59.999Z;
Poste;35014;500000;2000;2026-09-28T00:00:00.000Z;2026-10-04T23:59:59.999Z;
Poste;35015;500000;2000;2026-09-28T00:00:00.000Z;2026-10-04T23:59:59.999Z;
Poste;35016;500000;2000;2026-09-28T00:00:00.000Z;2026-10-04T23:59:59.999Z;
Poste;35017;500000;2000;2026-09-28T00:00:00.000Z;2026-10-04T23:59:59.999Z;
Poste;35018;500000;2000;2026-09-28T00:00:00.000Z;2026-10-04T23:59:59.999Z;
Poste;35019;500000;2000;2026-09-28T00:00:00.000Z;2026-10-04T23:59:59.999Z;
Poste;35020;500000;2000;2026-09-28T00:00:00.000Z;2026-10-04T23:59:59.999Z;
Poste;35021;500000;2000;2026-09-28T00:00:00.000Z;2026-10-04T23:59:59.999Z;
Poste;35022;500000;2000;2026-09-28T00:00:00.000Z;2026-10-04T23:59:59.999Z;
Poste;35023;500000;2000;2026-09-28T00:00:00.000Z;2026-10-04T23:59:59.999Z;
Poste;35024;500000;2000;2026-09-28T00:00:00.000Z;2026-10-04T23:59:59.999Z;
Poste;35025;500000;2000;2026-09-28T00:00:00.000Z;2026-10-04T23:59:59.999Z;
Poste;35026;500000;2000;2026-09-28T00:00:00.000Z;2026-10-04T23:59:59.999Z;
Poste;35027;500000;2000;2026-09-28T00:00:00.000Z;2026-10-04T23:59:59.999Z;
Poste;35028;500000;2000;2026-09-28T00:00:00.000Z;2026-10-04T23:59:59.999Z;
Poste;35029;500000;2000;2026-09-28T00:00:00.000Z;2026-10-04T23:59:59.999Z;
Poste;35030;500000;2000;2026-09-28T00:00:00.000Z;2026-10-04T23:59:59.999Z;
Poste;35031;500000;2000;2026-09-28T00:00:00.000Z;2026-10-04T23:59:59.999Z;
Poste;35032;500000;2000;2026-09-28T00:00:00.000Z;2026-10-04T23:59:59.999Z;
Poste;35034;500000;2000;2026-09-28T00:00:00.000Z;2026-10-04T23:59:59.999Z;
Poste;35035;500000;2000;2026-09-28T00:00:00.000Z;2026-10-04T23:59:59.999Z;
Poste;35036;500000;2000;2026-09-28T00:00:00.000Z;2026-10-04T23:59:59.999Z;
Poste;35037;500000;2000;2026-09-28T00:00:00.000Z;2026-10-04T23:59:59.999Z;
Poste;35038;500000;2000;2026-09-28T00:00:00.000Z;2026-10-04T23:59:59.999Z;
Poste;35040;500000;2000;2026-09-28T00:00:00.000Z;2026-10-04T23:59:59.999Z;
Poste;35041;500000;2000;2026-09-28T00:00:00.000Z;2026-10-04T23:59:59.999Z;
Poste;35042;500000;2000;2026-09-28T00:00:00.000Z;2026-10-04T23:59:59.999Z;
Poste;35043;500000;2000;2026-09-28T00:00:00.000Z;2026-10-04T23:59:59.999Z;
Poste;35044;500000;2000;2026-09-28T00:00:00.000Z;2026-10-04T23:59:59.999Z;
Poste;35045;500000;2000;2026-09-28T00:00:00.000Z;2026-10-04T23:59:59.999Z;
Poste;35046;500000;2000;2026-09-28T00:00:00.000Z;2026-10-04T23:59:59.999Z;
Poste;35047;500000;2000;2026-09-28T00:00:00.000Z;2026-10-04T23:59:59.999Z;
Poste;35048;500000;2000;2026-09-28T00:00:00.000Z;2026-10-04T23:59:59.999Z;
Poste;35049;500000;2000;2026-09-28T00:00:00.000Z;2026-10-04T23:59:59.999Z;
Poste;35121;500000;3000;2026-09-28T00:00:00.000Z;2026-10-04T23:59:59.999Z;
Poste;35122;500000;3000;2026-09-28T00:00:00.000Z;2026-10-04T23:59:59.999Z;
Poste;35123;500000;3000;2026-09-28T00:00:00.000Z;2026-10-04T23:59:59.999Z;
Poste;35124;500000;3000;2026-09-28T00:00:00.000Z;2026-10-04T23:59:59.999Z;
Poste;35125;500000;3000;2026-09-28T00:00:00.000Z;2026-10-04T23:59:59.999Z;
Poste;35126;500000;3000;2026-09-28T00:00:00.000Z;2026-10-04T23:59:59.999Z;
Poste;35127;500000;3000;2026-09-28T00:00:00.000Z;2026-10-04T23:59:59.999Z;
Poste;35128;500000;3000;2026-09-28T00:00:00.000Z;2026-10-04T23:59:59.999Z;
Poste;35129;500000;3000;2026-09-28T00:00:00.000Z;2026-10-04T23:59:59.999Z;
Poste;35131;500000;3000;2026-09-28T00:00:00.000Z;2026-10-04T23:59:59.999Z;
Poste;35132;500000;3000;2026-09-28T00:00:00.000Z;2026-10-04T23:59:59.999Z;
Poste;35133;500000;3000;2026-09-28T00:00:00.000Z;2026-10-04T23:59:59.999Z;
Poste;35134;500000;3000;2026-09-28T00:00:00.000Z;2026-10-04T23:59:59.999Z;
Poste;35135;500000;3000;2026-09-28T00:00:00.000Z;2026-10-04T23:59:59.999Z;
Poste;35136;500000;3000;2026-09-28T00:00:00.000Z;2026-10-04T23:59:59.999Z;
Poste;35137;500000;3000;2026-09-28T00:00:00.000Z;2026-10-04T23:59:59.999Z;
Poste;35138;500000;3000;2026-09-28T00:00:00.000Z;2026-10-04T23:59:59.999Z;
Poste;35139;500000;3000;2026-09-28T00:00:00.000Z;2026-10-04T23:59:59.999Z;
Poste;35141;500000;3000;2026-09-28T00:00:00.000Z;2026-10-04T23:59:59.999Z;
Poste;35142;500000;3000;2026-09-28T00:00:00.000Z;2026-10-04T23:59:59.999Z;
Poste;35143;500000;3000;2026-09-28T00:00:00.000Z;2026-10-04T23:59:59.999Z;
Poste;VI;500000;16900;2026-09-28T00:00:00.000Z;2026-10-04T23:59:59.999Z;890,AR,RS
Poste;36010;500000;2000;2026-09-28T00:00:00.000Z;2026-10-04T23:59:59.999Z;
Poste;36011;500000;2000;2026-09-28T00:00:00.000Z;2026-10-04T23:59:59.999Z;
Poste;36012;500000;2000;2026-09-28T00:00:00.000Z;2026-10-04T23:59:59.999Z;
Poste;36013;500000;2000;2026-09-28T00:00:00.000Z;2026-10-04T23:59:59.999Z;
Poste;36014;500000;2000;2026-09-28T00:00:00.000Z;2026-10-04T23:59:59.999Z;
Poste;36015;500000;2000;2026-09-28T00:00:00.000Z;2026-10-04T23:59:59.999Z;
Poste;36016;500000;2000;2026-09-28T00:00:00.000Z;2026-10-04T23:59:59.999Z;
Poste;36020;500000;2000;2026-09-28T00:00:00.000Z;2026-10-04T23:59:59.999Z;
Poste;36021;500000;2000;2026-09-28T00:00:00.000Z;2026-10-04T23:59:59.999Z;
Poste;36022;500000;2000;2026-09-28T00:00:00.000Z;2026-10-04T23:59:59.999Z;
Poste;36023;500000;2000;2026-09-28T00:00:00.000Z;2026-10-04T23:59:59.999Z;
Poste;36024;500000;2000;2026-09-28T00:00:00.000Z;2026-10-04T23:59:59.999Z;
Poste;36025;500000;2000;2026-09-28T00:00:00.000Z;2026-10-04T23:59:59.999Z;
Poste;36026;500000;2000;2026-09-28T00:00:00.000Z;2026-10-04T23:59:59.999Z;
Poste;36027;500000;2000;2026-09-28T00:00:00.000Z;2026-10-04T23:59:59.999Z;
Poste;36028;500000;2000;2026-09-28T00:00:00.000Z;2026-10-04T23:59:59.999Z;
Poste;36029;500000;2000;2026-09-28T00:00:00.000Z;2026-10-04T23:59:59.999Z;
Poste;36030;500000;2000;2026-09-28T00:00:00.000Z;2026-10-04T23:59:59.999Z;
Poste;36031;500000;2000;2026-09-28T00:00:00.000Z;2026-10-04T23:59:59.999Z;
Poste;36032;500000;2000;2026-09-28T00:00:00.000Z;2026-10-04T23:59:59.999Z;
Poste;36033;500000;2000;2026-09-28T00:00:00.000Z;2026-10-04T23:59:59.999Z;
Poste;36034;500000;2000;2026-09-28T00:00:00.000Z;2026-10-04T23:59:59.999Z;
Poste;36035;500000;2000;2026-09-28T00:00:00.000Z;2026-10-04T23:59:59.999Z;
Poste;36036;500000;2000;2026-09-28T00:00:00.000Z;2026-10-04T23:59:59.999Z;
Poste;36040;500000;2000;2026-09-28T00:00:00.000Z;2026-10-04T23:59:59.999Z;
Poste;36042;500000;2000;2026-09-28T00:00:00.000Z;2026-10-04T23:59:59.999Z;
Poste;36043;500000;2000;2026-09-28T00:00:00.000Z;2026-10-04T23:59:59.999Z;
Poste;36044;500000;2000;2026-09-28T00:00:00.000Z;2026-10-04T23:59:59.999Z;
Poste;36045;500000;2000;2026-09-28T00:00:00.000Z;2026-10-04T23:59:59.999Z;
Poste;36046;500000;2000;2026-09-28T00:00:00.000Z;2026-10-04T23:59:59.999Z;
Poste;36047;500000;2000;2026-09-28T00:00:00.000Z;2026-10-04T23:59:59.999Z;
Poste;36048;500000;2000;2026-09-28T00:00:00.000Z;2026-10-04T23:59:59.999Z;
Poste;36049;500000;2000;2026-09-28T00:00:00.000Z;2026-10-04T23:59:59.999Z;
Poste;36050;500000;2000;2026-09-28T00:00:00.000Z;2026-10-04T23:59:59.999Z;
Poste;36051;500000;2000;2026-09-28T00:00:00.000Z;2026-10-04T23:59:59.999Z;
Poste;36052;500000;2000;2026-09-28T00:00:00.000Z;2026-10-04T23:59:59.999Z;
Poste;36053;500000;2000;2026-09-28T00:00:00.000Z;2026-10-04T23:59:59.999Z;
Poste;36054;500000;2000;2026-09-28T00:00:00.000Z;2026-10-04T23:59:59.999Z;
Poste;36055;500000;2000;2026-09-28T00:00:00.000Z;2026-10-04T23:59:59.999Z;
Poste;36056;500000;2000;2026-09-28T00:00:00.000Z;2026-10-04T23:59:59.999Z;
Poste;36057;500000;2000;2026-09-28T00:00:00.000Z;2026-10-04T23:59:59.999Z;
Poste;36060;500000;2000;2026-09-28T00:00:00.000Z;2026-10-04T23:59:59.999Z;
Poste;36061;500000;2000;2026-09-28T00:00:00.000Z;2026-10-04T23:59:59.999Z;
Poste;36063;500000;2000;2026-09-28T00:00:00.000Z;2026-10-04T23:59:59.999Z;
Poste;36064;500000;2000;2026-09-28T00:00:00.000Z;2026-10-04T23:59:59.999Z;
Poste;36065;500000;2000;2026-09-28T00:00:00.000Z;2026-10-04T23:59:59.999Z;
Poste;36066;500000;2000;2026-09-28T00:00:00.000Z;2026-10-04T23:59:59.999Z;
Poste;36070;500000;2000;2026-09-28T00:00:00.000Z;2026-10-04T23:59:59.999Z;
Poste;36071;500000;2000;2026-09-28T00:00:00.000Z;2026-10-04T23:59:59.999Z;
Poste;36072;500000;2000;2026-09-28T00:00:00.000Z;2026-10-04T23:59:59.999Z;
Poste;36073;500000;2000;2026-09-28T00:00:00.000Z;2026-10-04T23:59:59.999Z;
Poste;36075;500000;2000;2026-09-28T00:00:00.000Z;2026-10-04T23:59:59.999Z;
Poste;36076;500000;2000;2026-09-28T00:00:00.000Z;2026-10-04T23:59:59.999Z;
Poste;36077;500000;2000;2026-09-28T00:00:00.000Z;2026-10-04T23:59:59.999Z;
Poste;36078;500000;2000;2026-09-28T00:00:00.000Z;2026-10-04T23:59:59.999Z;
Poste;36100;500000;3000;2026-09-28T00:00:00.000Z;2026-10-04T23:59:59.999Z;
Poste;VR;500000;20800;2026-09-28T00:00:00.000Z;2026-10-04T23:59:59.999Z;890,AR,RS
Poste;37010;500000;2000;2026-09-28T00:00:00.000Z;2026-10-04T23:59:59.999Z;
Poste;37011;500000;2000;2026-09-28T00:00:00.000Z;2026-10-04T23:59:59.999Z;
Poste;37012;500000;2000;2026-09-28T00:00:00.000Z;2026-10-04T23:59:59.999Z;
Poste;37013;500000;2000;2026-09-28T00:00:00.000Z;2026-10-04T23:59:59.999Z;
Poste;37014;500000;2000;2026-09-28T00:00:00.000Z;2026-10-04T23:59:59.999Z;
Poste;37015;500000;2000;2026-09-28T00:00:00.000Z;2026-10-04T23:59:59.999Z;
Poste;37016;500000;2000;2026-09-28T00:00:00.000Z;2026-10-04T23:59:59.999Z;
Poste;37017;500000;2000;2026-09-28T00:00:00.000Z;2026-10-04T23:59:59.999Z;
Poste;37018;500000;2000;2026-09-28T00:00:00.000Z;2026-10-04T23:59:59.999Z;
Poste;37019;500000;2000;2026-09-28T00:00:00.000Z;2026-10-04T23:59:59.999Z;
Poste;37020;500000;2000;2026-09-28T00:00:00.000Z;2026-10-04T23:59:59.999Z;
Poste;37021;500000;2000;2026-09-28T00:00:00.000Z;2026-10-04T23:59:59.999Z;
Poste;37022;500000;2000;2026-09-28T00:00:00.000Z;2026-10-04T23:59:59.999Z;
Poste;37023;500000;2000;2026-09-28T00:00:00.000Z;2026-10-04T23:59:59.999Z;
Poste;37024;500000;2000;2026-09-28T00:00:00.000Z;2026-10-04T23:59:59.999Z;
Poste;37026;500000;2000;2026-09-28T00:00:00.000Z;2026-10-04T23:59:59.999Z;
Poste;37028;500000;2000;2026-09-28T00:00:00.000Z;2026-10-04T23:59:59.999Z;
Poste;37029;500000;2000;2026-09-28T00:00:00.000Z;2026-10-04T23:59:59.999Z;
Poste;37030;500000;2000;2026-09-28T00:00:00.000Z;2026-10-04T23:59:59.999Z;
Poste;37031;500000;2000;2026-09-28T00:00:00.000Z;2026-10-04T23:59:59.999Z;
Poste;37032;500000;2000;2026-09-28T00:00:00.000Z;2026-10-04T23:59:59.999Z;
Poste;37035;500000;2000;2026-09-28T00:00:00.000Z;2026-10-04T23:59:59.999Z;
Poste;37036;500000;2000;2026-09-28T00:00:00.000Z;2026-10-04T23:59:59.999Z;
Poste;37038;500000;2000;2026-09-28T00:00:00.000Z;2026-10-04T23:59:59.999Z;
Poste;37039;500000;2000;2026-09-28T00:00:00.000Z;2026-10-04T23:59:59.999Z;
Poste;37040;500000;2000;2026-09-28T00:00:00.000Z;2026-10-04T23:59:59.999Z;
Poste;37041;500000;2000;2026-09-28T00:00:00.000Z;2026-10-04T23:59:59.999Z;
Poste;37042;500000;2000;2026-09-28T00:00:00.000Z;2026-10-04T23:59:59.999Z;
Poste;37043;500000;2000;2026-09-28T00:00:00.000Z;2026-10-04T23:59:59.999Z;
Poste;37044;500000;2000;2026-09-28T00:00:00.000Z;2026-10-04T23:59:59.999Z;
Poste;37045;500000;2000;2026-09-28T00:00:00.000Z;2026-10-04T23:59:59.999Z;
Poste;37046;500000;2000;2026-09-28T00:00:00.000Z;2026-10-04T23:59:59.999Z;
Poste;37047;500000;2000;2026-09-28T00:00:00.000Z;2026-10-04T23:59:59.999Z;
Poste;37049;500000;2000;2026-09-28T00:00:00.000Z;2026-10-04T23:59:59.999Z;
Poste;37050;500000;2000;2026-09-28T00:00:00.000Z;2026-10-04T23:59:59.999Z;
Poste;37051;500000;2000;2026-09-28T00:00:00.000Z;2026-10-04T23:59:59.999Z;
Poste;37052;500000;2000;2026-09-28T00:00:00.000Z;2026-10-04T23:59:59.999Z;
Poste;37053;500000;2000;2026-09-28T00:00:00.000Z;2026-10-04T23:59:59.999Z;
Poste;37054;500000;2000;2026-09-28T00:00:00.000Z;2026-10-04T23:59:59.999Z;
Poste;37055;500000;2000;2026-09-28T00:00:00.000Z;2026-10-04T23:59:59.999Z;
Poste;37056;500000;2000;2026-09-28T00:00:00.000Z;2026-10-04T23:59:59.999Z;
Poste;37057;500000;2000;2026-09-28T00:00:00.000Z;2026-10-04T23:59:59.999Z;
Poste;37058;500000;2000;2026-09-28T00:00:00.000Z;2026-10-04T23:59:59.999Z;
Poste;37059;500000;2000;2026-09-28T00:00:00.000Z;2026-10-04T23:59:59.999Z;
Poste;37060;500000;2000;2026-09-28T00:00:00.000Z;2026-10-04T23:59:59.999Z;
Poste;37062;500000;2000;2026-09-28T00:00:00.000Z;2026-10-04T23:59:59.999Z;
Poste;37063;500000;2000;2026-09-28T00:00:00.000Z;2026-10-04T23:59:59.999Z;
Poste;37064;500000;2000;2026-09-28T00:00:00.000Z;2026-10-04T23:59:59.999Z;
Poste;37066;500000;2000;2026-09-28T00:00:00.000Z;2026-10-04T23:59:59.999Z;
Poste;37067;500000;2000;2026-09-28T00:00:00.000Z;2026-10-04T23:59:59.999Z;
Poste;37068;500000;2000;2026-09-28T00:00:00.000Z;2026-10-04T23:59:59.999Z;
Poste;37069;500000;2000;2026-09-28T00:00:00.000Z;2026-10-04T23:59:59.999Z;
Poste;37121;500000;3000;2026-09-28T00:00:00.000Z;2026-10-04T23:59:59.999Z;
Poste;37122;500000;3000;2026-09-28T00:00:00.000Z;2026-10-04T23:59:59.999Z;
Poste;37123;500000;3000;2026-09-28T00:00:00.000Z;2026-10-04T23:59:59.999Z;
Poste;37124;500000;3000;2026-09-28T00:00:00.000Z;2026-10-04T23:59:59.999Z;
Poste;37125;500000;3000;2026-09-28T00:00:00.000Z;2026-10-04T23:59:59.999Z;
Poste;37126;500000;3000;2026-09-28T00:00:00.000Z;2026-10-04T23:59:59.999Z;
Poste;37127;500000;3000;2026-09-28T00:00:00.000Z;2026-10-04T23:59:59.999Z;
Poste;37128;500000;3000;2026-09-28T00:00:00.000Z;2026-10-04T23:59:59.999Z;
Poste;37129;500000;3000;2026-09-28T00:00:00.000Z;2026-10-04T23:59:59.999Z;
Poste;37131;500000;3000;2026-09-28T00:00:00.000Z;2026-10-04T23:59:59.999Z;
Poste;37132;500000;3000;2026-09-28T00:00:00.000Z;2026-10-04T23:59:59.999Z;
Poste;37133;500000;3000;2026-09-28T00:00:00.000Z;2026-10-04T23:59:59.999Z;
Poste;37134;500000;3000;2026-09-28T00:00:00.000Z;2026-10-04T23:59:59.999Z;
Poste;37135;500000;3000;2026-09-28T00:00:00.000Z;2026-10-04T23:59:59.999Z;
Poste;37136;500000;3000;2026-09-28T00:00:00.000Z;2026-10-04T23:59:59.999Z;
Poste;37137;500000;3000;2026-09-28T00:00:00.000Z;2026-10-04T23:59:59.999Z;
Poste;37138;500000;3000;2026-09-28T00:00:00.000Z;2026-10-04T23:59:59.999Z;
Poste;37139;500000;3000;2026-09-28T00:00:00.000Z;2026-10-04T23:59:59.999Z;
Poste;37141;500000;3000;2026-09-28T00:00:00.000Z;2026-10-04T23:59:59.999Z;
Poste;37142;500000;3000;2026-09-28T00:00:00.000Z;2026-10-04T23:59:59.999Z;
Poste;TN;500000;12100;2026-09-28T00:00:00.000Z;2026-10-04T23:59:59.999Z;890,AR,RS
Poste;38010;500000;2000;2026-09-28T00:00:00.000Z;2026-10-04T23:59:59.999Z;
Poste;38011;500000;2000;2026-09-28T00:00:00.000Z;2026-10-04T23:59:59.999Z;
Poste;38012;500000;2000;2026-09-28T00:00:00.000Z;2026-10-04T23:59:59.999Z;
Poste;38013;500000;2000;2026-09-28T00:00:00.000Z;2026-10-04T23:59:59.999Z;
Poste;38015;500000;2000;2026-09-28T00:00:00.000Z;2026-10-04T23:59:59.999Z;
Poste;38016;500000;2000;2026-09-28T00:00:00.000Z;2026-10-04T23:59:59.999Z;
Poste;38017;500000;2000;2026-09-28T00:00:00.000Z;2026-10-04T23:59:59.999Z;
Poste;38018;500000;2000;2026-09-28T00:00:00.000Z;2026-10-04T23:59:59.999Z;
Poste;38019;500000;2000;2026-09-28T00:00:00.000Z;2026-10-04T23:59:59.999Z;
Poste;38020;500000;2000;2026-09-28T00:00:00.000Z;2026-10-04T23:59:59.999Z;
Poste;38022;500000;2000;2026-09-28T00:00:00.000Z;2026-10-04T23:59:59.999Z;
Poste;38023;500000;2000;2026-09-28T00:00:00.000Z;2026-10-04T23:59:59.999Z;
Poste;38024;500000;2000;2026-09-28T00:00:00.000Z;2026-10-04T23:59:59.999Z;
Poste;38025;500000;2000;2026-09-28T00:00:00.000Z;2026-10-04T23:59:59.999Z;
Poste;38026;500000;2000;2026-09-28T00:00:00.000Z;2026-10-04T23:59:59.999Z;
Poste;38027;500000;2000;2026-09-28T00:00:00.000Z;2026-10-04T23:59:59.999Z;
Poste;38028;500000;2000;2026-09-28T00:00:00.000Z;2026-10-04T23:59:59.999Z;
Poste;38029;500000;2000;2026-09-28T00:00:00.000Z;2026-10-04T23:59:59.999Z;
Poste;38030;500000;2000;2026-09-28T00:00:00.000Z;2026-10-04T23:59:59.999Z;
Poste;38031;500000;2000;2026-09-28T00:00:00.000Z;2026-10-04T23:59:59.999Z;
Poste;38032;500000;2000;2026-09-28T00:00:00.000Z;2026-10-04T23:59:59.999Z;
Poste;38033;500000;2000;2026-09-28T00:00:00.000Z;2026-10-04T23:59:59.999Z;
Poste;38034;500000;2000;2026-09-28T00:00:00.000Z;2026-10-04T23:59:59.999Z;
Poste;38035;500000;2000;2026-09-28T00:00:00.000Z;2026-10-04T23:59:59.999Z;
Poste;38036;500000;2000;2026-09-28T00:00:00.000Z;2026-10-04T23:59:59.999Z;
Poste;38037;500000;2000;2026-09-28T00:00:00.000Z;2026-10-04T23:59:59.999Z;
Poste;38038;500000;2000;2026-09-28T00:00:00.000Z;2026-10-04T23:59:59.999Z;
Poste;38040;500000;2000;2026-09-28T00:00:00.000Z;2026-10-04T23:59:59.999Z;
Poste;38041;500000;2000;2026-09-28T00:00:00.000Z;2026-10-04T23:59:59.999Z;
Poste;38042;500000;2000;2026-09-28T00:00:00.000Z;2026-10-04T23:59:59.999Z;
Poste;38043;500000;2000;2026-09-28T00:00:00.000Z;2026-10-04T23:59:59.999Z;
Poste;38045;500000;2000;2026-09-28T00:00:00.000Z;2026-10-04T23:59:59.999Z;
Poste;38046;500000;2000;2026-09-28T00:00:00.000Z;2026-10-04T23:59:59.999Z;
Poste;38047;500000;2000;2026-09-28T00:00:00.000Z;2026-10-04T23:59:59.999Z;
Poste;38048;500000;2000;2026-09-28T00:00:00.000Z;2026-10-04T23:59:59.999Z;
Poste;38049;500000;2000;2026-09-28T00:00:00.000Z;2026-10-04T23:59:59.999Z;
Poste;38050;500000;2000;2026-09-28T00:00:00.000Z;2026-10-04T23:59:59.999Z;
Poste;38051;500000;2000;2026-09-28T00:00:00.000Z;2026-10-04T23:59:59.999Z;
Poste;38052;500000;2000;2026-09-28T00:00:00.000Z;2026-10-04T23:59:59.999Z;
Poste;38053;500000;2000;2026-09-28T00:00:00.000Z;2026-10-04T23:59:59.999Z;
Poste;38054;500000;2000;2026-09-28T00:00:00.000Z;2026-10-04T23:59:59.999Z;
Poste;38055;500000;2000;2026-09-28T00:00:00.000Z;2026-10-04T23:59:59.999Z;
Poste;38056;500000;2000;2026-09-28T00:00:00.000Z;2026-10-04T23:59:59.999Z;
Poste;38057;500000;2000;2026-09-28T00:00:00.000Z;2026-10-04T23:59:59.999Z;
Poste;38059;500000;2000;2026-09-28T00:00:00.000Z;2026-10-04T23:59:59.999Z;
Poste;38060;500000;2000;2026-09-28T00:00:00.000Z;2026-10-04T23:59:59.999Z;
Poste;38061;500000;2000;2026-09-28T00:00:00.000Z;2026-10-04T23:59:59.999Z;
Poste;38062;500000;2000;2026-09-28T00:00:00.000Z;2026-10-04T23:59:59.999Z;
Poste;38063;500000;2000;2026-09-28T00:00:00.000Z;2026-10-04T23:59:59.999Z;
Poste;38064;500000;2000;2026-09-28T00:00:00.000Z;2026-10-04T23:59:59.999Z;
Poste;38065;500000;2000;2026-09-28T00:00:00.000Z;2026-10-04T23:59:59.999Z;
Poste;38066;500000;2000;2026-09-28T00:00:00.000Z;2026-10-04T23:59:59.999Z;
Poste;38067;500000;2000;2026-09-28T00:00:00.000Z;2026-10-04T23:59:59.999Z;
Poste;38068;500000;2000;2026-09-28T00:00:00.000Z;2026-10-04T23:59:59.999Z;
Poste;38069;500000;2000;2026-09-28T00:00:00.000Z;2026-10-04T23:59:59.999Z;
Poste;38070;500000;2000;2026-09-28T00:00:00.000Z;2026-10-04T23:59:59.999Z;
Poste;38071;500000;2000;2026-09-28T00:00:00.000Z;2026-10-04T23:59:59.999Z;
Poste;38073;500000;2000;2026-09-28T00:00:00.000Z;2026-10-04T23:59:59.999Z;
Poste;38074;500000;2000;2026-09-28T00:00:00.000Z;2026-10-04T23:59:59.999Z;
Poste;38075;500000;2000;2026-09-28T00:00:00.000Z;2026-10-04T23:59:59.999Z;
Poste;38076;500000;2000;2026-09-28T00:00:00.000Z;2026-10-04T23:59:59.999Z;
Poste;38077;500000;2000;2026-09-28T00:00:00.000Z;2026-10-04T23:59:59.999Z;
Poste;38078;500000;2000;2026-09-28T00:00:00.000Z;2026-10-04T23:59:59.999Z;
Poste;38079;500000;2000;2026-09-28T00:00:00.000Z;2026-10-04T23:59:59.999Z;
Poste;38080;500000;2000;2026-09-28T00:00:00.000Z;2026-10-04T23:59:59.999Z;
Poste;38082;500000;2000;2026-09-28T00:00:00.000Z;2026-10-04T23:59:59.999Z;
Poste;38083;500000;2000;2026-09-28T00:00:00.000Z;2026-10-04T23:59:59.999Z;
Poste;38085;500000;2000;2026-09-28T00:00:00.000Z;2026-10-04T23:59:59.999Z;
Poste;38086;500000;2000;2026-09-28T00:00:00.000Z;2026-10-04T23:59:59.999Z;
Poste;38087;500000;2000;2026-09-28T00:00:00.000Z;2026-10-04T23:59:59.999Z;
Poste;38088;500000;2000;2026-09-28T00:00:00.000Z;2026-10-04T23:59:59.999Z;
Poste;38089;500000;2000;2026-09-28T00:00:00.000Z;2026-10-04T23:59:59.999Z;
Poste;38091;500000;2000;2026-09-28T00:00:00.000Z;2026-10-04T23:59:59.999Z;
Poste;38092;500000;2000;2026-09-28T00:00:00.000Z;2026-10-04T23:59:59.999Z;
Poste;38093;500000;2000;2026-09-28T00:00:00.000Z;2026-10-04T23:59:59.999Z;
Poste;38094;500000;2000;2026-09-28T00:00:00.000Z;2026-10-04T23:59:59.999Z;
Poste;38095;500000;2000;2026-09-28T00:00:00.000Z;2026-10-04T23:59:59.999Z;
Poste;38096;500000;2000;2026-09-28T00:00:00.000Z;2026-10-04T23:59:59.999Z;
Poste;38097;500000;2000;2026-09-28T00:00:00.000Z;2026-10-04T23:59:59.999Z;
Poste;38098;500000;2000;2026-09-28T00:00:00.000Z;2026-10-04T23:59:59.999Z;
Poste;38099;500000;2000;2026-09-28T00:00:00.000Z;2026-10-04T23:59:59.999Z;
Poste;38121;500000;3000;2026-09-28T00:00:00.000Z;2026-10-04T23:59:59.999Z;
Poste;38122;500000;3000;2026-09-28T00:00:00.000Z;2026-10-04T23:59:59.999Z;
Poste;38123;500000;3000;2026-09-28T00:00:00.000Z;2026-10-04T23:59:59.999Z;
Poste;BZ;500000;12900;2026-09-28T00:00:00.000Z;2026-10-04T23:59:59.999Z;890,AR,RS
Poste;39010;500000;2000;2026-09-28T00:00:00.000Z;2026-10-04T23:59:59.999Z;
Poste;39011;500000;2000;2026-09-28T00:00:00.000Z;2026-10-04T23:59:59.999Z;
Poste;39012;500000;2000;2026-09-28T00:00:00.000Z;2026-10-04T23:59:59.999Z;
Poste;39013;500000;2000;2026-09-28T00:00:00.000Z;2026-10-04T23:59:59.999Z;
Poste;39014;500000;2000;2026-09-28T00:00:00.000Z;2026-10-04T23:59:59.999Z;
Poste;39015;500000;2000;2026-09-28T00:00:00.000Z;2026-10-04T23:59:59.999Z;
Poste;39016;500000;2000;2026-09-28T00:00:00.000Z;2026-10-04T23:59:59.999Z;
Poste;39017;500000;2000;2026-09-28T00:00:00.000Z;2026-10-04T23:59:59.999Z;
Poste;39018;500000;2000;2026-09-28T00:00:00.000Z;2026-10-04T23:59:59.999Z;
Poste;39019;500000;2000;2026-09-28T00:00:00.000Z;2026-10-04T23:59:59.999Z;
Poste;39020;500000;2000;2026-09-28T00:00:00.000Z;2026-10-04T23:59:59.999Z;
Poste;39021;500000;2000;2026-09-28T00:00:00.000Z;2026-10-04T23:59:59.999Z;
Poste;39022;500000;2000;2026-09-28T00:00:00.000Z;2026-10-04T23:59:59.999Z;
Poste;39023;500000;2000;2026-09-28T00:00:00.000Z;2026-10-04T23:59:59.999Z;
Poste;39024;500000;2000;2026-09-28T00:00:00.000Z;2026-10-04T23:59:59.999Z;
Poste;39025;500000;2000;2026-09-28T00:00:00.000Z;2026-10-04T23:59:59.999Z;
Poste;39026;500000;2000;2026-09-28T00:00:00.000Z;2026-10-04T23:59:59.999Z;
Poste;39027;500000;2000;2026-09-28T00:00:00.000Z;2026-10-04T23:59:59.999Z;
Poste;39028;500000;2000;2026-09-28T00:00:00.000Z;2026-10-04T23:59:59.999Z;
Poste;39029;500000;2000;2026-09-28T00:00:00.000Z;2026-10-04T23:59:59.999Z;
Poste;39030;500000;2000;2026-09-28T00:00:00.000Z;2026-10-04T23:59:59.999Z;
Poste;39031;500000;2000;2026-09-28T00:00:00.000Z;2026-10-04T23:59:59.999Z;
Poste;39032;500000;2000;2026-09-28T00:00:00.000Z;2026-10-04T23:59:59.999Z;
Poste;39033;500000;2000;2026-09-28T00:00:00.000Z;2026-10-04T23:59:59.999Z;
Poste;39034;500000;2000;2026-09-28T00:00:00.000Z;2026-10-04T23:59:59.999Z;
Poste;39035;500000;2000;2026-09-28T00:00:00.000Z;2026-10-04T23:59:59.999Z;
Poste;39036;500000;2000;2026-09-28T00:00:00.000Z;2026-10-04T23:59:59.999Z;
Poste;39037;500000;2000;2026-09-28T00:00:00.000Z;2026-10-04T23:59:59.999Z;
Poste;39038;500000;2000;2026-09-28T00:00:00.000Z;2026-10-04T23:59:59.999Z;
Poste;39039;500000;2000;2026-09-28T00:00:00.000Z;2026-10-04T23:59:59.999Z;
Poste;39040;500000;2000;2026-09-28T00:00:00.000Z;2026-10-04T23:59:59.999Z;
Poste;39041;500000;2000;2026-09-28T00:00:00.000Z;2026-10-04T23:59:59.999Z;
Poste;39042;500000;2000;2026-09-28T00:00:00.000Z;2026-10-04T23:59:59.999Z;
Poste;39043;500000;2000;2026-09-28T00:00:00.000Z;2026-10-04T23:59:59.999Z;
Poste;39044;500000;2000;2026-09-28T00:00:00.000Z;2026-10-04T23:59:59.999Z;
Poste;39045;500000;2000;2026-09-28T00:00:00.000Z;2026-10-04T23:59:59.999Z;
Poste;39046;500000;2000;2026-09-28T00:00:00.000Z;2026-10-04T23:59:59.999Z;
Poste;39047;500000;2000;2026-09-28T00:00:00.000Z;2026-10-04T23:59:59.999Z;
Poste;39048;500000;2000;2026-09-28T00:00:00.000Z;2026-10-04T23:59:59.999Z;
Poste;39049;500000;2000;2026-09-28T00:00:00.000Z;2026-10-04T23:59:59.999Z;
Poste;39050;500000;2000;2026-09-28T00:00:00.000Z;2026-10-04T23:59:59.999Z;
Poste;39051;500000;2000;2026-09-28T00:00:00.000Z;2026-10-04T23:59:59.999Z;
Poste;39052;500000;2000;2026-09-28T00:00:00.000Z;2026-10-04T23:59:59.999Z;
Poste;39053;500000;2000;2026-09-28T00:00:00.000Z;2026-10-04T23:59:59.999Z;
Poste;39054;500000;2000;2026-09-28T00:00:00.000Z;2026-10-04T23:59:59.999Z;
Poste;39055;500000;2000;2026-09-28T00:00:00.000Z;2026-10-04T23:59:59.999Z;
Poste;39056;500000;2000;2026-09-28T00:00:00.000Z;2026-10-04T23:59:59.999Z;
Poste;39057;500000;2000;2026-09-28T00:00:00.000Z;2026-10-04T23:59:59.999Z;
Poste;39058;500000;2000;2026-09-28T00:00:00.000Z;2026-10-04T23:59:59.999Z;
Poste;39100;500000;3000;2026-09-28T00:00:00.000Z;2026-10-04T23:59:59.999Z;
Poste;BO;500000;26400;2026-09-28T00:00:00.000Z;2026-10-04T23:59:59.999Z;890,AR,RS
Poste;40010;500000;2000;2026-09-28T00:00:00.000Z;2026-10-04T23:59:59.999Z;
Poste;40011;500000;2000;2026-09-28T00:00:00.000Z;2026-10-04T23:59:59.999Z;
Poste;40012;500000;2000;2026-09-28T00:00:00.000Z;2026-10-04T23:59:59.999Z;
Poste;40013;500000;2000;2026-09-28T00:00:00.000Z;2026-10-04T23:59:59.999Z;
Poste;40014;500000;2000;2026-09-28T00:00:00.000Z;2026-10-04T23:59:59.999Z;
Poste;40015;500000;2000;2026-09-28T00:00:00.000Z;2026-10-04T23:59:59.999Z;
Poste;40016;500000;2000;2026-09-28T00:00:00.000Z;2026-10-04T23:59:59.999Z;
Poste;40017;500000;2000;2026-09-28T00:00:00.000Z;2026-10-04T23:59:59.999Z;
Poste;40018;500000;2000;2026-09-28T00:00:00.000Z;2026-10-04T23:59:59.999Z;
Poste;40019;500000;2000;2026-09-28T00:00:00.000Z;2026-10-04T23:59:59.999Z;
Poste;40020;500000;2000;2026-09-28T00:00:00.000Z;2026-10-04T23:59:59.999Z;
Poste;40021;500000;2000;2026-09-28T00:00:00.000Z;2026-10-04T23:59:59.999Z;
Poste;40022;500000;2000;2026-09-28T00:00:00.000Z;2026-10-04T23:59:59.999Z;
Poste;40023;500000;2000;2026-09-28T00:00:00.000Z;2026-10-04T23:59:59.999Z;
Poste;40024;500000;2000;2026-09-28T00:00:00.000Z;2026-10-04T23:59:59.999Z;
Poste;40025;500000;2000;2026-09-28T00:00:00.000Z;2026-10-04T23:59:59.999Z;
Poste;40026;500000;2000;2026-09-28T00:00:00.000Z;2026-10-04T23:59:59.999Z;
Poste;40027;500000;2000;2026-09-28T00:00:00.000Z;2026-10-04T23:59:59.999Z;
Poste;40030;500000;2000;2026-09-28T00:00:00.000Z;2026-10-04T23:59:59.999Z;
Poste;40032;500000;2000;2026-09-28T00:00:00.000Z;2026-10-04T23:59:59.999Z;
Poste;40033;500000;2000;2026-09-28T00:00:00.000Z;2026-10-04T23:59:59.999Z;
Poste;40034;500000;2000;2026-09-28T00:00:00.000Z;2026-10-04T23:59:59.999Z;
Poste;40035;500000;2000;2026-09-28T00:00:00.000Z;2026-10-04T23:59:59.999Z;
Poste;40036;500000;2000;2026-09-28T00:00:00.000Z;2026-10-04T23:59:59.999Z;
Poste;40037;500000;2000;2026-09-28T00:00:00.000Z;2026-10-04T23:59:59.999Z;
Poste;40038;500000;2000;2026-09-28T00:00:00.000Z;2026-10-04T23:59:59.999Z;
Poste;40041;500000;2000;2026-09-28T00:00:00.000Z;2026-10-04T23:59:59.999Z;
Poste;40042;500000;2000;2026-09-28T00:00:00.000Z;2026-10-04T23:59:59.999Z;
Poste;40043;500000;2000;2026-09-28T00:00:00.000Z;2026-10-04T23:59:59.999Z;
Poste;40046;500000;2000;2026-09-28T00:00:00.000Z;2026-10-04T23:59:59.999Z;
Poste;40048;500000;2000;2026-09-28T00:00:00.000Z;2026-10-04T23:59:59.999Z;
Poste;40050;500000;2000;2026-09-28T00:00:00.000Z;2026-10-04T23:59:59.999Z;
Poste;40051;500000;2000;2026-09-28T00:00:00.000Z;2026-10-04T23:59:59.999Z;
Poste;40052;500000;2000;2026-09-28T00:00:00.000Z;2026-10-04T23:59:59.999Z;
Poste;40053;500000;2000;2026-09-28T00:00:00.000Z;2026-10-04T23:59:59.999Z;
Poste;40054;500000;2000;2026-09-28T00:00:00.000Z;2026-10-04T23:59:59.999Z;
Poste;40055;500000;2000;2026-09-28T00:00:00.000Z;2026-10-04T23:59:59.999Z;
Poste;40056;500000;2000;2026-09-28T00:00:00.000Z;2026-10-04T23:59:59.999Z;
Poste;40057;500000;2000;2026-09-28T00:00:00.000Z;2026-10-04T23:59:59.999Z;
Poste;40059;500000;2000;2026-09-28T00:00:00.000Z;2026-10-04T23:59:59.999Z;
Poste;40060;500000;2000;2026-09-28T00:00:00.000Z;2026-10-04T23:59:59.999Z;
Poste;40061;500000;2000;2026-09-28T00:00:00.000Z;2026-10-04T23:59:59.999Z;
Poste;40062;500000;2000;2026-09-28T00:00:00.000Z;2026-10-04T23:59:59.999Z;
Poste;40063;500000;2000;2026-09-28T00:00:00.000Z;2026-10-04T23:59:59.999Z;
Poste;40064;500000;2000;2026-09-28T00:00:00.000Z;2026-10-04T23:59:59.999Z;
Poste;40065;500000;2000;2026-09-28T00:00:00.000Z;2026-10-04T23:59:59.999Z;
Poste;40066;500000;2000;2026-09-28T00:00:00.000Z;2026-10-04T23:59:59.999Z;
Poste;40067;500000;2000;2026-09-28T00:00:00.000Z;2026-10-04T23:59:59.999Z;
Poste;40068;500000;2000;2026-09-28T00:00:00.000Z;2026-10-04T23:59:59.999Z;
Poste;40069;500000;2000;2026-09-28T00:00:00.000Z;2026-10-04T23:59:59.999Z;
Poste;40121;500000;4000;2026-09-28T00:00:00.000Z;2026-10-04T23:59:59.999Z;
Poste;40122;500000;4000;2026-09-28T00:00:00.000Z;2026-10-04T23:59:59.999Z;
Poste;40123;500000;4000;2026-09-28T00:00:00.000Z;2026-10-04T23:59:59.999Z;
Poste;40124;500000;4000;2026-09-28T00:00:00.000Z;2026-10-04T23:59:59.999Z;
Poste;40125;500000;4000;2026-09-28T00:00:00.000Z;2026-10-04T23:59:59.999Z;
Poste;40126;500000;4000;2026-09-28T00:00:00.000Z;2026-10-04T23:59:59.999Z;
Poste;40127;500000;4000;2026-09-28T00:00:00.000Z;2026-10-04T23:59:59.999Z;
Poste;40128;500000;4000;2026-09-28T00:00:00.000Z;2026-10-04T23:59:59.999Z;
Poste;40129;500000;4000;2026-09-28T00:00:00.000Z;2026-10-04T23:59:59.999Z;
Poste;40131;500000;4000;2026-09-28T00:00:00.000Z;2026-10-04T23:59:59.999Z;
Poste;40132;500000;4000;2026-09-28T00:00:00.000Z;2026-10-04T23:59:59.999Z;
Poste;40133;500000;4000;2026-09-28T00:00:00.000Z;2026-10-04T23:59:59.999Z;
Poste;40134;500000;4000;2026-09-28T00:00:00.000Z;2026-10-04T23:59:59.999Z;
Poste;40135;500000;4000;2026-09-28T00:00:00.000Z;2026-10-04T23:59:59.999Z;
Poste;40136;500000;4000;2026-09-28T00:00:00.000Z;2026-10-04T23:59:59.999Z;
Poste;40137;500000;4000;2026-09-28T00:00:00.000Z;2026-10-04T23:59:59.999Z;
Poste;40138;500000;4000;2026-09-28T00:00:00.000Z;2026-10-04T23:59:59.999Z;
Poste;40139;500000;4000;2026-09-28T00:00:00.000Z;2026-10-04T23:59:59.999Z;
Poste;40141;500000;4000;2026-09-28T00:00:00.000Z;2026-10-04T23:59:59.999Z;
Poste;MO;500000;17400;2026-09-28T00:00:00.000Z;2026-10-04T23:59:59.999Z;890,AR,RS
Poste;41011;500000;2000;2026-09-28T00:00:00.000Z;2026-10-04T23:59:59.999Z;
Poste;41012;500000;2000;2026-09-28T00:00:00.000Z;2026-10-04T23:59:59.999Z;
Poste;41013;500000;2000;2026-09-28T00:00:00.000Z;2026-10-04T23:59:59.999Z;
Poste;41014;500000;2000;2026-09-28T00:00:00.000Z;2026-10-04T23:59:59.999Z;
Poste;41015;500000;2000;2026-09-28T00:00:00.000Z;2026-10-04T23:59:59.999Z;
Poste;41016;500000;2000;2026-09-28T00:00:00.000Z;2026-10-04T23:59:59.999Z;
Poste;41017;500000;2000;2026-09-28T00:00:00.000Z;2026-10-04T23:59:59.999Z;
Poste;41018;500000;2000;2026-09-28T00:00:00.000Z;2026-10-04T23:59:59.999Z;
Poste;41019;500000;2000;2026-09-28T00:00:00.000Z;2026-10-04T23:59:59.999Z;
Poste;41020;500000;2000;2026-09-28T00:00:00.000Z;2026-10-04T23:59:59.999Z;
Poste;41021;500000;2000;2026-09-28T00:00:00.000Z;2026-10-04T23:59:59.999Z;
Poste;41022;500000;2000;2026-09-28T00:00:00.000Z;2026-10-04T23:59:59.999Z;
Poste;41023;500000;2000;2026-09-28T00:00:00.000Z;2026-10-04T23:59:59.999Z;
Poste;41025;500000;2000;2026-09-28T00:00:00.000Z;2026-10-04T23:59:59.999Z;
Poste;41026;500000;2000;2026-09-28T00:00:00.000Z;2026-10-04T23:59:59.999Z;
Poste;41027;500000;2000;2026-09-28T00:00:00.000Z;2026-10-04T23:59:59.999Z;
Poste;41028;500000;2000;2026-09-28T00:00:00.000Z;2026-10-04T23:59:59.999Z;
Poste;41029;500000;2000;2026-09-28T00:00:00.000Z;2026-10-04T23:59:59.999Z;
Poste;41030;500000;2000;2026-09-28T00:00:00.000Z;2026-10-04T23:59:59.999Z;
Poste;41031;500000;2000;2026-09-28T00:00:00.000Z;2026-10-04T23:59:59.999Z;
Poste;41032;500000;2000;2026-09-28T00:00:00.000Z;2026-10-04T23:59:59.999Z;
Poste;41033;500000;2000;2026-09-28T00:00:00.000Z;2026-10-04T23:59:59.999Z;
Poste;41034;500000;2000;2026-09-28T00:00:00.000Z;2026-10-04T23:59:59.999Z;
Poste;41035;500000;2000;2026-09-28T00:00:00.000Z;2026-10-04T23:59:59.999Z;
Poste;41036;500000;2000;2026-09-28T00:00:00.000Z;2026-10-04T23:59:59.999Z;
Poste;41037;500000;2000;2026-09-28T00:00:00.000Z;2026-10-04T23:59:59.999Z;
Poste;41038;500000;2000;2026-09-28T00:00:00.000Z;2026-10-04T23:59:59.999Z;
Poste;41039;500000;2000;2026-09-28T00:00:00.000Z;2026-10-04T23:59:59.999Z;
Poste;41040;500000;2000;2026-09-28T00:00:00.000Z;2026-10-04T23:59:59.999Z;
Poste;41042;500000;2000;2026-09-28T00:00:00.000Z;2026-10-04T23:59:59.999Z;
Poste;41043;500000;2000;2026-09-28T00:00:00.000Z;2026-10-04T23:59:59.999Z;
Poste;41044;500000;2000;2026-09-28T00:00:00.000Z;2026-10-04T23:59:59.999Z;
Poste;41045;500000;2000;2026-09-28T00:00:00.000Z;2026-10-04T23:59:59.999Z;
Poste;41046;500000;2000;2026-09-28T00:00:00.000Z;2026-10-04T23:59:59.999Z;
Poste;41048;500000;2000;2026-09-28T00:00:00.000Z;2026-10-04T23:59:59.999Z;
Poste;41049;500000;2000;2026-09-28T00:00:00.000Z;2026-10-04T23:59:59.999Z;
Poste;41051;500000;2000;2026-09-28T00:00:00.000Z;2026-10-04T23:59:59.999Z;
Poste;41052;500000;2000;2026-09-28T00:00:00.000Z;2026-10-04T23:59:59.999Z;
Poste;41053;500000;2000;2026-09-28T00:00:00.000Z;2026-10-04T23:59:59.999Z;
Poste;41054;500000;2000;2026-09-28T00:00:00.000Z;2026-10-04T23:59:59.999Z;
Poste;41055;500000;2000;2026-09-28T00:00:00.000Z;2026-10-04T23:59:59.999Z;
Poste;41056;500000;2000;2026-09-28T00:00:00.000Z;2026-10-04T23:59:59.999Z;
Poste;41057;500000;2000;2026-09-28T00:00:00.000Z;2026-10-04T23:59:59.999Z;
Poste;41058;500000;2000;2026-09-28T00:00:00.000Z;2026-10-04T23:59:59.999Z;
Poste;41059;500000;2000;2026-09-28T00:00:00.000Z;2026-10-04T23:59:59.999Z;
Poste;41121;500000;3000;2026-09-28T00:00:00.000Z;2026-10-04T23:59:59.999Z;
Poste;41122;500000;3000;2026-09-28T00:00:00.000Z;2026-10-04T23:59:59.999Z;
Poste;41123;500000;3000;2026-09-28T00:00:00.000Z;2026-10-04T23:59:59.999Z;
Poste;41124;500000;3000;2026-09-28T00:00:00.000Z;2026-10-04T23:59:59.999Z;
Poste;41125;500000;3000;2026-09-28T00:00:00.000Z;2026-10-04T23:59:59.999Z;
Poste;41126;500000;3000;2026-09-28T00:00:00.000Z;2026-10-04T23:59:59.999Z;
Poste;RE;500000;10800;2026-09-28T00:00:00.000Z;2026-10-04T23:59:59.999Z;890,AR,RS
Poste;42010;500000;2000;2026-09-28T00:00:00.000Z;2026-10-04T23:59:59.999Z;
Poste;42011;500000;2000;2026-09-28T00:00:00.000Z;2026-10-04T23:59:59.999Z;
Poste;42012;500000;2000;2026-09-28T00:00:00.000Z;2026-10-04T23:59:59.999Z;
Poste;42013;500000;2000;2026-09-28T00:00:00.000Z;2026-10-04T23:59:59.999Z;
Poste;42014;500000;2000;2026-09-28T00:00:00.000Z;2026-10-04T23:59:59.999Z;
Poste;42015;500000;2000;2026-09-28T00:00:00.000Z;2026-10-04T23:59:59.999Z;
Poste;42016;500000;2000;2026-09-28T00:00:00.000Z;2026-10-04T23:59:59.999Z;
Poste;42017;500000;2000;2026-09-28T00:00:00.000Z;2026-10-04T23:59:59.999Z;
Poste;42018;500000;2000;2026-09-28T00:00:00.000Z;2026-10-04T23:59:59.999Z;
Poste;42019;500000;2000;2026-09-28T00:00:00.000Z;2026-10-04T23:59:59.999Z;
Poste;42020;500000;2000;2026-09-28T00:00:00.000Z;2026-10-04T23:59:59.999Z;
Poste;42021;500000;2000;2026-09-28T00:00:00.000Z;2026-10-04T23:59:59.999Z;
Poste;42022;500000;2000;2026-09-28T00:00:00.000Z;2026-10-04T23:59:59.999Z;
Poste;42023;500000;2000;2026-09-28T00:00:00.000Z;2026-10-04T23:59:59.999Z;
Poste;42024;500000;2000;2026-09-28T00:00:00.000Z;2026-10-04T23:59:59.999Z;
Poste;42025;500000;2000;2026-09-28T00:00:00.000Z;2026-10-04T23:59:59.999Z;
Poste;42026;500000;2000;2026-09-28T00:00:00.000Z;2026-10-04T23:59:59.999Z;
Poste;42027;500000;2000;2026-09-28T00:00:00.000Z;2026-10-04T23:59:59.999Z;
Poste;42028;500000;2000;2026-09-28T00:00:00.000Z;2026-10-04T23:59:59.999Z;
Poste;42030;500000;2000;2026-09-28T00:00:00.000Z;2026-10-04T23:59:59.999Z;
Poste;42031;500000;2000;2026-09-28T00:00:00.000Z;2026-10-04T23:59:59.999Z;
Poste;42032;500000;2000;2026-09-28T00:00:00.000Z;2026-10-04T23:59:59.999Z;
Poste;42033;500000;2000;2026-09-28T00:00:00.000Z;2026-10-04T23:59:59.999Z;
Poste;42034;500000;2000;2026-09-28T00:00:00.000Z;2026-10-04T23:59:59.999Z;
Poste;42035;500000;2000;2026-09-28T00:00:00.000Z;2026-10-04T23:59:59.999Z;
Poste;42040;500000;2000;2026-09-28T00:00:00.000Z;2026-10-04T23:59:59.999Z;
Poste;42041;500000;2000;2026-09-28T00:00:00.000Z;2026-10-04T23:59:59.999Z;
Poste;42042;500000;2000;2026-09-28T00:00:00.000Z;2026-10-04T23:59:59.999Z;
Poste;42043;500000;2000;2026-09-28T00:00:00.000Z;2026-10-04T23:59:59.999Z;
Poste;42044;500000;2000;2026-09-28T00:00:00.000Z;2026-10-04T23:59:59.999Z;
Poste;42045;500000;2000;2026-09-28T00:00:00.000Z;2026-10-04T23:59:59.999Z;
Poste;42046;500000;2000;2026-09-28T00:00:00.000Z;2026-10-04T23:59:59.999Z;
Poste;42047;500000;2000;2026-09-28T00:00:00.000Z;2026-10-04T23:59:59.999Z;
Poste;42048;500000;2000;2026-09-28T00:00:00.000Z;2026-10-04T23:59:59.999Z;
Poste;42049;500000;2000;2026-09-28T00:00:00.000Z;2026-10-04T23:59:59.999Z;
Poste;42121;500000;3000;2026-09-28T00:00:00.000Z;2026-10-04T23:59:59.999Z;
Poste;42122;500000;3000;2026-09-28T00:00:00.000Z;2026-10-04T23:59:59.999Z;
Poste;42123;500000;3000;2026-09-28T00:00:00.000Z;2026-10-04T23:59:59.999Z;
Poste;42124;500000;3000;2026-09-28T00:00:00.000Z;2026-10-04T23:59:59.999Z;
Poste;PR;500000;12600;2026-09-28T00:00:00.000Z;2026-10-04T23:59:59.999Z;890,AR,RS
Poste;43010;500000;2000;2026-09-28T00:00:00.000Z;2026-10-04T23:59:59.999Z;
Poste;43011;500000;2000;2026-09-28T00:00:00.000Z;2026-10-04T23:59:59.999Z;
Poste;43012;500000;2000;2026-09-28T00:00:00.000Z;2026-10-04T23:59:59.999Z;
Poste;43013;500000;2000;2026-09-28T00:00:00.000Z;2026-10-04T23:59:59.999Z;
Poste;43014;500000;2000;2026-09-28T00:00:00.000Z;2026-10-04T23:59:59.999Z;
Poste;43015;500000;2000;2026-09-28T00:00:00.000Z;2026-10-04T23:59:59.999Z;
Poste;43016;500000;2000;2026-09-28T00:00:00.000Z;2026-10-04T23:59:59.999Z;
Poste;43017;500000;2000;2026-09-28T00:00:00.000Z;2026-10-04T23:59:59.999Z;
Poste;43018;500000;2000;2026-09-28T00:00:00.000Z;2026-10-04T23:59:59.999Z;
Poste;43019;500000;2000;2026-09-28T00:00:00.000Z;2026-10-04T23:59:59.999Z;
Poste;43021;500000;2000;2026-09-28T00:00:00.000Z;2026-10-04T23:59:59.999Z;
Poste;43022;500000;2000;2026-09-28T00:00:00.000Z;2026-10-04T23:59:59.999Z;
Poste;43024;500000;2000;2026-09-28T00:00:00.000Z;2026-10-04T23:59:59.999Z;
Poste;43025;500000;2000;2026-09-28T00:00:00.000Z;2026-10-04T23:59:59.999Z;
Poste;43028;500000;2000;2026-09-28T00:00:00.000Z;2026-10-04T23:59:59.999Z;
Poste;43029;500000;2000;2026-09-28T00:00:00.000Z;2026-10-04T23:59:59.999Z;
Poste;43030;500000;2000;2026-09-28T00:00:00.000Z;2026-10-04T23:59:59.999Z;
Poste;43032;500000;2000;2026-09-28T00:00:00.000Z;2026-10-04T23:59:59.999Z;
Poste;43035;500000;2000;2026-09-28T00:00:00.000Z;2026-10-04T23:59:59.999Z;
Poste;43036;500000;2000;2026-09-28T00:00:00.000Z;2026-10-04T23:59:59.999Z;
Poste;43037;500000;2000;2026-09-28T00:00:00.000Z;2026-10-04T23:59:59.999Z;
Poste;43038;500000;2000;2026-09-28T00:00:00.000Z;2026-10-04T23:59:59.999Z;
Poste;43039;500000;2000;2026-09-28T00:00:00.000Z;2026-10-04T23:59:59.999Z;
Poste;43040;500000;2000;2026-09-28T00:00:00.000Z;2026-10-04T23:59:59.999Z;
Poste;43041;500000;2000;2026-09-28T00:00:00.000Z;2026-10-04T23:59:59.999Z;
Poste;43042;500000;2000;2026-09-28T00:00:00.000Z;2026-10-04T23:59:59.999Z;
Poste;43043;500000;2000;2026-09-28T00:00:00.000Z;2026-10-04T23:59:59.999Z;
Poste;43044;500000;2000;2026-09-28T00:00:00.000Z;2026-10-04T23:59:59.999Z;
Poste;43045;500000;2000;2026-09-28T00:00:00.000Z;2026-10-04T23:59:59.999Z;
Poste;43046;500000;2000;2026-09-28T00:00:00.000Z;2026-10-04T23:59:59.999Z;
Poste;43047;500000;2000;2026-09-28T00:00:00.000Z;2026-10-04T23:59:59.999Z;
Poste;43048;500000;2000;2026-09-28T00:00:00.000Z;2026-10-04T23:59:59.999Z;
Poste;43049;500000;2000;2026-09-28T00:00:00.000Z;2026-10-04T23:59:59.999Z;
Poste;43050;500000;2000;2026-09-28T00:00:00.000Z;2026-10-04T23:59:59.999Z;
Poste;43051;500000;2000;2026-09-28T00:00:00.000Z;2026-10-04T23:59:59.999Z;
Poste;43052;500000;2000;2026-09-28T00:00:00.000Z;2026-10-04T23:59:59.999Z;
Poste;43053;500000;2000;2026-09-28T00:00:00.000Z;2026-10-04T23:59:59.999Z;
Poste;43056;500000;2000;2026-09-28T00:00:00.000Z;2026-10-04T23:59:59.999Z;
Poste;43058;500000;2000;2026-09-28T00:00:00.000Z;2026-10-04T23:59:59.999Z;
Poste;43059;500000;2000;2026-09-28T00:00:00.000Z;2026-10-04T23:59:59.999Z;
Poste;43121;500000;3000;2026-09-28T00:00:00.000Z;2026-10-04T23:59:59.999Z;
Poste;43122;500000;3000;2026-09-28T00:00:00.000Z;2026-10-04T23:59:59.999Z;
Poste;43123;500000;3000;2026-09-28T00:00:00.000Z;2026-10-04T23:59:59.999Z;
Poste;43124;500000;3000;2026-09-28T00:00:00.000Z;2026-10-04T23:59:59.999Z;
Poste;43125;500000;3000;2026-09-28T00:00:00.000Z;2026-10-04T23:59:59.999Z;
Poste;43126;500000;3000;2026-09-28T00:00:00.000Z;2026-10-04T23:59:59.999Z;
Poste;FE;500000;7800;2026-09-28T00:00:00.000Z;2026-10-04T23:59:59.999Z;890,AR,RS
Poste;44011;500000;2000;2026-09-28T00:00:00.000Z;2026-10-04T23:59:59.999Z;
Poste;44012;500000;2000;2026-09-28T00:00:00.000Z;2026-10-04T23:59:59.999Z;
Poste;44015;500000;2000;2026-09-28T00:00:00.000Z;2026-10-04T23:59:59.999Z;
Poste;44019;500000;2000;2026-09-28T00:00:00.000Z;2026-10-04T23:59:59.999Z;
Poste;44020;500000;2000;2026-09-28T00:00:00.000Z;2026-10-04T23:59:59.999Z;
Poste;44021;500000;2000;2026-09-28T00:00:00.000Z;2026-10-04T23:59:59.999Z;
Poste;44022;500000;2000;2026-09-28T00:00:00.000Z;2026-10-04T23:59:59.999Z;
Poste;44023;500000;2000;2026-09-28T00:00:00.000Z;2026-10-04T23:59:59.999Z;
Poste;44026;500000;2000;2026-09-28T00:00:00.000Z;2026-10-04T23:59:59.999Z;
Poste;44027;500000;2000;2026-09-28T00:00:00.000Z;2026-10-04T23:59:59.999Z;
Poste;44028;500000;2000;2026-09-28T00:00:00.000Z;2026-10-04T23:59:59.999Z;
Poste;44029;500000;2000;2026-09-28T00:00:00.000Z;2026-10-04T23:59:59.999Z;
Poste;44033;500000;2000;2026-09-28T00:00:00.000Z;2026-10-04T23:59:59.999Z;
Poste;44034;500000;2000;2026-09-28T00:00:00.000Z;2026-10-04T23:59:59.999Z;
Poste;44037;500000;2000;2026-09-28T00:00:00.000Z;2026-10-04T23:59:59.999Z;
Poste;44039;500000;2000;2026-09-28T00:00:00.000Z;2026-10-04T23:59:59.999Z;
Poste;44041;500000;2000;2026-09-28T00:00:00.000Z;2026-10-04T23:59:59.999Z;
Poste;44042;500000;2000;2026-09-28T00:00:00.000Z;2026-10-04T23:59:59.999Z;
Poste;44045;500000;2000;2026-09-28T00:00:00.000Z;2026-10-04T23:59:59.999Z;
Poste;44047;500000;2000;2026-09-28T00:00:00.000Z;2026-10-04T23:59:59.999Z;
Poste;44049;500000;2000;2026-09-28T00:00:00.000Z;2026-10-04T23:59:59.999Z;
Poste;44121;500000;3000;2026-09-28T00:00:00.000Z;2026-10-04T23:59:59.999Z;
Poste;44122;500000;3000;2026-09-28T00:00:00.000Z;2026-10-04T23:59:59.999Z;
Poste;44123;500000;3000;2026-09-28T00:00:00.000Z;2026-10-04T23:59:59.999Z;
Poste;44124;500000;3000;2026-09-28T00:00:00.000Z;2026-10-04T23:59:59.999Z;
Poste;RO;500000;4800;2026-09-28T00:00:00.000Z;2026-10-04T23:59:59.999Z;890,AR,RS
Poste;45010;500000;2000;2026-09-28T00:00:00.000Z;2026-10-04T23:59:59.999Z;
Poste;45011;500000;2000;2026-09-28T00:00:00.000Z;2026-10-04T23:59:59.999Z;
Poste;45012;500000;2000;2026-09-28T00:00:00.000Z;2026-10-04T23:59:59.999Z;
Poste;45014;500000;2000;2026-09-28T00:00:00.000Z;2026-10-04T23:59:59.999Z;
Poste;45015;500000;2000;2026-09-28T00:00:00.000Z;2026-10-04T23:59:59.999Z;
Poste;45017;500000;2000;2026-09-28T00:00:00.000Z;2026-10-04T23:59:59.999Z;
Poste;45018;500000;2000;2026-09-28T00:00:00.000Z;2026-10-04T23:59:59.999Z;
Poste;45019;500000;2000;2026-09-28T00:00:00.000Z;2026-10-04T23:59:59.999Z;
Poste;45020;500000;2000;2026-09-28T00:00:00.000Z;2026-10-04T23:59:59.999Z;
Poste;45021;500000;2000;2026-09-28T00:00:00.000Z;2026-10-04T23:59:59.999Z;
Poste;45022;500000;2000;2026-09-28T00:00:00.000Z;2026-10-04T23:59:59.999Z;
Poste;45023;500000;2000;2026-09-28T00:00:00.000Z;2026-10-04T23:59:59.999Z;
Poste;45024;500000;2000;2026-09-28T00:00:00.000Z;2026-10-04T23:59:59.999Z;
Poste;45025;500000;2000;2026-09-28T00:00:00.000Z;2026-10-04T23:59:59.999Z;
Poste;45026;500000;2000;2026-09-28T00:00:00.000Z;2026-10-04T23:59:59.999Z;
Poste;45027;500000;2000;2026-09-28T00:00:00.000Z;2026-10-04T23:59:59.999Z;
Poste;45030;500000;2000;2026-09-28T00:00:00.000Z;2026-10-04T23:59:59.999Z;
Poste;45031;500000;2000;2026-09-28T00:00:00.000Z;2026-10-04T23:59:59.999Z;
Poste;45032;500000;2000;2026-09-28T00:00:00.000Z;2026-10-04T23:59:59.999Z;
Poste;45033;500000;2000;2026-09-28T00:00:00.000Z;2026-10-04T23:59:59.999Z;
Poste;45034;500000;2000;2026-09-28T00:00:00.000Z;2026-10-04T23:59:59.999Z;
Poste;45035;500000;2000;2026-09-28T00:00:00.000Z;2026-10-04T23:59:59.999Z;
Poste;45036;500000;2000;2026-09-28T00:00:00.000Z;2026-10-04T23:59:59.999Z;
Poste;45037;500000;2000;2026-09-28T00:00:00.000Z;2026-10-04T23:59:59.999Z;
Poste;45038;500000;2000;2026-09-28T00:00:00.000Z;2026-10-04T23:59:59.999Z;
Poste;45039;500000;2000;2026-09-28T00:00:00.000Z;2026-10-04T23:59:59.999Z;
Poste;45100;500000;3000;2026-09-28T00:00:00.000Z;2026-10-04T23:59:59.999Z;
Poste;MN;500000;6500;2026-09-28T00:00:00.000Z;2026-10-04T23:59:59.999Z;890,AR,RS
Poste;46010;500000;2000;2026-09-28T00:00:00.000Z;2026-10-04T23:59:59.999Z;
Poste;46011;500000;2000;2026-09-28T00:00:00.000Z;2026-10-04T23:59:59.999Z;
Poste;46012;500000;2000;2026-09-28T00:00:00.000Z;2026-10-04T23:59:59.999Z;
Poste;46013;500000;2000;2026-09-28T00:00:00.000Z;2026-10-04T23:59:59.999Z;
Poste;46014;500000;2000;2026-09-28T00:00:00.000Z;2026-10-04T23:59:59.999Z;
Poste;46017;500000;2000;2026-09-28T00:00:00.000Z;2026-10-04T23:59:59.999Z;
Poste;46018;500000;2000;2026-09-28T00:00:00.000Z;2026-10-04T23:59:59.999Z;
Poste;46019;500000;2000;2026-09-28T00:00:00.000Z;2026-10-04T23:59:59.999Z;
Poste;46020;500000;2000;2026-09-28T00:00:00.000Z;2026-10-04T23:59:59.999Z;
Poste;46021;500000;2000;2026-09-28T00:00:00.000Z;2026-10-04T23:59:59.999Z;
Poste;46023;500000;2000;2026-09-28T00:00:00.000Z;2026-10-04T23:59:59.999Z;
Poste;46024;500000;2000;2026-09-28T00:00:00.000Z;2026-10-04T23:59:59.999Z;
Poste;46025;500000;2000;2026-09-28T00:00:00.000Z;2026-10-04T23:59:59.999Z;
Poste;46026;500000;2000;2026-09-28T00:00:00.000Z;2026-10-04T23:59:59.999Z;
Poste;46027;500000;2000;2026-09-28T00:00:00.000Z;2026-10-04T23:59:59.999Z;
Poste;46028;500000;2000;2026-09-28T00:00:00.000Z;2026-10-04T23:59:59.999Z;
Poste;46029;500000;2000;2026-09-28T00:00:00.000Z;2026-10-04T23:59:59.999Z;
Poste;46030;500000;2000;2026-09-28T00:00:00.000Z;2026-10-04T23:59:59.999Z;
Poste;46031;500000;2000;2026-09-28T00:00:00.000Z;2026-10-04T23:59:59.999Z;
Poste;46032;500000;2000;2026-09-28T00:00:00.000Z;2026-10-04T23:59:59.999Z;
Poste;46033;500000;2000;2026-09-28T00:00:00.000Z;2026-10-04T23:59:59.999Z;
Poste;46034;500000;2000;2026-09-28T00:00:00.000Z;2026-10-04T23:59:59.999Z;
Poste;46035;500000;2000;2026-09-28T00:00:00.000Z;2026-10-04T23:59:59.999Z;
Poste;46036;500000;2000;2026-09-28T00:00:00.000Z;2026-10-04T23:59:59.999Z;
Poste;46037;500000;2000;2026-09-28T00:00:00.000Z;2026-10-04T23:59:59.999Z;
Poste;46039;500000;2000;2026-09-28T00:00:00.000Z;2026-10-04T23:59:59.999Z;
Poste;46040;500000;2000;2026-09-28T00:00:00.000Z;2026-10-04T23:59:59.999Z;
Poste;46041;500000;2000;2026-09-28T00:00:00.000Z;2026-10-04T23:59:59.999Z;
Poste;46042;500000;2000;2026-09-28T00:00:00.000Z;2026-10-04T23:59:59.999Z;
Poste;46043;500000;2000;2026-09-28T00:00:00.000Z;2026-10-04T23:59:59.999Z;
Poste;46044;500000;2000;2026-09-28T00:00:00.000Z;2026-10-04T23:59:59.999Z;
Poste;46045;500000;2000;2026-09-28T00:00:00.000Z;2026-10-04T23:59:59.999Z;
Poste;46046;500000;2000;2026-09-28T00:00:00.000Z;2026-10-04T23:59:59.999Z;
Poste;46047;500000;2000;2026-09-28T00:00:00.000Z;2026-10-04T23:59:59.999Z;
Poste;46048;500000;2000;2026-09-28T00:00:00.000Z;2026-10-04T23:59:59.999Z;
Poste;46049;500000;2000;2026-09-28T00:00:00.000Z;2026-10-04T23:59:59.999Z;
Poste;46051;500000;2000;2026-09-28T00:00:00.000Z;2026-10-04T23:59:59.999Z;
Poste;46100;500000;3000;2026-09-28T00:00:00.000Z;2026-10-04T23:59:59.999Z;
Poste;FC;500000;9100;2026-09-28T00:00:00.000Z;2026-10-04T23:59:59.999Z;890,AR,RS
Poste;47010;500000;2000;2026-09-28T00:00:00.000Z;2026-10-04T23:59:59.999Z;
Poste;47011;500000;2000;2026-09-28T00:00:00.000Z;2026-10-04T23:59:59.999Z;
Poste;47012;500000;2000;2026-09-28T00:00:00.000Z;2026-10-04T23:59:59.999Z;
Poste;47013;500000;2000;2026-09-28T00:00:00.000Z;2026-10-04T23:59:59.999Z;
Poste;47014;500000;2000;2026-09-28T00:00:00.000Z;2026-10-04T23:59:59.999Z;
Poste;47015;500000;2000;2026-09-28T00:00:00.000Z;2026-10-04T23:59:59.999Z;
Poste;47016;500000;2000;2026-09-28T00:00:00.000Z;2026-10-04T23:59:59.999Z;
Poste;47017;500000;2000;2026-09-28T00:00:00.000Z;2026-10-04T23:59:59.999Z;
Poste;47018;500000;2000;2026-09-28T00:00:00.000Z;2026-10-04T23:59:59.999Z;
Poste;47019;500000;2000;2026-09-28T00:00:00.000Z;2026-10-04T23:59:59.999Z;
Poste;47020;500000;2000;2026-09-28T00:00:00.000Z;2026-10-04T23:59:59.999Z;
Poste;47021;500000;2000;2026-09-28T00:00:00.000Z;2026-10-04T23:59:59.999Z;
Poste;47025;500000;2000;2026-09-28T00:00:00.000Z;2026-10-04T23:59:59.999Z;
Poste;47027;500000;2000;2026-09-28T00:00:00.000Z;2026-10-04T23:59:59.999Z;
Poste;47028;500000;2000;2026-09-28T00:00:00.000Z;2026-10-04T23:59:59.999Z;
Poste;47030;500000;2000;2026-09-28T00:00:00.000Z;2026-10-04T23:59:59.999Z;
Poste;47032;500000;2000;2026-09-28T00:00:00.000Z;2026-10-04T23:59:59.999Z;
Poste;47034;500000;2000;2026-09-28T00:00:00.000Z;2026-10-04T23:59:59.999Z;
Poste;47035;500000;2000;2026-09-28T00:00:00.000Z;2026-10-04T23:59:59.999Z;
Poste;47039;500000;2000;2026-09-28T00:00:00.000Z;2026-10-04T23:59:59.999Z;
Poste;47042;500000;2000;2026-09-28T00:00:00.000Z;2026-10-04T23:59:59.999Z;
Poste;47043;500000;2000;2026-09-28T00:00:00.000Z;2026-10-04T23:59:59.999Z;
Poste;47121;500000;3000;2026-09-28T00:00:00.000Z;2026-10-04T23:59:59.999Z;
Poste;47122;500000;3000;2026-09-28T00:00:00.000Z;2026-10-04T23:59:59.999Z;
Poste;47521;500000;2000;2026-09-28T00:00:00.000Z;2026-10-04T23:59:59.999Z;
Poste;47522;500000;2000;2026-09-28T00:00:00.000Z;2026-10-04T23:59:59.999Z;
Poste;RN;500000;9100;2026-09-28T00:00:00.000Z;2026-10-04T23:59:59.999Z;890,AR,RS
Poste;47814;500000;2000;2026-09-28T00:00:00.000Z;2026-10-04T23:59:59.999Z;
Poste;47822;500000;2000;2026-09-28T00:00:00.000Z;2026-10-04T23:59:59.999Z;
Poste;47824;500000;2000;2026-09-28T00:00:00.000Z;2026-10-04T23:59:59.999Z;
Poste;47826;500000;2000;2026-09-28T00:00:00.000Z;2026-10-04T23:59:59.999Z;
Poste;47832;500000;2000;2026-09-28T00:00:00.000Z;2026-10-04T23:59:59.999Z;
Poste;47833;500000;2000;2026-09-28T00:00:00.000Z;2026-10-04T23:59:59.999Z;
Poste;47834;500000;2000;2026-09-28T00:00:00.000Z;2026-10-04T23:59:59.999Z;
Poste;47835;500000;2000;2026-09-28T00:00:00.000Z;2026-10-04T23:59:59.999Z;
Poste;47836;500000;2000;2026-09-28T00:00:00.000Z;2026-10-04T23:59:59.999Z;
Poste;47837;500000;2000;2026-09-28T00:00:00.000Z;2026-10-04T23:59:59.999Z;
Poste;47838;500000;2000;2026-09-28T00:00:00.000Z;2026-10-04T23:59:59.999Z;
Poste;47841;500000;2000;2026-09-28T00:00:00.000Z;2026-10-04T23:59:59.999Z;
Poste;47842;500000;2000;2026-09-28T00:00:00.000Z;2026-10-04T23:59:59.999Z;
Poste;47843;500000;2000;2026-09-28T00:00:00.000Z;2026-10-04T23:59:59.999Z;
Poste;47853;500000;2000;2026-09-28T00:00:00.000Z;2026-10-04T23:59:59.999Z;
Poste;47854;500000;2000;2026-09-28T00:00:00.000Z;2026-10-04T23:59:59.999Z;
Poste;47855;500000;2000;2026-09-28T00:00:00.000Z;2026-10-04T23:59:59.999Z;
Poste;47861;500000;2000;2026-09-28T00:00:00.000Z;2026-10-04T23:59:59.999Z;
Poste;47862;500000;2000;2026-09-28T00:00:00.000Z;2026-10-04T23:59:59.999Z;
Poste;47863;500000;2000;2026-09-28T00:00:00.000Z;2026-10-04T23:59:59.999Z;
Poste;47864;500000;2000;2026-09-28T00:00:00.000Z;2026-10-04T23:59:59.999Z;
Poste;47865;500000;2000;2026-09-28T00:00:00.000Z;2026-10-04T23:59:59.999Z;
Poste;47866;500000;2000;2026-09-28T00:00:00.000Z;2026-10-04T23:59:59.999Z;
Poste;47867;500000;2000;2026-09-28T00:00:00.000Z;2026-10-04T23:59:59.999Z;
Poste;47868;500000;2000;2026-09-28T00:00:00.000Z;2026-10-04T23:59:59.999Z;
Poste;47869;500000;2000;2026-09-28T00:00:00.000Z;2026-10-04T23:59:59.999Z;
Poste;47921;500000;3000;2026-09-28T00:00:00.000Z;2026-10-04T23:59:59.999Z;
Poste;47922;500000;3000;2026-09-28T00:00:00.000Z;2026-10-04T23:59:59.999Z;
Poste;47923;500000;3000;2026-09-28T00:00:00.000Z;2026-10-04T23:59:59.999Z;
Poste;47924;500000;3000;2026-09-28T00:00:00.000Z;2026-10-04T23:59:59.999Z;
Poste;RA;500000;9700;2026-09-28T00:00:00.000Z;2026-10-04T23:59:59.999Z;890,AR,RS
Poste;48011;500000;2000;2026-09-28T00:00:00.000Z;2026-10-04T23:59:59.999Z;
Poste;48012;500000;2000;2026-09-28T00:00:00.000Z;2026-10-04T23:59:59.999Z;
Poste;48013;500000;2000;2026-09-28T00:00:00.000Z;2026-10-04T23:59:59.999Z;
Poste;48014;500000;2000;2026-09-28T00:00:00.000Z;2026-10-04T23:59:59.999Z;
Poste;48015;500000;2000;2026-09-28T00:00:00.000Z;2026-10-04T23:59:59.999Z;
Poste;48017;500000;2000;2026-09-28T00:00:00.000Z;2026-10-04T23:59:59.999Z;
Poste;48018;500000;2000;2026-09-28T00:00:00.000Z;2026-10-04T23:59:59.999Z;
Poste;48020;500000;2000;2026-09-28T00:00:00.000Z;2026-10-04T23:59:59.999Z;
Poste;48022;500000;2000;2026-09-28T00:00:00.000Z;2026-10-04T23:59:59.999Z;
Poste;48024;500000;2000;2026-09-28T00:00:00.000Z;2026-10-04T23:59:59.999Z;
Poste;48025;500000;2000;2026-09-28T00:00:00.000Z;2026-10-04T23:59:59.999Z;
Poste;48026;500000;2000;2026-09-28T00:00:00.000Z;2026-10-04T23:59:59.999Z;
Poste;48027;500000;2000;2026-09-28T00:00:00.000Z;2026-10-04T23:59:59.999Z;
Poste;48031;500000;2000;2026-09-28T00:00:00.000Z;2026-10-04T23:59:59.999Z;
Poste;48032;500000;2000;2026-09-28T00:00:00.000Z;2026-10-04T23:59:59.999Z;
Poste;48033;500000;2000;2026-09-28T00:00:00.000Z;2026-10-04T23:59:59.999Z;
Poste;48034;500000;2000;2026-09-28T00:00:00.000Z;2026-10-04T23:59:59.999Z;
Poste;48121;500000;3000;2026-09-28T00:00:00.000Z;2026-10-04T23:59:59.999Z;
Poste;48122;500000;3000;2026-09-28T00:00:00.000Z;2026-10-04T23:59:59.999Z;
Poste;48123;500000;3000;2026-09-28T00:00:00.000Z;2026-10-04T23:59:59.999Z;
Poste;48124;500000;3000;2026-09-28T00:00:00.000Z;2026-10-04T23:59:59.999Z;
Poste;48125;500000;3000;2026-09-28T00:00:00.000Z;2026-10-04T23:59:59.999Z;
Poste;FI;500000;22800;2026-09-28T00:00:00.000Z;2026-10-04T23:59:59.999Z;890,AR,RS
Poste;50012;500000;2000;2026-09-28T00:00:00.000Z;2026-10-04T23:59:59.999Z;
Poste;50013;500000;2000;2026-09-28T00:00:00.000Z;2026-10-04T23:59:59.999Z;
Poste;50014;500000;2000;2026-09-28T00:00:00.000Z;2026-10-04T23:59:59.999Z;
Poste;50018;500000;2000;2026-09-28T00:00:00.000Z;2026-10-04T23:59:59.999Z;
Poste;50019;500000;2000;2026-09-28T00:00:00.000Z;2026-10-04T23:59:59.999Z;
Poste;50022;500000;2000;2026-09-28T00:00:00.000Z;2026-10-04T23:59:59.999Z;
Poste;50023;500000;2000;2026-09-28T00:00:00.000Z;2026-10-04T23:59:59.999Z;
Poste;50025;500000;2000;2026-09-28T00:00:00.000Z;2026-10-04T23:59:59.999Z;
Poste;50026;500000;2000;2026-09-28T00:00:00.000Z;2026-10-04T23:59:59.999Z;
Poste;50027;500000;2000;2026-09-28T00:00:00.000Z;2026-10-04T23:59:59.999Z;
Poste;50028;500000;2000;2026-09-28T00:00:00.000Z;2026-10-04T23:59:59.999Z;
Poste;50031;500000;2000;2026-09-28T00:00:00.000Z;2026-10-04T23:59:59.999Z;
Poste;50032;500000;2000;2026-09-28T00:00:00.000Z;2026-10-04T23:59:59.999Z;
Poste;50033;500000;2000;2026-09-28T00:00:00.000Z;2026-10-04T23:59:59.999Z;
Poste;50034;500000;2000;2026-09-28T00:00:00.000Z;2026-10-04T23:59:59.999Z;
Poste;50035;500000;2000;2026-09-28T00:00:00.000Z;2026-10-04T23:59:59.999Z;
Poste;50036;500000;2000;2026-09-28T00:00:00.000Z;2026-10-04T23:59:59.999Z;
Poste;50037;500000;2000;2026-09-28T00:00:00.000Z;2026-10-04T23:59:59.999Z;
Poste;50038;500000;2000;2026-09-28T00:00:00.000Z;2026-10-04T23:59:59.999Z;
Poste;50039;500000;2000;2026-09-28T00:00:00.000Z;2026-10-04T23:59:59.999Z;
Poste;50041;500000;2000;2026-09-28T00:00:00.000Z;2026-10-04T23:59:59.999Z;
Poste;50050;500000;2000;2026-09-28T00:00:00.000Z;2026-10-04T23:59:59.999Z;
Poste;50051;500000;2000;2026-09-28T00:00:00.000Z;2026-10-04T23:59:59.999Z;
Poste;50052;500000;2000;2026-09-28T00:00:00.000Z;2026-10-04T23:59:59.999Z;
Poste;50053;500000;2000;2026-09-28T00:00:00.000Z;2026-10-04T23:59:59.999Z;
Poste;50054;500000;2000;2026-09-28T00:00:00.000Z;2026-10-04T23:59:59.999Z;
Poste;50055;500000;2000;2026-09-28T00:00:00.000Z;2026-10-04T23:59:59.999Z;
Poste;50056;500000;2000;2026-09-28T00:00:00.000Z;2026-10-04T23:59:59.999Z;
Poste;50058;500000;2000;2026-09-28T00:00:00.000Z;2026-10-04T23:59:59.999Z;
Poste;50059;500000;2000;2026-09-28T00:00:00.000Z;2026-10-04T23:59:59.999Z;
Poste;50060;500000;2000;2026-09-28T00:00:00.000Z;2026-10-04T23:59:59.999Z;
Poste;50061;500000;2000;2026-09-28T00:00:00.000Z;2026-10-04T23:59:59.999Z;
Poste;50062;500000;2000;2026-09-28T00:00:00.000Z;2026-10-04T23:59:59.999Z;
Poste;50063;500000;2000;2026-09-28T00:00:00.000Z;2026-10-04T23:59:59.999Z;
Poste;50064;500000;2000;2026-09-28T00:00:00.000Z;2026-10-04T23:59:59.999Z;
Poste;50065;500000;2000;2026-09-28T00:00:00.000Z;2026-10-04T23:59:59.999Z;
Poste;50066;500000;2000;2026-09-28T00:00:00.000Z;2026-10-04T23:59:59.999Z;
Poste;50067;500000;2000;2026-09-28T00:00:00.000Z;2026-10-04T23:59:59.999Z;
Poste;50068;500000;2000;2026-09-28T00:00:00.000Z;2026-10-04T23:59:59.999Z;
Poste;50121;500000;4000;2026-09-28T00:00:00.000Z;2026-10-04T23:59:59.999Z;
Poste;50122;500000;4000;2026-09-28T00:00:00.000Z;2026-10-04T23:59:59.999Z;
Poste;50123;500000;4000;2026-09-28T00:00:00.000Z;2026-10-04T23:59:59.999Z;
Poste;50124;500000;4000;2026-09-28T00:00:00.000Z;2026-10-04T23:59:59.999Z;
Poste;50125;500000;4000;2026-09-28T00:00:00.000Z;2026-10-04T23:59:59.999Z;
Poste;50126;500000;4000;2026-09-28T00:00:00.000Z;2026-10-04T23:59:59.999Z;
Poste;50127;500000;4000;2026-09-28T00:00:00.000Z;2026-10-04T23:59:59.999Z;
Poste;50129;500000;4000;2026-09-28T00:00:00.000Z;2026-10-04T23:59:59.999Z;
Poste;50131;500000;4000;2026-09-28T00:00:00.000Z;2026-10-04T23:59:59.999Z;
Poste;50132;500000;4000;2026-09-28T00:00:00.000Z;2026-10-04T23:59:59.999Z;
Poste;50133;500000;4000;2026-09-28T00:00:00.000Z;2026-10-04T23:59:59.999Z;
Poste;50134;500000;4000;2026-09-28T00:00:00.000Z;2026-10-04T23:59:59.999Z;
Poste;50135;500000;4000;2026-09-28T00:00:00.000Z;2026-10-04T23:59:59.999Z;
Poste;50136;500000;4000;2026-09-28T00:00:00.000Z;2026-10-04T23:59:59.999Z;
Poste;50137;500000;4000;2026-09-28T00:00:00.000Z;2026-10-04T23:59:59.999Z;
Poste;50139;500000;4000;2026-09-28T00:00:00.000Z;2026-10-04T23:59:59.999Z;
Poste;50141;500000;4000;2026-09-28T00:00:00.000Z;2026-10-04T23:59:59.999Z;
Poste;50142;500000;4000;2026-09-28T00:00:00.000Z;2026-10-04T23:59:59.999Z;
Poste;50143;500000;4000;2026-09-28T00:00:00.000Z;2026-10-04T23:59:59.999Z;
Poste;50144;500000;4000;2026-09-28T00:00:00.000Z;2026-10-04T23:59:59.999Z;
Poste;50145;500000;4000;2026-09-28T00:00:00.000Z;2026-10-04T23:59:59.999Z;
Poste;PT;500000;6000;2026-09-28T00:00:00.000Z;2026-10-04T23:59:59.999Z;890,AR,RS
Poste;51010;500000;2000;2026-09-28T00:00:00.000Z;2026-10-04T23:59:59.999Z;
Poste;51011;500000;2000;2026-09-28T00:00:00.000Z;2026-10-04T23:59:59.999Z;
Poste;51012;500000;2000;2026-09-28T00:00:00.000Z;2026-10-04T23:59:59.999Z;
Poste;51013;500000;2000;2026-09-28T00:00:00.000Z;2026-10-04T23:59:59.999Z;
Poste;51015;500000;2000;2026-09-28T00:00:00.000Z;2026-10-04T23:59:59.999Z;
Poste;51016;500000;2000;2026-09-28T00:00:00.000Z;2026-10-04T23:59:59.999Z;
Poste;51017;500000;2000;2026-09-28T00:00:00.000Z;2026-10-04T23:59:59.999Z;
Poste;51018;500000;2000;2026-09-28T00:00:00.000Z;2026-10-04T23:59:59.999Z;
Poste;51019;500000;2000;2026-09-28T00:00:00.000Z;2026-10-04T23:59:59.999Z;
Poste;51020;500000;2000;2026-09-28T00:00:00.000Z;2026-10-04T23:59:59.999Z;
Poste;51024;500000;2000;2026-09-28T00:00:00.000Z;2026-10-04T23:59:59.999Z;
Poste;51028;500000;2000;2026-09-28T00:00:00.000Z;2026-10-04T23:59:59.999Z;
Poste;51031;500000;2000;2026-09-28T00:00:00.000Z;2026-10-04T23:59:59.999Z;
Poste;51034;500000;2000;2026-09-28T00:00:00.000Z;2026-10-04T23:59:59.999Z;
Poste;51035;500000;2000;2026-09-28T00:00:00.000Z;2026-10-04T23:59:59.999Z;
Poste;51036;500000;2000;2026-09-28T00:00:00.000Z;2026-10-04T23:59:59.999Z;
Poste;51037;500000;2000;2026-09-28T00:00:00.000Z;2026-10-04T23:59:59.999Z;
Poste;51039;500000;2000;2026-09-28T00:00:00.000Z;2026-10-04T23:59:59.999Z;
Poste;51100;500000;3000;2026-09-28T00:00:00.000Z;2026-10-04T23:59:59.999Z;
Poste;AR;500000;7200;2026-09-28T00:00:00.000Z;2026-10-04T23:59:59.999Z;890,AR,RS
Poste;52010;500000;2000;2026-09-28T00:00:00.000Z;2026-10-04T23:59:59.999Z;
Poste;52011;500000;2000;2026-09-28T00:00:00.000Z;2026-10-04T23:59:59.999Z;
Poste;52014;500000;2000;2026-09-28T00:00:00.000Z;2026-10-04T23:59:59.999Z;
Poste;52015;500000;2000;2026-09-28T00:00:00.000Z;2026-10-04T23:59:59.999Z;
Poste;52016;500000;2000;2026-09-28T00:00:00.000Z;2026-10-04T23:59:59.999Z;
Poste;52017;500000;2000;2026-09-28T00:00:00.000Z;2026-10-04T23:59:59.999Z;
Poste;52018;500000;2000;2026-09-28T00:00:00.000Z;2026-10-04T23:59:59.999Z;
Poste;52019;500000;2000;2026-09-28T00:00:00.000Z;2026-10-04T23:59:59.999Z;
Poste;52020;500000;2000;2026-09-28T00:00:00.000Z;2026-10-04T23:59:59.999Z;
Poste;52021;500000;2000;2026-09-28T00:00:00.000Z;2026-10-04T23:59:59.999Z;
Poste;52022;500000;2000;2026-09-28T00:00:00.000Z;2026-10-04T23:59:59.999Z;
Poste;52024;500000;2000;2026-09-28T00:00:00.000Z;2026-10-04T23:59:59.999Z;
Poste;52025;500000;2000;2026-09-28T00:00:00.000Z;2026-10-04T23:59:59.999Z;
Poste;52026;500000;2000;2026-09-28T00:00:00.000Z;2026-10-04T23:59:59.999Z;
Poste;52027;500000;2000;2026-09-28T00:00:00.000Z;2026-10-04T23:59:59.999Z;
Poste;52028;500000;2000;2026-09-28T00:00:00.000Z;2026-10-04T23:59:59.999Z;
Poste;52029;500000;2000;2026-09-28T00:00:00.000Z;2026-10-04T23:59:59.999Z;
Poste;52031;500000;2000;2026-09-28T00:00:00.000Z;2026-10-04T23:59:59.999Z;
Poste;52032;500000;2000;2026-09-28T00:00:00.000Z;2026-10-04T23:59:59.999Z;
Poste;52033;500000;2000;2026-09-28T00:00:00.000Z;2026-10-04T23:59:59.999Z;
Poste;52035;500000;2000;2026-09-28T00:00:00.000Z;2026-10-04T23:59:59.999Z;
Poste;52036;500000;2000;2026-09-28T00:00:00.000Z;2026-10-04T23:59:59.999Z;
Poste;52037;500000;2000;2026-09-28T00:00:00.000Z;2026-10-04T23:59:59.999Z;
Poste;52038;500000;2000;2026-09-28T00:00:00.000Z;2026-10-04T23:59:59.999Z;
Poste;52041;500000;2000;2026-09-28T00:00:00.000Z;2026-10-04T23:59:59.999Z;
Poste;52043;500000;2000;2026-09-28T00:00:00.000Z;2026-10-04T23:59:59.999Z;
Poste;52044;500000;2000;2026-09-28T00:00:00.000Z;2026-10-04T23:59:59.999Z;
Poste;52045;500000;2000;2026-09-28T00:00:00.000Z;2026-10-04T23:59:59.999Z;
Poste;52046;500000;2000;2026-09-28T00:00:00.000Z;2026-10-04T23:59:59.999Z;
Poste;52047;500000;2000;2026-09-28T00:00:00.000Z;2026-10-04T23:59:59.999Z;
Poste;52048;500000;2000;2026-09-28T00:00:00.000Z;2026-10-04T23:59:59.999Z;
Poste;52100;500000;3000;2026-09-28T00:00:00.000Z;2026-10-04T23:59:59.999Z;
Poste;SI;500000;6000;2026-09-28T00:00:00.000Z;2026-10-04T23:59:59.999Z;890,AR,RS
Poste;53011;500000;2000;2026-09-28T00:00:00.000Z;2026-10-04T23:59:59.999Z;
Poste;53012;500000;2000;2026-09-28T00:00:00.000Z;2026-10-04T23:59:59.999Z;
Poste;53013;500000;2000;2026-09-28T00:00:00.000Z;2026-10-04T23:59:59.999Z;
Poste;53014;500000;2000;2026-09-28T00:00:00.000Z;2026-10-04T23:59:59.999Z;
Poste;53015;500000;2000;2026-09-28T00:00:00.000Z;2026-10-04T23:59:59.999Z;
Poste;53016;500000;2000;2026-09-28T00:00:00.000Z;2026-10-04T23:59:59.999Z;
Poste;53017;500000;2000;2026-09-28T00:00:00.000Z;2026-10-04T23:59:59.999Z;
Poste;53018;500000;2000;2026-09-28T00:00:00.000Z;2026-10-04T23:59:59.999Z;
Poste;53019;500000;2000;2026-09-28T00:00:00.000Z;2026-10-04T23:59:59.999Z;
Poste;53020;500000;2000;2026-09-28T00:00:00.000Z;2026-10-04T23:59:59.999Z;
Poste;53021;500000;2000;2026-09-28T00:00:00.000Z;2026-10-04T23:59:59.999Z;
Poste;53022;500000;2000;2026-09-28T00:00:00.000Z;2026-10-04T23:59:59.999Z;
Poste;53023;500000;2000;2026-09-28T00:00:00.000Z;2026-10-04T23:59:59.999Z;
Poste;53024;500000;2000;2026-09-28T00:00:00.000Z;2026-10-04T23:59:59.999Z;
Poste;53025;500000;2000;2026-09-28T00:00:00.000Z;2026-10-04T23:59:59.999Z;
Poste;53026;500000;2000;2026-09-28T00:00:00.000Z;2026-10-04T23:59:59.999Z;
Poste;53027;500000;2000;2026-09-28T00:00:00.000Z;2026-10-04T23:59:59.999Z;
Poste;53030;500000;2000;2026-09-28T00:00:00.000Z;2026-10-04T23:59:59.999Z;
Poste;53031;500000;2000;2026-09-28T00:00:00.000Z;2026-10-04T23:59:59.999Z;
Poste;53034;500000;2000;2026-09-28T00:00:00.000Z;2026-10-04T23:59:59.999Z;
Poste;53035;500000;2000;2026-09-28T00:00:00.000Z;2026-10-04T23:59:59.999Z;
Poste;53036;500000;2000;2026-09-28T00:00:00.000Z;2026-10-04T23:59:59.999Z;
Poste;53037;500000;2000;2026-09-28T00:00:00.000Z;2026-10-04T23:59:59.999Z;
Poste;53040;500000;2000;2026-09-28T00:00:00.000Z;2026-10-04T23:59:59.999Z;
Poste;53041;500000;2000;2026-09-28T00:00:00.000Z;2026-10-04T23:59:59.999Z;
Poste;53042;500000;2000;2026-09-28T00:00:00.000Z;2026-10-04T23:59:59.999Z;
Poste;53043;500000;2000;2026-09-28T00:00:00.000Z;2026-10-04T23:59:59.999Z;
Poste;53045;500000;2000;2026-09-28T00:00:00.000Z;2026-10-04T23:59:59.999Z;
Poste;53047;500000;2000;2026-09-28T00:00:00.000Z;2026-10-04T23:59:59.999Z;
Poste;53048;500000;2000;2026-09-28T00:00:00.000Z;2026-10-04T23:59:59.999Z;
Poste;53049;500000;2000;2026-09-28T00:00:00.000Z;2026-10-04T23:59:59.999Z;
Poste;53100;500000;3000;2026-09-28T00:00:00.000Z;2026-10-04T23:59:59.999Z;
Poste;MS;500000;3800;2026-09-28T00:00:00.000Z;2026-10-04T23:59:59.999Z;890,AR,RS
Poste;54010;500000;2000;2026-09-28T00:00:00.000Z;2026-10-04T23:59:59.999Z;
Poste;54011;500000;2000;2026-09-28T00:00:00.000Z;2026-10-04T23:59:59.999Z;
Poste;54012;500000;2000;2026-09-28T00:00:00.000Z;2026-10-04T23:59:59.999Z;
Poste;54013;500000;2000;2026-09-28T00:00:00.000Z;2026-10-04T23:59:59.999Z;
Poste;54014;500000;2000;2026-09-28T00:00:00.000Z;2026-10-04T23:59:59.999Z;
Poste;54015;500000;2000;2026-09-28T00:00:00.000Z;2026-10-04T23:59:59.999Z;
Poste;54016;500000;2000;2026-09-28T00:00:00.000Z;2026-10-04T23:59:59.999Z;
Poste;54021;500000;2000;2026-09-28T00:00:00.000Z;2026-10-04T23:59:59.999Z;
Poste;54023;500000;2000;2026-09-28T00:00:00.000Z;2026-10-04T23:59:59.999Z;
Poste;54026;500000;2000;2026-09-28T00:00:00.000Z;2026-10-04T23:59:59.999Z;
Poste;54027;500000;2000;2026-09-28T00:00:00.000Z;2026-10-04T23:59:59.999Z;
Poste;54028;500000;2000;2026-09-28T00:00:00.000Z;2026-10-04T23:59:59.999Z;
Poste;54029;500000;2000;2026-09-28T00:00:00.000Z;2026-10-04T23:59:59.999Z;
Poste;54033;500000;2000;2026-09-28T00:00:00.000Z;2026-10-04T23:59:59.999Z;
Poste;54035;500000;2000;2026-09-28T00:00:00.000Z;2026-10-04T23:59:59.999Z;
Poste;54038;500000;2000;2026-09-28T00:00:00.000Z;2026-10-04T23:59:59.999Z;
Poste;54100;500000;3000;2026-09-28T00:00:00.000Z;2026-10-04T23:59:59.999Z;
Poste;LU;500000;9000;2026-09-28T00:00:00.000Z;2026-10-04T23:59:59.999Z;890,AR,RS
Poste;55010;500000;2000;2026-09-28T00:00:00.000Z;2026-10-04T23:59:59.999Z;
Poste;55011;500000;2000;2026-09-28T00:00:00.000Z;2026-10-04T23:59:59.999Z;
Poste;55012;500000;2000;2026-09-28T00:00:00.000Z;2026-10-04T23:59:59.999Z;
Poste;55013;500000;2000;2026-09-28T00:00:00.000Z;2026-10-04T23:59:59.999Z;
Poste;55014;500000;2000;2026-09-28T00:00:00.000Z;2026-10-04T23:59:59.999Z;
Poste;55015;500000;2000;2026-09-28T00:00:00.000Z;2026-10-04T23:59:59.999Z;
Poste;55016;500000;2000;2026-09-28T00:00:00.000Z;2026-10-04T23:59:59.999Z;
Poste;55018;500000;2000;2026-09-28T00:00:00.000Z;2026-10-04T23:59:59.999Z;
Poste;55019;500000;2000;2026-09-28T00:00:00.000Z;2026-10-04T23:59:59.999Z;
Poste;55020;500000;2000;2026-09-28T00:00:00.000Z;2026-10-04T23:59:59.999Z;
Poste;55021;500000;2000;2026-09-28T00:00:00.000Z;2026-10-04T23:59:59.999Z;
Poste;55022;500000;2000;2026-09-28T00:00:00.000Z;2026-10-04T23:59:59.999Z;
Poste;55023;500000;2000;2026-09-28T00:00:00.000Z;2026-10-04T23:59:59.999Z;
Poste;55025;500000;2000;2026-09-28T00:00:00.000Z;2026-10-04T23:59:59.999Z;
Poste;55027;500000;2000;2026-09-28T00:00:00.000Z;2026-10-04T23:59:59.999Z;
Poste;55030;500000;2000;2026-09-28T00:00:00.000Z;2026-10-04T23:59:59.999Z;
Poste;55031;500000;2000;2026-09-28T00:00:00.000Z;2026-10-04T23:59:59.999Z;
Poste;55032;500000;2000;2026-09-28T00:00:00.000Z;2026-10-04T23:59:59.999Z;
Poste;55033;500000;2000;2026-09-28T00:00:00.000Z;2026-10-04T23:59:59.999Z;
Poste;55034;500000;2000;2026-09-28T00:00:00.000Z;2026-10-04T23:59:59.999Z;
Poste;55035;500000;2000;2026-09-28T00:00:00.000Z;2026-10-04T23:59:59.999Z;
Poste;55036;500000;2000;2026-09-28T00:00:00.000Z;2026-10-04T23:59:59.999Z;
Poste;55038;500000;2000;2026-09-28T00:00:00.000Z;2026-10-04T23:59:59.999Z;
Poste;55039;500000;2000;2026-09-28T00:00:00.000Z;2026-10-04T23:59:59.999Z;
Poste;55040;500000;2000;2026-09-28T00:00:00.000Z;2026-10-04T23:59:59.999Z;
Poste;55041;500000;2000;2026-09-28T00:00:00.000Z;2026-10-04T23:59:59.999Z;
Poste;55042;500000;2000;2026-09-28T00:00:00.000Z;2026-10-04T23:59:59.999Z;
Poste;55045;500000;2000;2026-09-28T00:00:00.000Z;2026-10-04T23:59:59.999Z;
Poste;55047;500000;2000;2026-09-28T00:00:00.000Z;2026-10-04T23:59:59.999Z;
Poste;55049;500000;2000;2026-09-28T00:00:00.000Z;2026-10-04T23:59:59.999Z;
Poste;55051;500000;2000;2026-09-28T00:00:00.000Z;2026-10-04T23:59:59.999Z;
Poste;55054;500000;2000;2026-09-28T00:00:00.000Z;2026-10-04T23:59:59.999Z;
Poste;55060;500000;2000;2026-09-28T00:00:00.000Z;2026-10-04T23:59:59.999Z;
Poste;55061;500000;2000;2026-09-28T00:00:00.000Z;2026-10-04T23:59:59.999Z;
Poste;55062;500000;2000;2026-09-28T00:00:00.000Z;2026-10-04T23:59:59.999Z;
Poste;55064;500000;2000;2026-09-28T00:00:00.000Z;2026-10-04T23:59:59.999Z;
Poste;55100;500000;3000;2026-09-28T00:00:00.000Z;2026-10-04T23:59:59.999Z;
Poste;PI;500000;9000;2026-09-28T00:00:00.000Z;2026-10-04T23:59:59.999Z;890,AR,RS
Poste;56010;500000;2000;2026-09-28T00:00:00.000Z;2026-10-04T23:59:59.999Z;
Poste;56011;500000;2000;2026-09-28T00:00:00.000Z;2026-10-04T23:59:59.999Z;
Poste;56012;500000;2000;2026-09-28T00:00:00.000Z;2026-10-04T23:59:59.999Z;
Poste;56017;500000;2000;2026-09-28T00:00:00.000Z;2026-10-04T23:59:59.999Z;
Poste;56019;500000;2000;2026-09-28T00:00:00.000Z;2026-10-04T23:59:59.999Z;
Poste;56020;500000;2000;2026-09-28T00:00:00.000Z;2026-10-04T23:59:59.999Z;
Poste;56021;500000;2000;2026-09-28T00:00:00.000Z;2026-10-04T23:59:59.999Z;
Poste;56022;500000;2000;2026-09-28T00:00:00.000Z;2026-10-04T23:59:59.999Z;
Poste;56023;500000;2000;2026-09-28T00:00:00.000Z;2026-10-04T23:59:59.999Z;
Poste;56024;500000;2000;2026-09-28T00:00:00.000Z;2026-10-04T23:59:59.999Z;
Poste;56025;500000;2000;2026-09-28T00:00:00.000Z;2026-10-04T23:59:59.999Z;
Poste;56028;500000;2000;2026-09-28T00:00:00.000Z;2026-10-04T23:59:59.999Z;
Poste;56029;500000;2000;2026-09-28T00:00:00.000Z;2026-10-04T23:59:59.999Z;
Poste;56030;500000;2000;2026-09-28T00:00:00.000Z;2026-10-04T23:59:59.999Z;
Poste;56031;500000;2000;2026-09-28T00:00:00.000Z;2026-10-04T23:59:59.999Z;
Poste;56032;500000;2000;2026-09-28T00:00:00.000Z;2026-10-04T23:59:59.999Z;
Poste;56033;500000;2000;2026-09-28T00:00:00.000Z;2026-10-04T23:59:59.999Z;
Poste;56034;500000;2000;2026-09-28T00:00:00.000Z;2026-10-04T23:59:59.999Z;
Poste;56035;500000;2000;2026-09-28T00:00:00.000Z;2026-10-04T23:59:59.999Z;
Poste;56036;500000;2000;2026-09-28T00:00:00.000Z;2026-10-04T23:59:59.999Z;
Poste;56037;500000;2000;2026-09-28T00:00:00.000Z;2026-10-04T23:59:59.999Z;
Poste;56038;500000;2000;2026-09-28T00:00:00.000Z;2026-10-04T23:59:59.999Z;
Poste;56040;500000;2000;2026-09-28T00:00:00.000Z;2026-10-04T23:59:59.999Z;
Poste;56041;500000;2000;2026-09-28T00:00:00.000Z;2026-10-04T23:59:59.999Z;
Poste;56042;500000;2000;2026-09-28T00:00:00.000Z;2026-10-04T23:59:59.999Z;
Poste;56043;500000;2000;2026-09-28T00:00:00.000Z;2026-10-04T23:59:59.999Z;
Poste;56044;500000;2000;2026-09-28T00:00:00.000Z;2026-10-04T23:59:59.999Z;
Poste;56045;500000;2000;2026-09-28T00:00:00.000Z;2026-10-04T23:59:59.999Z;
Poste;56046;500000;2000;2026-09-28T00:00:00.000Z;2026-10-04T23:59:59.999Z;
Poste;56048;500000;2000;2026-09-28T00:00:00.000Z;2026-10-04T23:59:59.999Z;
Poste;56121;500000;3000;2026-09-28T00:00:00.000Z;2026-10-04T23:59:59.999Z;
Poste;56122;500000;3000;2026-09-28T00:00:00.000Z;2026-10-04T23:59:59.999Z;
Poste;56123;500000;3000;2026-09-28T00:00:00.000Z;2026-10-04T23:59:59.999Z;
Poste;56124;500000;3000;2026-09-28T00:00:00.000Z;2026-10-04T23:59:59.999Z;
Poste;56125;500000;3000;2026-09-28T00:00:00.000Z;2026-10-04T23:59:59.999Z;
Poste;56126;500000;3000;2026-09-28T00:00:00.000Z;2026-10-04T23:59:59.999Z;
Poste;56127;500000;3000;2026-09-28T00:00:00.000Z;2026-10-04T23:59:59.999Z;
Poste;56128;500000;3000;2026-09-28T00:00:00.000Z;2026-10-04T23:59:59.999Z;
Poste;LI;500000;7200;2026-09-28T00:00:00.000Z;2026-10-04T23:59:59.999Z;890,AR,RS
Poste;57014;500000;2000;2026-09-28T00:00:00.000Z;2026-10-04T23:59:59.999Z;
Poste;57016;500000;2000;2026-09-28T00:00:00.000Z;2026-10-04T23:59:59.999Z;
Poste;57017;500000;2000;2026-09-28T00:00:00.000Z;2026-10-04T23:59:59.999Z;
Poste;57020;500000;2000;2026-09-28T00:00:00.000Z;2026-10-04T23:59:59.999Z;
Poste;57021;500000;2000;2026-09-28T00:00:00.000Z;2026-10-04T23:59:59.999Z;
Poste;57022;500000;2000;2026-09-28T00:00:00.000Z;2026-10-04T23:59:59.999Z;
Poste;57023;500000;2000;2026-09-28T00:00:00.000Z;2026-10-04T23:59:59.999Z;
Poste;57025;500000;2000;2026-09-28T00:00:00.000Z;2026-10-04T23:59:59.999Z;
Poste;57027;500000;2000;2026-09-28T00:00:00.000Z;2026-10-04T23:59:59.999Z;
Poste;57028;500000;2000;2026-09-28T00:00:00.000Z;2026-10-04T23:59:59.999Z;
Poste;57030;500000;2000;2026-09-28T00:00:00.000Z;2026-10-04T23:59:59.999Z;
Poste;57031;500000;2000;2026-09-28T00:00:00.000Z;2026-10-04T23:59:59.999Z;
Poste;57032;500000;2000;2026-09-28T00:00:00.000Z;2026-10-04T23:59:59.999Z;
Poste;57033;500000;2000;2026-09-28T00:00:00.000Z;2026-10-04T23:59:59.999Z;
Poste;57034;500000;2000;2026-09-28T00:00:00.000Z;2026-10-04T23:59:59.999Z;
Poste;57036;500000;2000;2026-09-28T00:00:00.000Z;2026-10-04T23:59:59.999Z;
Poste;57037;500000;2000;2026-09-28T00:00:00.000Z;2026-10-04T23:59:59.999Z;
Poste;57038;500000;2000;2026-09-28T00:00:00.000Z;2026-10-04T23:59:59.999Z;
Poste;57121;500000;3000;2026-09-28T00:00:00.000Z;2026-10-04T23:59:59.999Z;
Poste;57122;500000;3000;2026-09-28T00:00:00.000Z;2026-10-04T23:59:59.999Z;
Poste;57123;500000;3000;2026-09-28T00:00:00.000Z;2026-10-04T23:59:59.999Z;
Poste;57124;500000;3000;2026-09-28T00:00:00.000Z;2026-10-04T23:59:59.999Z;
Poste;57125;500000;3000;2026-09-28T00:00:00.000Z;2026-10-04T23:59:59.999Z;
Poste;57126;500000;3000;2026-09-28T00:00:00.000Z;2026-10-04T23:59:59.999Z;
Poste;57127;500000;3000;2026-09-28T00:00:00.000Z;2026-10-04T23:59:59.999Z;
Poste;57128;500000;3000;2026-09-28T00:00:00.000Z;2026-10-04T23:59:59.999Z;
Poste;GR;500000;6000;2026-09-28T00:00:00.000Z;2026-10-04T23:59:59.999Z;890,AR,RS
Poste;58010;500000;2000;2026-09-28T00:00:00.000Z;2026-10-04T23:59:59.999Z;
Poste;58011;500000;2000;2026-09-28T00:00:00.000Z;2026-10-04T23:59:59.999Z;
Poste;58012;500000;2000;2026-09-28T00:00:00.000Z;2026-10-04T23:59:59.999Z;
Poste;58014;500000;2000;2026-09-28T00:00:00.000Z;2026-10-04T23:59:59.999Z;
Poste;58015;500000;2000;2026-09-28T00:00:00.000Z;2026-10-04T23:59:59.999Z;
Poste;58017;500000;2000;2026-09-28T00:00:00.000Z;2026-10-04T23:59:59.999Z;
Poste;58018;500000;2000;2026-09-28T00:00:00.000Z;2026-10-04T23:59:59.999Z;
Poste;58019;500000;2000;2026-09-28T00:00:00.000Z;2026-10-04T23:59:59.999Z;
Poste;58020;500000;2000;2026-09-28T00:00:00.000Z;2026-10-04T23:59:59.999Z;
Poste;58022;500000;2000;2026-09-28T00:00:00.000Z;2026-10-04T23:59:59.999Z;
Poste;58023;500000;2000;2026-09-28T00:00:00.000Z;2026-10-04T23:59:59.999Z;
Poste;58024;500000;2000;2026-09-28T00:00:00.000Z;2026-10-04T23:59:59.999Z;
Poste;58025;500000;2000;2026-09-28T00:00:00.000Z;2026-10-04T23:59:59.999Z;
Poste;58026;500000;2000;2026-09-28T00:00:00.000Z;2026-10-04T23:59:59.999Z;
Poste;58027;500000;2000;2026-09-28T00:00:00.000Z;2026-10-04T23:59:59.999Z;
Poste;58031;500000;2000;2026-09-28T00:00:00.000Z;2026-10-04T23:59:59.999Z;
Poste;58033;500000;2000;2026-09-28T00:00:00.000Z;2026-10-04T23:59:59.999Z;
Poste;58034;500000;2000;2026-09-28T00:00:00.000Z;2026-10-04T23:59:59.999Z;
Poste;58036;500000;2000;2026-09-28T00:00:00.000Z;2026-10-04T23:59:59.999Z;
Poste;58037;500000;2000;2026-09-28T00:00:00.000Z;2026-10-04T23:59:59.999Z;
Poste;58038;500000;2000;2026-09-28T00:00:00.000Z;2026-10-04T23:59:59.999Z;
Poste;58042;500000;2000;2026-09-28T00:00:00.000Z;2026-10-04T23:59:59.999Z;
Poste;58043;500000;2000;2026-09-28T00:00:00.000Z;2026-10-04T23:59:59.999Z;
Poste;58044;500000;2000;2026-09-28T00:00:00.000Z;2026-10-04T23:59:59.999Z;
Poste;58045;500000;2000;2026-09-28T00:00:00.000Z;2026-10-04T23:59:59.999Z;
Poste;58051;500000;2000;2026-09-28T00:00:00.000Z;2026-10-04T23:59:59.999Z;
Poste;58053;500000;2000;2026-09-28T00:00:00.000Z;2026-10-04T23:59:59.999Z;
Poste;58054;500000;2000;2026-09-28T00:00:00.000Z;2026-10-04T23:59:59.999Z;
Poste;58055;500000;2000;2026-09-28T00:00:00.000Z;2026-10-04T23:59:59.999Z;
Poste;58100;500000;3000;2026-09-28T00:00:00.000Z;2026-10-04T23:59:59.999Z;
Poste;PO;500000;6000;2026-09-28T00:00:00.000Z;2026-10-04T23:59:59.999Z;890,AR,RS
Poste;59011;500000;2000;2026-09-28T00:00:00.000Z;2026-10-04T23:59:59.999Z;
Poste;59013;500000;2000;2026-09-28T00:00:00.000Z;2026-10-04T23:59:59.999Z;
Poste;59015;500000;2000;2026-09-28T00:00:00.000Z;2026-10-04T23:59:59.999Z;
Poste;59016;500000;2000;2026-09-28T00:00:00.000Z;2026-10-04T23:59:59.999Z;
Poste;59021;500000;2000;2026-09-28T00:00:00.000Z;2026-10-04T23:59:59.999Z;
Poste;59024;500000;2000;2026-09-28T00:00:00.000Z;2026-10-04T23:59:59.999Z;
Poste;59025;500000;2000;2026-09-28T00:00:00.000Z;2026-10-04T23:59:59.999Z;
Poste;59026;500000;2000;2026-09-28T00:00:00.000Z;2026-10-04T23:59:59.999Z;
Poste;59100;500000;3000;2026-09-28T00:00:00.000Z;2026-10-04T23:59:59.999Z;
Poste;AN;500000;10400;2026-09-28T00:00:00.000Z;2026-10-04T23:59:59.999Z;890,AR,RS
Fulmine;AN;500000;18000;2026-09-28T00:00:00.000Z;2026-10-04T23:59:59.999Z;RS
Poste;60010;500000;2000;2026-09-28T00:00:00.000Z;2026-10-04T23:59:59.999Z;
Fulmine;60011;500000;500;2026-09-28T00:00:00.000Z;2026-10-04T23:59:59.999Z;
Poste;60011;500000;2000;2026-09-28T00:00:00.000Z;2026-10-04T23:59:59.999Z;
Fulmine;60012;500000;500;2026-09-28T00:00:00.000Z;2026-10-04T23:59:59.999Z;
Poste;60012;500000;2000;2026-09-28T00:00:00.000Z;2026-10-04T23:59:59.999Z;
Fulmine;60013;500000;500;2026-09-28T00:00:00.000Z;2026-10-04T23:59:59.999Z;
Poste;60013;500000;2000;2026-09-28T00:00:00.000Z;2026-10-04T23:59:59.999Z;
Fulmine;60015;500000;500;2026-09-28T00:00:00.000Z;2026-10-04T23:59:59.999Z;
Poste;60015;500000;2000;2026-09-28T00:00:00.000Z;2026-10-04T23:59:59.999Z;
Fulmine;60018;500000;500;2026-09-28T00:00:00.000Z;2026-10-04T23:59:59.999Z;
Poste;60018;500000;2000;2026-09-28T00:00:00.000Z;2026-10-04T23:59:59.999Z;
Fulmine;60019;500000;500;2026-09-28T00:00:00.000Z;2026-10-04T23:59:59.999Z;
Poste;60019;500000;2000;2026-09-28T00:00:00.000Z;2026-10-04T23:59:59.999Z;
Fulmine;60020;500000;500;2026-09-28T00:00:00.000Z;2026-10-04T23:59:59.999Z;
Poste;60020;500000;2000;2026-09-28T00:00:00.000Z;2026-10-04T23:59:59.999Z;
Fulmine;60021;500000;500;2026-09-28T00:00:00.000Z;2026-10-04T23:59:59.999Z;
Poste;60021;500000;2000;2026-09-28T00:00:00.000Z;2026-10-04T23:59:59.999Z;
Fulmine;60022;500000;500;2026-09-28T00:00:00.000Z;2026-10-04T23:59:59.999Z;
Poste;60022;500000;2000;2026-09-28T00:00:00.000Z;2026-10-04T23:59:59.999Z;
Fulmine;60024;500000;500;2026-09-28T00:00:00.000Z;2026-10-04T23:59:59.999Z;
Poste;60024;500000;2000;2026-09-28T00:00:00.000Z;2026-10-04T23:59:59.999Z;
Fulmine;60025;500000;500;2026-09-28T00:00:00.000Z;2026-10-04T23:59:59.999Z;
Poste;60025;500000;2000;2026-09-28T00:00:00.000Z;2026-10-04T23:59:59.999Z;
Fulmine;60026;500000;500;2026-09-28T00:00:00.000Z;2026-10-04T23:59:59.999Z;
Poste;60026;500000;2000;2026-09-28T00:00:00.000Z;2026-10-04T23:59:59.999Z;
Fulmine;60027;500000;500;2026-09-28T00:00:00.000Z;2026-10-04T23:59:59.999Z;
Poste;60027;500000;2000;2026-09-28T00:00:00.000Z;2026-10-04T23:59:59.999Z;
Fulmine;60030;500000;500;2026-09-28T00:00:00.000Z;2026-10-04T23:59:59.999Z;
Poste;60030;500000;2000;2026-09-28T00:00:00.000Z;2026-10-04T23:59:59.999Z;
Fulmine;60031;500000;500;2026-09-28T00:00:00.000Z;2026-10-04T23:59:59.999Z;
Poste;60031;500000;2000;2026-09-28T00:00:00.000Z;2026-10-04T23:59:59.999Z;
Fulmine;60033;500000;500;2026-09-28T00:00:00.000Z;2026-10-04T23:59:59.999Z;
Poste;60033;500000;2000;2026-09-28T00:00:00.000Z;2026-10-04T23:59:59.999Z;
Fulmine;60034;500000;500;2026-09-28T00:00:00.000Z;2026-10-04T23:59:59.999Z;
Poste;60034;500000;2000;2026-09-28T00:00:00.000Z;2026-10-04T23:59:59.999Z;
Fulmine;60035;500000;500;2026-09-28T00:00:00.000Z;2026-10-04T23:59:59.999Z;
Poste;60035;500000;2000;2026-09-28T00:00:00.000Z;2026-10-04T23:59:59.999Z;
Fulmine;60036;500000;500;2026-09-28T00:00:00.000Z;2026-10-04T23:59:59.999Z;
Poste;60036;500000;2000;2026-09-28T00:00:00.000Z;2026-10-04T23:59:59.999Z;
Fulmine;60037;500000;500;2026-09-28T00:00:00.000Z;2026-10-04T23:59:59.999Z;
Poste;60037;500000;2000;2026-09-28T00:00:00.000Z;2026-10-04T23:59:59.999Z;
Fulmine;60038;500000;500;2026-09-28T00:00:00.000Z;2026-10-04T23:59:59.999Z;
Poste;60038;500000;2000;2026-09-28T00:00:00.000Z;2026-10-04T23:59:59.999Z;
Fulmine;60039;500000;500;2026-09-28T00:00:00.000Z;2026-10-04T23:59:59.999Z;
Poste;60039;500000;2000;2026-09-28T00:00:00.000Z;2026-10-04T23:59:59.999Z;
Poste;60040;500000;2000;2026-09-28T00:00:00.000Z;2026-10-04T23:59:59.999Z;
Fulmine;60041;500000;500;2026-09-28T00:00:00.000Z;2026-10-04T23:59:59.999Z;
Poste;60041;500000;2000;2026-09-28T00:00:00.000Z;2026-10-04T23:59:59.999Z;
Fulmine;60043;500000;500;2026-09-28T00:00:00.000Z;2026-10-04T23:59:59.999Z;
Poste;60043;500000;2000;2026-09-28T00:00:00.000Z;2026-10-04T23:59:59.999Z;
Fulmine;60044;500000;500;2026-09-28T00:00:00.000Z;2026-10-04T23:59:59.999Z;
Poste;60044;500000;2000;2026-09-28T00:00:00.000Z;2026-10-04T23:59:59.999Z;
Fulmine;60048;500000;500;2026-09-28T00:00:00.000Z;2026-10-04T23:59:59.999Z;
Poste;60048;500000;2000;2026-09-28T00:00:00.000Z;2026-10-04T23:59:59.999Z;
Fulmine;60121;500000;500;2026-09-28T00:00:00.000Z;2026-10-04T23:59:59.999Z;
Poste;60121;500000;3000;2026-09-28T00:00:00.000Z;2026-10-04T23:59:59.999Z;
Fulmine;60122;500000;500;2026-09-28T00:00:00.000Z;2026-10-04T23:59:59.999Z;
Poste;60122;500000;3000;2026-09-28T00:00:00.000Z;2026-10-04T23:59:59.999Z;
Fulmine;60123;500000;500;2026-09-28T00:00:00.000Z;2026-10-04T23:59:59.999Z;
Poste;60123;500000;3000;2026-09-28T00:00:00.000Z;2026-10-04T23:59:59.999Z;
Fulmine;60124;500000;500;2026-09-28T00:00:00.000Z;2026-10-04T23:59:59.999Z;
Poste;60124;500000;3000;2026-09-28T00:00:00.000Z;2026-10-04T23:59:59.999Z;
Fulmine;60125;500000;500;2026-09-28T00:00:00.000Z;2026-10-04T23:59:59.999Z;
Poste;60125;500000;3000;2026-09-28T00:00:00.000Z;2026-10-04T23:59:59.999Z;
Fulmine;60126;500000;500;2026-09-28T00:00:00.000Z;2026-10-04T23:59:59.999Z;
Poste;60126;500000;3000;2026-09-28T00:00:00.000Z;2026-10-04T23:59:59.999Z;
Fulmine;60127;500000;500;2026-09-28T00:00:00.000Z;2026-10-04T23:59:59.999Z;
Poste;60127;500000;3000;2026-09-28T00:00:00.000Z;2026-10-04T23:59:59.999Z;
Fulmine;60128;500000;500;2026-09-28T00:00:00.000Z;2026-10-04T23:59:59.999Z;
Poste;60128;500000;3000;2026-09-28T00:00:00.000Z;2026-10-04T23:59:59.999Z;
Fulmine;60129;500000;500;2026-09-28T00:00:00.000Z;2026-10-04T23:59:59.999Z;
Poste;60129;500000;3000;2026-09-28T00:00:00.000Z;2026-10-04T23:59:59.999Z;
Fulmine;60131;500000;500;2026-09-28T00:00:00.000Z;2026-10-04T23:59:59.999Z;
Poste;60131;500000;3000;2026-09-28T00:00:00.000Z;2026-10-04T23:59:59.999Z;
Poste;PU;500000;7250;2026-09-28T00:00:00.000Z;2026-10-04T23:59:59.999Z;890,AR,RS
Fulmine;PU;500000;15000;2026-09-28T00:00:00.000Z;2026-10-04T23:59:59.999Z;RS
Poste;61010;500000;2000;2026-09-28T00:00:00.000Z;2026-10-04T23:59:59.999Z;
Fulmine;61011;500000;500;2026-09-28T00:00:00.000Z;2026-10-04T23:59:59.999Z;
Poste;61011;500000;2000;2026-09-28T00:00:00.000Z;2026-10-04T23:59:59.999Z;
Fulmine;61012;500000;500;2026-09-28T00:00:00.000Z;2026-10-04T23:59:59.999Z;
Poste;61012;500000;2000;2026-09-28T00:00:00.000Z;2026-10-04T23:59:59.999Z;
Fulmine;61013;500000;500;2026-09-28T00:00:00.000Z;2026-10-04T23:59:59.999Z;
Poste;61013;500000;2000;2026-09-28T00:00:00.000Z;2026-10-04T23:59:59.999Z;
Fulmine;61020;500000;500;2026-09-28T00:00:00.000Z;2026-10-04T23:59:59.999Z;
Poste;61020;500000;2000;2026-09-28T00:00:00.000Z;2026-10-04T23:59:59.999Z;
Fulmine;61021;500000;500;2026-09-28T00:00:00.000Z;2026-10-04T23:59:59.999Z;
Poste;61021;500000;2000;2026-09-28T00:00:00.000Z;2026-10-04T23:59:59.999Z;
Fulmine;61022;500000;500;2026-09-28T00:00:00.000Z;2026-10-04T23:59:59.999Z;
Poste;61022;500000;2000;2026-09-28T00:00:00.000Z;2026-10-04T23:59:59.999Z;
Fulmine;61023;500000;500;2026-09-28T00:00:00.000Z;2026-10-04T23:59:59.999Z;
Poste;61023;500000;2000;2026-09-28T00:00:00.000Z;2026-10-04T23:59:59.999Z;
Fulmine;61024;500000;500;2026-09-28T00:00:00.000Z;2026-10-04T23:59:59.999Z;
Poste;61024;500000;2000;2026-09-28T00:00:00.000Z;2026-10-04T23:59:59.999Z;
Fulmine;61025;500000;500;2026-09-28T00:00:00.000Z;2026-10-04T23:59:59.999Z;
Poste;61025;500000;2000;2026-09-28T00:00:00.000Z;2026-10-04T23:59:59.999Z;
Fulmine;61026;500000;500;2026-09-28T00:00:00.000Z;2026-10-04T23:59:59.999Z;
Poste;61026;500000;2000;2026-09-28T00:00:00.000Z;2026-10-04T23:59:59.999Z;
Fulmine;61028;500000;500;2026-09-28T00:00:00.000Z;2026-10-04T23:59:59.999Z;
Poste;61028;500000;2000;2026-09-28T00:00:00.000Z;2026-10-04T23:59:59.999Z;
Fulmine;61029;500000;500;2026-09-28T00:00:00.000Z;2026-10-04T23:59:59.999Z;
Poste;61029;500000;2000;2026-09-28T00:00:00.000Z;2026-10-04T23:59:59.999Z;
Poste;61030;500000;2000;2026-09-28T00:00:00.000Z;2026-10-04T23:59:59.999Z;
Fulmine;61032;500000;500;2026-09-28T00:00:00.000Z;2026-10-04T23:59:59.999Z;
Poste;61032;500000;2000;2026-09-28T00:00:00.000Z;2026-10-04T23:59:59.999Z;
Fulmine;61033;500000;500;2026-09-28T00:00:00.000Z;2026-10-04T23:59:59.999Z;
Poste;61033;500000;2000;2026-09-28T00:00:00.000Z;2026-10-04T23:59:59.999Z;
Fulmine;61034;500000;500;2026-09-28T00:00:00.000Z;2026-10-04T23:59:59.999Z;
Poste;61034;500000;2000;2026-09-28T00:00:00.000Z;2026-10-04T23:59:59.999Z;
Fulmine;61036;500000;500;2026-09-28T00:00:00.000Z;2026-10-04T23:59:59.999Z;
Poste;61036;500000;2000;2026-09-28T00:00:00.000Z;2026-10-04T23:59:59.999Z;
Fulmine;61037;500000;500;2026-09-28T00:00:00.000Z;2026-10-04T23:59:59.999Z;
Poste;61037;500000;2000;2026-09-28T00:00:00.000Z;2026-10-04T23:59:59.999Z;
Fulmine;61038;500000;500;2026-09-28T00:00:00.000Z;2026-10-04T23:59:59.999Z;
Poste;61038;500000;2000;2026-09-28T00:00:00.000Z;2026-10-04T23:59:59.999Z;
Fulmine;61039;500000;500;2026-09-28T00:00:00.000Z;2026-10-04T23:59:59.999Z;
Poste;61039;500000;2000;2026-09-28T00:00:00.000Z;2026-10-04T23:59:59.999Z;
Poste;61040;500000;2000;2026-09-28T00:00:00.000Z;2026-10-04T23:59:59.999Z;
Fulmine;61041;500000;500;2026-09-28T00:00:00.000Z;2026-10-04T23:59:59.999Z;
Poste;61041;500000;2000;2026-09-28T00:00:00.000Z;2026-10-04T23:59:59.999Z;
Fulmine;61042;500000;500;2026-09-28T00:00:00.000Z;2026-10-04T23:59:59.999Z;
Poste;61042;500000;2000;2026-09-28T00:00:00.000Z;2026-10-04T23:59:59.999Z;
Fulmine;61043;500000;500;2026-09-28T00:00:00.000Z;2026-10-04T23:59:59.999Z;
Poste;61043;500000;2000;2026-09-28T00:00:00.000Z;2026-10-04T23:59:59.999Z;
Fulmine;61044;500000;500;2026-09-28T00:00:00.000Z;2026-10-04T23:59:59.999Z;
Poste;61044;500000;2000;2026-09-28T00:00:00.000Z;2026-10-04T23:59:59.999Z;
Fulmine;61045;500000;500;2026-09-28T00:00:00.000Z;2026-10-04T23:59:59.999Z;
Poste;61045;500000;2000;2026-09-28T00:00:00.000Z;2026-10-04T23:59:59.999Z;
Fulmine;61046;500000;500;2026-09-28T00:00:00.000Z;2026-10-04T23:59:59.999Z;
Poste;61046;500000;2000;2026-09-28T00:00:00.000Z;2026-10-04T23:59:59.999Z;
Fulmine;61047;500000;500;2026-09-28T00:00:00.000Z;2026-10-04T23:59:59.999Z;
Poste;61047;500000;2000;2026-09-28T00:00:00.000Z;2026-10-04T23:59:59.999Z;
Fulmine;61048;500000;500;2026-09-28T00:00:00.000Z;2026-10-04T23:59:59.999Z;
Poste;61048;500000;2000;2026-09-28T00:00:00.000Z;2026-10-04T23:59:59.999Z;
Fulmine;61049;500000;500;2026-09-28T00:00:00.000Z;2026-10-04T23:59:59.999Z;
Poste;61049;500000;2000;2026-09-28T00:00:00.000Z;2026-10-04T23:59:59.999Z;
Fulmine;61121;500000;500;2026-09-28T00:00:00.000Z;2026-10-04T23:59:59.999Z;
Poste;61121;500000;3000;2026-09-28T00:00:00.000Z;2026-10-04T23:59:59.999Z;
Fulmine;61122;500000;500;2026-09-28T00:00:00.000Z;2026-10-04T23:59:59.999Z;
Poste;61122;500000;3000;2026-09-28T00:00:00.000Z;2026-10-04T23:59:59.999Z;
Poste;MC;500000;6500;2026-09-28T00:00:00.000Z;2026-10-04T23:59:59.999Z;890,AR,RS
Fulmine;MC;500000;12000;2026-09-28T00:00:00.000Z;2026-10-04T23:59:59.999Z;RS
Fulmine;62010;500000;500;2026-09-28T00:00:00.000Z;2026-10-04T23:59:59.999Z;
Poste;62010;500000;2000;2026-09-28T00:00:00.000Z;2026-10-04T23:59:59.999Z;
Fulmine;62011;500000;500;2026-09-28T00:00:00.000Z;2026-10-04T23:59:59.999Z;
Poste;62011;500000;2000;2026-09-28T00:00:00.000Z;2026-10-04T23:59:59.999Z;
Fulmine;62012;500000;500;2026-09-28T00:00:00.000Z;2026-10-04T23:59:59.999Z;
Poste;62012;500000;2000;2026-09-28T00:00:00.000Z;2026-10-04T23:59:59.999Z;
Fulmine;62014;500000;500;2026-09-28T00:00:00.000Z;2026-10-04T23:59:59.999Z;
Poste;62014;500000;2000;2026-09-28T00:00:00.000Z;2026-10-04T23:59:59.999Z;
Fulmine;62015;500000;500;2026-09-28T00:00:00.000Z;2026-10-04T23:59:59.999Z;
Poste;62015;500000;2000;2026-09-28T00:00:00.000Z;2026-10-04T23:59:59.999Z;
Fulmine;62017;500000;500;2026-09-28T00:00:00.000Z;2026-10-04T23:59:59.999Z;
Poste;62017;500000;2000;2026-09-28T00:00:00.000Z;2026-10-04T23:59:59.999Z;
Fulmine;62018;500000;500;2026-09-28T00:00:00.000Z;2026-10-04T23:59:59.999Z;
Poste;62018;500000;2000;2026-09-28T00:00:00.000Z;2026-10-04T23:59:59.999Z;
Fulmine;62019;500000;500;2026-09-28T00:00:00.000Z;2026-10-04T23:59:59.999Z;
Poste;62019;500000;2000;2026-09-28T00:00:00.000Z;2026-10-04T23:59:59.999Z;
Poste;62020;500000;2000;2026-09-28T00:00:00.000Z;2026-10-04T23:59:59.999Z;
Fulmine;62021;500000;500;2026-09-28T00:00:00.000Z;2026-10-04T23:59:59.999Z;
Poste;62021;500000;2000;2026-09-28T00:00:00.000Z;2026-10-04T23:59:59.999Z;
Fulmine;62022;500000;500;2026-09-28T00:00:00.000Z;2026-10-04T23:59:59.999Z;
Poste;62022;500000;2000;2026-09-28T00:00:00.000Z;2026-10-04T23:59:59.999Z;
Fulmine;62024;500000;500;2026-09-28T00:00:00.000Z;2026-10-04T23:59:59.999Z;
Poste;62024;500000;2000;2026-09-28T00:00:00.000Z;2026-10-04T23:59:59.999Z;
Fulmine;62025;500000;500;2026-09-28T00:00:00.000Z;2026-10-04T23:59:59.999Z;
Poste;62025;500000;2000;2026-09-28T00:00:00.000Z;2026-10-04T23:59:59.999Z;
Fulmine;62026;500000;500;2026-09-28T00:00:00.000Z;2026-10-04T23:59:59.999Z;
Poste;62026;500000;2000;2026-09-28T00:00:00.000Z;2026-10-04T23:59:59.999Z;
Fulmine;62027;500000;500;2026-09-28T00:00:00.000Z;2026-10-04T23:59:59.999Z;
Poste;62027;500000;2000;2026-09-28T00:00:00.000Z;2026-10-04T23:59:59.999Z;
Fulmine;62028;500000;500;2026-09-28T00:00:00.000Z;2026-10-04T23:59:59.999Z;
Poste;62028;500000;2000;2026-09-28T00:00:00.000Z;2026-10-04T23:59:59.999Z;
Fulmine;62029;500000;500;2026-09-28T00:00:00.000Z;2026-10-04T23:59:59.999Z;
Poste;62029;500000;2000;2026-09-28T00:00:00.000Z;2026-10-04T23:59:59.999Z;
Fulmine;62031;500000;500;2026-09-28T00:00:00.000Z;2026-10-04T23:59:59.999Z;
Poste;62031;500000;2000;2026-09-28T00:00:00.000Z;2026-10-04T23:59:59.999Z;
Fulmine;62032;500000;500;2026-09-28T00:00:00.000Z;2026-10-04T23:59:59.999Z;
Poste;62032;500000;2000;2026-09-28T00:00:00.000Z;2026-10-04T23:59:59.999Z;
Fulmine;62034;500000;500;2026-09-28T00:00:00.000Z;2026-10-04T23:59:59.999Z;
Poste;62034;500000;2000;2026-09-28T00:00:00.000Z;2026-10-04T23:59:59.999Z;
Fulmine;62035;500000;500;2026-09-28T00:00:00.000Z;2026-10-04T23:59:59.999Z;
Poste;62035;500000;2000;2026-09-28T00:00:00.000Z;2026-10-04T23:59:59.999Z;
Fulmine;62036;500000;500;2026-09-28T00:00:00.000Z;2026-10-04T23:59:59.999Z;
Poste;62036;500000;2000;2026-09-28T00:00:00.000Z;2026-10-04T23:59:59.999Z;
Fulmine;62038;500000;500;2026-09-28T00:00:00.000Z;2026-10-04T23:59:59.999Z;
Poste;62038;500000;2000;2026-09-28T00:00:00.000Z;2026-10-04T23:59:59.999Z;
Fulmine;62039;500000;500;2026-09-28T00:00:00.000Z;2026-10-04T23:59:59.999Z;
Poste;62039;500000;2000;2026-09-28T00:00:00.000Z;2026-10-04T23:59:59.999Z;
Fulmine;62100;500000;500;2026-09-28T00:00:00.000Z;2026-10-04T23:59:59.999Z;
Poste;62100;500000;3000;2026-09-28T00:00:00.000Z;2026-10-04T23:59:59.999Z;
Fulmine;AP;500000;14500;2026-09-28T00:00:00.000Z;2026-10-04T23:59:59.999Z;RS
Poste;AP;500000;4850;2026-09-28T00:00:00.000Z;2026-10-04T23:59:59.999Z;890,AR,RS
Fulmine;63061;500000;500;2026-09-28T00:00:00.000Z;2026-10-04T23:59:59.999Z;
Poste;63061;500000;2000;2026-09-28T00:00:00.000Z;2026-10-04T23:59:59.999Z;
Fulmine;63062;500000;500;2026-09-28T00:00:00.000Z;2026-10-04T23:59:59.999Z;
Poste;63062;500000;2000;2026-09-28T00:00:00.000Z;2026-10-04T23:59:59.999Z;
Fulmine;63063;500000;500;2026-09-28T00:00:00.000Z;2026-10-04T23:59:59.999Z;
Poste;63063;500000;2000;2026-09-28T00:00:00.000Z;2026-10-04T23:59:59.999Z;
Fulmine;63064;500000;500;2026-09-28T00:00:00.000Z;2026-10-04T23:59:59.999Z;
Poste;63064;500000;2000;2026-09-28T00:00:00.000Z;2026-10-04T23:59:59.999Z;
Fulmine;63065;500000;500;2026-09-28T00:00:00.000Z;2026-10-04T23:59:59.999Z;
Poste;63065;500000;2000;2026-09-28T00:00:00.000Z;2026-10-04T23:59:59.999Z;
Fulmine;63066;500000;500;2026-09-28T00:00:00.000Z;2026-10-04T23:59:59.999Z;
Poste;63066;500000;2000;2026-09-28T00:00:00.000Z;2026-10-04T23:59:59.999Z;
Fulmine;63067;500000;500;2026-09-28T00:00:00.000Z;2026-10-04T23:59:59.999Z;
Poste;63067;500000;2000;2026-09-28T00:00:00.000Z;2026-10-04T23:59:59.999Z;
Fulmine;63068;500000;500;2026-09-28T00:00:00.000Z;2026-10-04T23:59:59.999Z;
Poste;63068;500000;2000;2026-09-28T00:00:00.000Z;2026-10-04T23:59:59.999Z;
Poste;63069;500000;2000;2026-09-28T00:00:00.000Z;2026-10-04T23:59:59.999Z;
Fulmine;63071;500000;500;2026-09-28T00:00:00.000Z;2026-10-04T23:59:59.999Z;
Poste;63071;500000;2000;2026-09-28T00:00:00.000Z;2026-10-04T23:59:59.999Z;
Fulmine;63072;500000;500;2026-09-28T00:00:00.000Z;2026-10-04T23:59:59.999Z;
Poste;63072;500000;2000;2026-09-28T00:00:00.000Z;2026-10-04T23:59:59.999Z;
Fulmine;63073;500000;500;2026-09-28T00:00:00.000Z;2026-10-04T23:59:59.999Z;
Poste;63073;500000;2000;2026-09-28T00:00:00.000Z;2026-10-04T23:59:59.999Z;
Fulmine;63074;500000;500;2026-09-28T00:00:00.000Z;2026-10-04T23:59:59.999Z;
Poste;63074;500000;2000;2026-09-28T00:00:00.000Z;2026-10-04T23:59:59.999Z;
Fulmine;63075;500000;500;2026-09-28T00:00:00.000Z;2026-10-04T23:59:59.999Z;
Poste;63075;500000;2000;2026-09-28T00:00:00.000Z;2026-10-04T23:59:59.999Z;
Fulmine;63076;500000;500;2026-09-28T00:00:00.000Z;2026-10-04T23:59:59.999Z;
Poste;63076;500000;2000;2026-09-28T00:00:00.000Z;2026-10-04T23:59:59.999Z;
Fulmine;63077;500000;500;2026-09-28T00:00:00.000Z;2026-10-04T23:59:59.999Z;
Poste;63077;500000;2000;2026-09-28T00:00:00.000Z;2026-10-04T23:59:59.999Z;
Fulmine;63078;500000;500;2026-09-28T00:00:00.000Z;2026-10-04T23:59:59.999Z;
Poste;63078;500000;2000;2026-09-28T00:00:00.000Z;2026-10-04T23:59:59.999Z;
Fulmine;63079;500000;500;2026-09-28T00:00:00.000Z;2026-10-04T23:59:59.999Z;
Poste;63079;500000;2000;2026-09-28T00:00:00.000Z;2026-10-04T23:59:59.999Z;
Fulmine;63081;500000;500;2026-09-28T00:00:00.000Z;2026-10-04T23:59:59.999Z;
Poste;63081;500000;2000;2026-09-28T00:00:00.000Z;2026-10-04T23:59:59.999Z;
Fulmine;63082;500000;500;2026-09-28T00:00:00.000Z;2026-10-04T23:59:59.999Z;
Poste;63082;500000;2000;2026-09-28T00:00:00.000Z;2026-10-04T23:59:59.999Z;
Fulmine;63083;500000;500;2026-09-28T00:00:00.000Z;2026-10-04T23:59:59.999Z;
Poste;63083;500000;2000;2026-09-28T00:00:00.000Z;2026-10-04T23:59:59.999Z;
Fulmine;63084;500000;500;2026-09-28T00:00:00.000Z;2026-10-04T23:59:59.999Z;
Poste;63084;500000;2000;2026-09-28T00:00:00.000Z;2026-10-04T23:59:59.999Z;
Fulmine;63085;500000;500;2026-09-28T00:00:00.000Z;2026-10-04T23:59:59.999Z;
Poste;63085;500000;2000;2026-09-28T00:00:00.000Z;2026-10-04T23:59:59.999Z;
Fulmine;63086;500000;500;2026-09-28T00:00:00.000Z;2026-10-04T23:59:59.999Z;
Poste;63086;500000;2000;2026-09-28T00:00:00.000Z;2026-10-04T23:59:59.999Z;
Fulmine;63087;500000;500;2026-09-28T00:00:00.000Z;2026-10-04T23:59:59.999Z;
Poste;63087;500000;2000;2026-09-28T00:00:00.000Z;2026-10-04T23:59:59.999Z;
Poste;63088;500000;2000;2026-09-28T00:00:00.000Z;2026-10-04T23:59:59.999Z;
Fulmine;63091;500000;500;2026-09-28T00:00:00.000Z;2026-10-04T23:59:59.999Z;
Poste;63091;500000;2000;2026-09-28T00:00:00.000Z;2026-10-04T23:59:59.999Z;
Poste;63092;500000;2000;2026-09-28T00:00:00.000Z;2026-10-04T23:59:59.999Z;
Fulmine;63093;500000;500;2026-09-28T00:00:00.000Z;2026-10-04T23:59:59.999Z;
Poste;63093;500000;2000;2026-09-28T00:00:00.000Z;2026-10-04T23:59:59.999Z;
Poste;63094;500000;2000;2026-09-28T00:00:00.000Z;2026-10-04T23:59:59.999Z;
Fulmine;63095;500000;500;2026-09-28T00:00:00.000Z;2026-10-04T23:59:59.999Z;
Poste;63095;500000;2000;2026-09-28T00:00:00.000Z;2026-10-04T23:59:59.999Z;
Fulmine;63096;500000;500;2026-09-28T00:00:00.000Z;2026-10-04T23:59:59.999Z;
Poste;63096;500000;2000;2026-09-28T00:00:00.000Z;2026-10-04T23:59:59.999Z;
Fulmine;63100;500000;500;2026-09-28T00:00:00.000Z;2026-10-04T23:59:59.999Z;
Poste;63100;500000;3000;2026-09-28T00:00:00.000Z;2026-10-04T23:59:59.999Z;
Fulmine;FM;500000;16000;2026-09-28T00:00:00.000Z;2026-10-04T23:59:59.999Z;RS
Poste;FM;500000;4000;2026-09-28T00:00:00.000Z;2026-10-04T23:59:59.999Z;890,AR,RS
Fulmine;63811;500000;500;2026-09-28T00:00:00.000Z;2026-10-04T23:59:59.999Z;
Poste;63811;500000;2000;2026-09-28T00:00:00.000Z;2026-10-04T23:59:59.999Z;
Fulmine;63812;500000;500;2026-09-28T00:00:00.000Z;2026-10-04T23:59:59.999Z;
Poste;63812;500000;2000;2026-09-28T00:00:00.000Z;2026-10-04T23:59:59.999Z;
Fulmine;63813;500000;500;2026-09-28T00:00:00.000Z;2026-10-04T23:59:59.999Z;
Poste;63813;500000;2000;2026-09-28T00:00:00.000Z;2026-10-04T23:59:59.999Z;
Fulmine;63814;500000;500;2026-09-28T00:00:00.000Z;2026-10-04T23:59:59.999Z;
Poste;63814;500000;2000;2026-09-28T00:00:00.000Z;2026-10-04T23:59:59.999Z;
Fulmine;63815;500000;500;2026-09-28T00:00:00.000Z;2026-10-04T23:59:59.999Z;
Poste;63815;500000;2000;2026-09-28T00:00:00.000Z;2026-10-04T23:59:59.999Z;
Fulmine;63816;500000;500;2026-09-28T00:00:00.000Z;2026-10-04T23:59:59.999Z;
Poste;63816;500000;2000;2026-09-28T00:00:00.000Z;2026-10-04T23:59:59.999Z;
Fulmine;63821;500000;500;2026-09-28T00:00:00.000Z;2026-10-04T23:59:59.999Z;
Poste;63821;500000;2000;2026-09-28T00:00:00.000Z;2026-10-04T23:59:59.999Z;
Fulmine;63822;500000;500;2026-09-28T00:00:00.000Z;2026-10-04T23:59:59.999Z;
Poste;63822;500000;2000;2026-09-28T00:00:00.000Z;2026-10-04T23:59:59.999Z;
Fulmine;63823;500000;500;2026-09-28T00:00:00.000Z;2026-10-04T23:59:59.999Z;
Poste;63823;500000;2000;2026-09-28T00:00:00.000Z;2026-10-04T23:59:59.999Z;
Fulmine;63824;500000;500;2026-09-28T00:00:00.000Z;2026-10-04T23:59:59.999Z;
Poste;63824;500000;2000;2026-09-28T00:00:00.000Z;2026-10-04T23:59:59.999Z;
Fulmine;63825;500000;500;2026-09-28T00:00:00.000Z;2026-10-04T23:59:59.999Z;
Poste;63825;500000;2000;2026-09-28T00:00:00.000Z;2026-10-04T23:59:59.999Z;
Poste;63826;500000;2000;2026-09-28T00:00:00.000Z;2026-10-04T23:59:59.999Z;
Fulmine;63827;500000;500;2026-09-28T00:00:00.000Z;2026-10-04T23:59:59.999Z;
Poste;63827;500000;2000;2026-09-28T00:00:00.000Z;2026-10-04T23:59:59.999Z;
Fulmine;63828;500000;500;2026-09-28T00:00:00.000Z;2026-10-04T23:59:59.999Z;
Poste;63828;500000;2000;2026-09-28T00:00:00.000Z;2026-10-04T23:59:59.999Z;
Fulmine;63831;500000;500;2026-09-28T00:00:00.000Z;2026-10-04T23:59:59.999Z;
Poste;63831;500000;2000;2026-09-28T00:00:00.000Z;2026-10-04T23:59:59.999Z;
Fulmine;63832;500000;500;2026-09-28T00:00:00.000Z;2026-10-04T23:59:59.999Z;
Poste;63832;500000;2000;2026-09-28T00:00:00.000Z;2026-10-04T23:59:59.999Z;
Fulmine;63833;500000;500;2026-09-28T00:00:00.000Z;2026-10-04T23:59:59.999Z;
Poste;63833;500000;2000;2026-09-28T00:00:00.000Z;2026-10-04T23:59:59.999Z;
Fulmine;63834;500000;500;2026-09-28T00:00:00.000Z;2026-10-04T23:59:59.999Z;
Poste;63834;500000;2000;2026-09-28T00:00:00.000Z;2026-10-04T23:59:59.999Z;
Fulmine;63835;500000;500;2026-09-28T00:00:00.000Z;2026-10-04T23:59:59.999Z;
Poste;63835;500000;2000;2026-09-28T00:00:00.000Z;2026-10-04T23:59:59.999Z;
Fulmine;63836;500000;500;2026-09-28T00:00:00.000Z;2026-10-04T23:59:59.999Z;
Poste;63836;500000;2000;2026-09-28T00:00:00.000Z;2026-10-04T23:59:59.999Z;
Fulmine;63837;500000;500;2026-09-28T00:00:00.000Z;2026-10-04T23:59:59.999Z;
Poste;63837;500000;2000;2026-09-28T00:00:00.000Z;2026-10-04T23:59:59.999Z;
Poste;63838;500000;2000;2026-09-28T00:00:00.000Z;2026-10-04T23:59:59.999Z;
Fulmine;63839;500000;500;2026-09-28T00:00:00.000Z;2026-10-04T23:59:59.999Z;
Poste;63839;500000;2000;2026-09-28T00:00:00.000Z;2026-10-04T23:59:59.999Z;
Poste;63841;500000;2000;2026-09-28T00:00:00.000Z;2026-10-04T23:59:59.999Z;
Poste;63842;500000;2000;2026-09-28T00:00:00.000Z;2026-10-04T23:59:59.999Z;
Fulmine;63843;500000;500;2026-09-28T00:00:00.000Z;2026-10-04T23:59:59.999Z;
Poste;63843;500000;2000;2026-09-28T00:00:00.000Z;2026-10-04T23:59:59.999Z;
Fulmine;63844;500000;500;2026-09-28T00:00:00.000Z;2026-10-04T23:59:59.999Z;
Poste;63844;500000;2000;2026-09-28T00:00:00.000Z;2026-10-04T23:59:59.999Z;
Fulmine;63845;500000;500;2026-09-28T00:00:00.000Z;2026-10-04T23:59:59.999Z;
Poste;63845;500000;2000;2026-09-28T00:00:00.000Z;2026-10-04T23:59:59.999Z;
Fulmine;63846;500000;500;2026-09-28T00:00:00.000Z;2026-10-04T23:59:59.999Z;
Poste;63846;500000;2000;2026-09-28T00:00:00.000Z;2026-10-04T23:59:59.999Z;
Poste;63847;500000;2000;2026-09-28T00:00:00.000Z;2026-10-04T23:59:59.999Z;
Fulmine;63848;500000;500;2026-09-28T00:00:00.000Z;2026-10-04T23:59:59.999Z;
Poste;63848;500000;2000;2026-09-28T00:00:00.000Z;2026-10-04T23:59:59.999Z;
Fulmine;63851;500000;500;2026-09-28T00:00:00.000Z;2026-10-04T23:59:59.999Z;
Poste;63851;500000;2000;2026-09-28T00:00:00.000Z;2026-10-04T23:59:59.999Z;
Poste;63852;500000;2000;2026-09-28T00:00:00.000Z;2026-10-04T23:59:59.999Z;
Fulmine;63853;500000;500;2026-09-28T00:00:00.000Z;2026-10-04T23:59:59.999Z;
Poste;63853;500000;2000;2026-09-28T00:00:00.000Z;2026-10-04T23:59:59.999Z;
Fulmine;63854;500000;500;2026-09-28T00:00:00.000Z;2026-10-04T23:59:59.999Z;
Poste;63854;500000;2000;2026-09-28T00:00:00.000Z;2026-10-04T23:59:59.999Z;
Poste;63855;500000;2000;2026-09-28T00:00:00.000Z;2026-10-04T23:59:59.999Z;
Poste;63856;500000;2000;2026-09-28T00:00:00.000Z;2026-10-04T23:59:59.999Z;
Fulmine;63857;500000;500;2026-09-28T00:00:00.000Z;2026-10-04T23:59:59.999Z;
Poste;63857;500000;2000;2026-09-28T00:00:00.000Z;2026-10-04T23:59:59.999Z;
Fulmine;63858;500000;500;2026-09-28T00:00:00.000Z;2026-10-04T23:59:59.999Z;
Poste;63858;500000;2000;2026-09-28T00:00:00.000Z;2026-10-04T23:59:59.999Z;
Fulmine;63900;500000;500;2026-09-28T00:00:00.000Z;2026-10-04T23:59:59.999Z;
Poste;63900;500000;3000;2026-09-28T00:00:00.000Z;2026-10-04T23:59:59.999Z;
Poste;TE;500000;7800;2026-09-28T00:00:00.000Z;2026-10-04T23:59:59.999Z;AR
PostAndService;TE;500000;35000;2026-09-28T00:00:00.000Z;2026-10-04T23:59:59.999Z;890
Fulmine;TE;500000;17500;2026-09-28T00:00:00.000Z;2026-10-04T23:59:59.999Z;RS
Fulmine;64010;500000;500;2026-09-28T00:00:00.000Z;2026-10-04T23:59:59.999Z;
Poste;64010;500000;2000;2026-09-28T00:00:00.000Z;2026-10-04T23:59:59.999Z;
PostAndService;64010;500000;1000;2026-09-28T00:00:00.000Z;2026-10-04T23:59:59.999Z;
Fulmine;64011;500000;500;2026-09-28T00:00:00.000Z;2026-10-04T23:59:59.999Z;
Poste;64011;500000;2000;2026-09-28T00:00:00.000Z;2026-10-04T23:59:59.999Z;
PostAndService;64011;500000;1000;2026-09-28T00:00:00.000Z;2026-10-04T23:59:59.999Z;
Fulmine;64012;500000;500;2026-09-28T00:00:00.000Z;2026-10-04T23:59:59.999Z;
Poste;64012;500000;2000;2026-09-28T00:00:00.000Z;2026-10-04T23:59:59.999Z;
PostAndService;64012;500000;1000;2026-09-28T00:00:00.000Z;2026-10-04T23:59:59.999Z;
Fulmine;64013;500000;500;2026-09-28T00:00:00.000Z;2026-10-04T23:59:59.999Z;
Poste;64013;500000;2000;2026-09-28T00:00:00.000Z;2026-10-04T23:59:59.999Z;
PostAndService;64013;500000;1000;2026-09-28T00:00:00.000Z;2026-10-04T23:59:59.999Z;
Fulmine;64014;500000;500;2026-09-28T00:00:00.000Z;2026-10-04T23:59:59.999Z;
Poste;64014;500000;2000;2026-09-28T00:00:00.000Z;2026-10-04T23:59:59.999Z;
PostAndService;64014;500000;1000;2026-09-28T00:00:00.000Z;2026-10-04T23:59:59.999Z;
Fulmine;64015;500000;500;2026-09-28T00:00:00.000Z;2026-10-04T23:59:59.999Z;
Poste;64015;500000;2000;2026-09-28T00:00:00.000Z;2026-10-04T23:59:59.999Z;
PostAndService;64015;500000;1000;2026-09-28T00:00:00.000Z;2026-10-04T23:59:59.999Z;
Fulmine;64016;500000;500;2026-09-28T00:00:00.000Z;2026-10-04T23:59:59.999Z;
Poste;64016;500000;2000;2026-09-28T00:00:00.000Z;2026-10-04T23:59:59.999Z;
PostAndService;64016;500000;1000;2026-09-28T00:00:00.000Z;2026-10-04T23:59:59.999Z;
Fulmine;64018;500000;500;2026-09-28T00:00:00.000Z;2026-10-04T23:59:59.999Z;
Poste;64018;500000;2000;2026-09-28T00:00:00.000Z;2026-10-04T23:59:59.999Z;
PostAndService;64018;500000;1000;2026-09-28T00:00:00.000Z;2026-10-04T23:59:59.999Z;
Fulmine;64020;500000;500;2026-09-28T00:00:00.000Z;2026-10-04T23:59:59.999Z;
Poste;64020;500000;2000;2026-09-28T00:00:00.000Z;2026-10-04T23:59:59.999Z;
PostAndService;64020;500000;1000;2026-09-28T00:00:00.000Z;2026-10-04T23:59:59.999Z;
Fulmine;64021;500000;500;2026-09-28T00:00:00.000Z;2026-10-04T23:59:59.999Z;
Poste;64021;500000;2000;2026-09-28T00:00:00.000Z;2026-10-04T23:59:59.999Z;
PostAndService;64021;500000;1000;2026-09-28T00:00:00.000Z;2026-10-04T23:59:59.999Z;
Fulmine;64023;500000;500;2026-09-28T00:00:00.000Z;2026-10-04T23:59:59.999Z;
Poste;64023;500000;2000;2026-09-28T00:00:00.000Z;2026-10-04T23:59:59.999Z;
PostAndService;64023;500000;1000;2026-09-28T00:00:00.000Z;2026-10-04T23:59:59.999Z;
Fulmine;64024;500000;500;2026-09-28T00:00:00.000Z;2026-10-04T23:59:59.999Z;
Poste;64024;500000;2000;2026-09-28T00:00:00.000Z;2026-10-04T23:59:59.999Z;
PostAndService;64024;500000;1000;2026-09-28T00:00:00.000Z;2026-10-04T23:59:59.999Z;
Fulmine;64025;500000;500;2026-09-28T00:00:00.000Z;2026-10-04T23:59:59.999Z;
Poste;64025;500000;2000;2026-09-28T00:00:00.000Z;2026-10-04T23:59:59.999Z;
PostAndService;64025;500000;1000;2026-09-28T00:00:00.000Z;2026-10-04T23:59:59.999Z;
Fulmine;64026;500000;500;2026-09-28T00:00:00.000Z;2026-10-04T23:59:59.999Z;
Poste;64026;500000;2000;2026-09-28T00:00:00.000Z;2026-10-04T23:59:59.999Z;
PostAndService;64026;500000;1000;2026-09-28T00:00:00.000Z;2026-10-04T23:59:59.999Z;
Fulmine;64027;500000;500;2026-09-28T00:00:00.000Z;2026-10-04T23:59:59.999Z;
Poste;64027;500000;2000;2026-09-28T00:00:00.000Z;2026-10-04T23:59:59.999Z;
PostAndService;64027;500000;1000;2026-09-28T00:00:00.000Z;2026-10-04T23:59:59.999Z;
Fulmine;64028;500000;500;2026-09-28T00:00:00.000Z;2026-10-04T23:59:59.999Z;
Poste;64028;500000;2000;2026-09-28T00:00:00.000Z;2026-10-04T23:59:59.999Z;
PostAndService;64028;500000;1000;2026-09-28T00:00:00.000Z;2026-10-04T23:59:59.999Z;
Fulmine;64030;500000;500;2026-09-28T00:00:00.000Z;2026-10-04T23:59:59.999Z;
Poste;64030;500000;2000;2026-09-28T00:00:00.000Z;2026-10-04T23:59:59.999Z;
PostAndService;64030;500000;1000;2026-09-28T00:00:00.000Z;2026-10-04T23:59:59.999Z;
Fulmine;64031;500000;500;2026-09-28T00:00:00.000Z;2026-10-04T23:59:59.999Z;
Poste;64031;500000;2000;2026-09-28T00:00:00.000Z;2026-10-04T23:59:59.999Z;
PostAndService;64031;500000;1000;2026-09-28T00:00:00.000Z;2026-10-04T23:59:59.999Z;
Fulmine;64032;500000;500;2026-09-28T00:00:00.000Z;2026-10-04T23:59:59.999Z;
Poste;64032;500000;2000;2026-09-28T00:00:00.000Z;2026-10-04T23:59:59.999Z;
PostAndService;64032;500000;1000;2026-09-28T00:00:00.000Z;2026-10-04T23:59:59.999Z;
Fulmine;64033;500000;500;2026-09-28T00:00:00.000Z;2026-10-04T23:59:59.999Z;
Poste;64033;500000;2000;2026-09-28T00:00:00.000Z;2026-10-04T23:59:59.999Z;
PostAndService;64033;500000;1000;2026-09-28T00:00:00.000Z;2026-10-04T23:59:59.999Z;
Fulmine;64034;500000;500;2026-09-28T00:00:00.000Z;2026-10-04T23:59:59.999Z;
Poste;64034;500000;2000;2026-09-28T00:00:00.000Z;2026-10-04T23:59:59.999Z;
PostAndService;64034;500000;1000;2026-09-28T00:00:00.000Z;2026-10-04T23:59:59.999Z;
Fulmine;64035;500000;500;2026-09-28T00:00:00.000Z;2026-10-04T23:59:59.999Z;
Poste;64035;500000;2000;2026-09-28T00:00:00.000Z;2026-10-04T23:59:59.999Z;
PostAndService;64035;500000;1000;2026-09-28T00:00:00.000Z;2026-10-04T23:59:59.999Z;
Fulmine;64036;500000;500;2026-09-28T00:00:00.000Z;2026-10-04T23:59:59.999Z;
Poste;64036;500000;2000;2026-09-28T00:00:00.000Z;2026-10-04T23:59:59.999Z;
PostAndService;64036;500000;1000;2026-09-28T00:00:00.000Z;2026-10-04T23:59:59.999Z;
Fulmine;64037;500000;500;2026-09-28T00:00:00.000Z;2026-10-04T23:59:59.999Z;
Poste;64037;500000;2000;2026-09-28T00:00:00.000Z;2026-10-04T23:59:59.999Z;
PostAndService;64037;500000;1000;2026-09-28T00:00:00.000Z;2026-10-04T23:59:59.999Z;
Fulmine;64039;500000;500;2026-09-28T00:00:00.000Z;2026-10-04T23:59:59.999Z;
Poste;64039;500000;2000;2026-09-28T00:00:00.000Z;2026-10-04T23:59:59.999Z;
PostAndService;64039;500000;1000;2026-09-28T00:00:00.000Z;2026-10-04T23:59:59.999Z;
Fulmine;64040;500000;500;2026-09-28T00:00:00.000Z;2026-10-04T23:59:59.999Z;
Poste;64040;500000;2000;2026-09-28T00:00:00.000Z;2026-10-04T23:59:59.999Z;
PostAndService;64040;500000;1000;2026-09-28T00:00:00.000Z;2026-10-04T23:59:59.999Z;
Fulmine;64041;500000;500;2026-09-28T00:00:00.000Z;2026-10-04T23:59:59.999Z;
Poste;64041;500000;2000;2026-09-28T00:00:00.000Z;2026-10-04T23:59:59.999Z;
PostAndService;64041;500000;1000;2026-09-28T00:00:00.000Z;2026-10-04T23:59:59.999Z;
Fulmine;64042;500000;500;2026-09-28T00:00:00.000Z;2026-10-04T23:59:59.999Z;
Poste;64042;500000;2000;2026-09-28T00:00:00.000Z;2026-10-04T23:59:59.999Z;
PostAndService;64042;500000;1000;2026-09-28T00:00:00.000Z;2026-10-04T23:59:59.999Z;
Fulmine;64043;500000;500;2026-09-28T00:00:00.000Z;2026-10-04T23:59:59.999Z;
Poste;64043;500000;2000;2026-09-28T00:00:00.000Z;2026-10-04T23:59:59.999Z;
PostAndService;64043;500000;1000;2026-09-28T00:00:00.000Z;2026-10-04T23:59:59.999Z;
Fulmine;64044;500000;500;2026-09-28T00:00:00.000Z;2026-10-04T23:59:59.999Z;
Poste;64044;500000;2000;2026-09-28T00:00:00.000Z;2026-10-04T23:59:59.999Z;
PostAndService;64044;500000;1000;2026-09-28T00:00:00.000Z;2026-10-04T23:59:59.999Z;
Fulmine;64045;500000;500;2026-09-28T00:00:00.000Z;2026-10-04T23:59:59.999Z;
Poste;64045;500000;2000;2026-09-28T00:00:00.000Z;2026-10-04T23:59:59.999Z;
PostAndService;64045;500000;1000;2026-09-28T00:00:00.000Z;2026-10-04T23:59:59.999Z;
Fulmine;64046;500000;500;2026-09-28T00:00:00.000Z;2026-10-04T23:59:59.999Z;
Poste;64046;500000;2000;2026-09-28T00:00:00.000Z;2026-10-04T23:59:59.999Z;
PostAndService;64046;500000;1000;2026-09-28T00:00:00.000Z;2026-10-04T23:59:59.999Z;
Fulmine;64047;500000;500;2026-09-28T00:00:00.000Z;2026-10-04T23:59:59.999Z;
Poste;64047;500000;2000;2026-09-28T00:00:00.000Z;2026-10-04T23:59:59.999Z;
PostAndService;64047;500000;1000;2026-09-28T00:00:00.000Z;2026-10-04T23:59:59.999Z;
Fulmine;64049;500000;500;2026-09-28T00:00:00.000Z;2026-10-04T23:59:59.999Z;
Poste;64049;500000;2000;2026-09-28T00:00:00.000Z;2026-10-04T23:59:59.999Z;
PostAndService;64049;500000;1000;2026-09-28T00:00:00.000Z;2026-10-04T23:59:59.999Z;
Fulmine;64100;500000;500;2026-09-28T00:00:00.000Z;2026-10-04T23:59:59.999Z;
Poste;64100;500000;3000;2026-09-28T00:00:00.000Z;2026-10-04T23:59:59.999Z;
PostAndService;64100;500000;1000;2026-09-28T00:00:00.000Z;2026-10-04T23:59:59.999Z;
Poste;PE;500000;8400;2026-09-28T00:00:00.000Z;2026-10-04T23:59:59.999Z;AR
PostAndService;PE;500000;21590;2026-09-28T00:00:00.000Z;2026-10-04T23:59:59.999Z;890
Fulmine;PE;500000;13000;2026-09-28T00:00:00.000Z;2026-10-04T23:59:59.999Z;RS
Fulmine;65010;500000;500;2026-09-28T00:00:00.000Z;2026-10-04T23:59:59.999Z;
Poste;65010;500000;2000;2026-09-28T00:00:00.000Z;2026-10-04T23:59:59.999Z;
PostAndService;65010;500000;1000;2026-09-28T00:00:00.000Z;2026-10-04T23:59:59.999Z;
Fulmine;65011;500000;500;2026-09-28T00:00:00.000Z;2026-10-04T23:59:59.999Z;
Poste;65011;500000;2000;2026-09-28T00:00:00.000Z;2026-10-04T23:59:59.999Z;
PostAndService;65011;500000;1000;2026-09-28T00:00:00.000Z;2026-10-04T23:59:59.999Z;
Fulmine;65012;500000;500;2026-09-28T00:00:00.000Z;2026-10-04T23:59:59.999Z;
Poste;65012;500000;2000;2026-09-28T00:00:00.000Z;2026-10-04T23:59:59.999Z;
PostAndService;65012;500000;1000;2026-09-28T00:00:00.000Z;2026-10-04T23:59:59.999Z;
Fulmine;65013;500000;500;2026-09-28T00:00:00.000Z;2026-10-04T23:59:59.999Z;
Poste;65013;500000;2000;2026-09-28T00:00:00.000Z;2026-10-04T23:59:59.999Z;
PostAndService;65013;500000;1000;2026-09-28T00:00:00.000Z;2026-10-04T23:59:59.999Z;
Fulmine;65014;500000;500;2026-09-28T00:00:00.000Z;2026-10-04T23:59:59.999Z;
Poste;65014;500000;2000;2026-09-28T00:00:00.000Z;2026-10-04T23:59:59.999Z;
PostAndService;65014;500000;1000;2026-09-28T00:00:00.000Z;2026-10-04T23:59:59.999Z;
Fulmine;65015;500000;500;2026-09-28T00:00:00.000Z;2026-10-04T23:59:59.999Z;
Poste;65015;500000;2000;2026-09-28T00:00:00.000Z;2026-10-04T23:59:59.999Z;
PostAndService;65015;500000;1000;2026-09-28T00:00:00.000Z;2026-10-04T23:59:59.999Z;
Fulmine;65017;500000;500;2026-09-28T00:00:00.000Z;2026-10-04T23:59:59.999Z;
Poste;65017;500000;2000;2026-09-28T00:00:00.000Z;2026-10-04T23:59:59.999Z;
PostAndService;65017;500000;1000;2026-09-28T00:00:00.000Z;2026-10-04T23:59:59.999Z;
Fulmine;65019;500000;500;2026-09-28T00:00:00.000Z;2026-10-04T23:59:59.999Z;
Poste;65019;500000;2000;2026-09-28T00:00:00.000Z;2026-10-04T23:59:59.999Z;
PostAndService;65019;500000;1000;2026-09-28T00:00:00.000Z;2026-10-04T23:59:59.999Z;
Fulmine;65020;500000;500;2026-09-28T00:00:00.000Z;2026-10-04T23:59:59.999Z;
Poste;65020;500000;2000;2026-09-28T00:00:00.000Z;2026-10-04T23:59:59.999Z;
PostAndService;65020;500000;1000;2026-09-28T00:00:00.000Z;2026-10-04T23:59:59.999Z;
Fulmine;65022;500000;500;2026-09-28T00:00:00.000Z;2026-10-04T23:59:59.999Z;
Poste;65022;500000;2000;2026-09-28T00:00:00.000Z;2026-10-04T23:59:59.999Z;
PostAndService;65022;500000;1000;2026-09-28T00:00:00.000Z;2026-10-04T23:59:59.999Z;
Fulmine;65023;500000;500;2026-09-28T00:00:00.000Z;2026-10-04T23:59:59.999Z;
Poste;65023;500000;2000;2026-09-28T00:00:00.000Z;2026-10-04T23:59:59.999Z;
PostAndService;65023;500000;1000;2026-09-28T00:00:00.000Z;2026-10-04T23:59:59.999Z;
Fulmine;65024;500000;500;2026-09-28T00:00:00.000Z;2026-10-04T23:59:59.999Z;
Poste;65024;500000;2000;2026-09-28T00:00:00.000Z;2026-10-04T23:59:59.999Z;
PostAndService;65024;500000;1000;2026-09-28T00:00:00.000Z;2026-10-04T23:59:59.999Z;
Fulmine;65025;500000;500;2026-09-28T00:00:00.000Z;2026-10-04T23:59:59.999Z;
Poste;65025;500000;2000;2026-09-28T00:00:00.000Z;2026-10-04T23:59:59.999Z;
PostAndService;65025;500000;1000;2026-09-28T00:00:00.000Z;2026-10-04T23:59:59.999Z;
Fulmine;65026;500000;500;2026-09-28T00:00:00.000Z;2026-10-04T23:59:59.999Z;
Poste;65026;500000;2000;2026-09-28T00:00:00.000Z;2026-10-04T23:59:59.999Z;
PostAndService;65026;500000;1000;2026-09-28T00:00:00.000Z;2026-10-04T23:59:59.999Z;
Fulmine;65027;500000;500;2026-09-28T00:00:00.000Z;2026-10-04T23:59:59.999Z;
Poste;65027;500000;2000;2026-09-28T00:00:00.000Z;2026-10-04T23:59:59.999Z;
PostAndService;65027;500000;1000;2026-09-28T00:00:00.000Z;2026-10-04T23:59:59.999Z;
Fulmine;65028;500000;500;2026-09-28T00:00:00.000Z;2026-10-04T23:59:59.999Z;
Poste;65028;500000;2000;2026-09-28T00:00:00.000Z;2026-10-04T23:59:59.999Z;
PostAndService;65028;500000;1000;2026-09-28T00:00:00.000Z;2026-10-04T23:59:59.999Z;
Fulmine;65029;500000;500;2026-09-28T00:00:00.000Z;2026-10-04T23:59:59.999Z;
Poste;65029;500000;2000;2026-09-28T00:00:00.000Z;2026-10-04T23:59:59.999Z;
PostAndService;65029;500000;1000;2026-09-28T00:00:00.000Z;2026-10-04T23:59:59.999Z;
Fulmine;65121;500000;500;2026-09-28T00:00:00.000Z;2026-10-04T23:59:59.999Z;
Poste;65121;500000;3000;2026-09-28T00:00:00.000Z;2026-10-04T23:59:59.999Z;
PostAndService;65121;500000;510;2026-09-28T00:00:00.000Z;2026-10-04T23:59:59.999Z;
Fulmine;65122;500000;500;2026-09-28T00:00:00.000Z;2026-10-04T23:59:59.999Z;
Poste;65122;500000;3000;2026-09-28T00:00:00.000Z;2026-10-04T23:59:59.999Z;
PostAndService;65122;500000;510;2026-09-28T00:00:00.000Z;2026-10-04T23:59:59.999Z;
Fulmine;65123;500000;500;2026-09-28T00:00:00.000Z;2026-10-04T23:59:59.999Z;
Poste;65123;500000;3000;2026-09-28T00:00:00.000Z;2026-10-04T23:59:59.999Z;
PostAndService;65123;500000;510;2026-09-28T00:00:00.000Z;2026-10-04T23:59:59.999Z;
Fulmine;65124;500000;500;2026-09-28T00:00:00.000Z;2026-10-04T23:59:59.999Z;
Poste;65124;500000;3000;2026-09-28T00:00:00.000Z;2026-10-04T23:59:59.999Z;
PostAndService;65124;500000;510;2026-09-28T00:00:00.000Z;2026-10-04T23:59:59.999Z;
Fulmine;65125;500000;500;2026-09-28T00:00:00.000Z;2026-10-04T23:59:59.999Z;
Poste;65125;500000;3000;2026-09-28T00:00:00.000Z;2026-10-04T23:59:59.999Z;
PostAndService;65125;500000;510;2026-09-28T00:00:00.000Z;2026-10-04T23:59:59.999Z;
Fulmine;65126;500000;500;2026-09-28T00:00:00.000Z;2026-10-04T23:59:59.999Z;
Poste;65126;500000;3000;2026-09-28T00:00:00.000Z;2026-10-04T23:59:59.999Z;
PostAndService;65126;500000;510;2026-09-28T00:00:00.000Z;2026-10-04T23:59:59.999Z;
Fulmine;65127;500000;500;2026-09-28T00:00:00.000Z;2026-10-04T23:59:59.999Z;
Poste;65127;500000;3000;2026-09-28T00:00:00.000Z;2026-10-04T23:59:59.999Z;
PostAndService;65127;500000;510;2026-09-28T00:00:00.000Z;2026-10-04T23:59:59.999Z;
Fulmine;65128;500000;500;2026-09-28T00:00:00.000Z;2026-10-04T23:59:59.999Z;
Poste;65128;500000;3000;2026-09-28T00:00:00.000Z;2026-10-04T23:59:59.999Z;
PostAndService;65128;500000;510;2026-09-28T00:00:00.000Z;2026-10-04T23:59:59.999Z;
Fulmine;65129;500000;500;2026-09-28T00:00:00.000Z;2026-10-04T23:59:59.999Z;
Poste;65129;500000;3000;2026-09-28T00:00:00.000Z;2026-10-04T23:59:59.999Z;
PostAndService;65129;500000;510;2026-09-28T00:00:00.000Z;2026-10-04T23:59:59.999Z;
Fulmine;CH;500000;15000;2026-09-28T00:00:00.000Z;2026-10-04T23:59:59.999Z;RS
Poste;CH;500000;8900;2026-09-28T00:00:00.000Z;2026-10-04T23:59:59.999Z;AR,RS
PostAndService;CH;500000;35000;2026-09-28T00:00:00.000Z;2026-10-04T23:59:59.999Z;890
Fulmine;66010;500000;500;2026-09-28T00:00:00.000Z;2026-10-04T23:59:59.999Z;
Poste;66010;500000;2000;2026-09-28T00:00:00.000Z;2026-10-04T23:59:59.999Z;
PostAndService;66010;500000;1000;2026-09-28T00:00:00.000Z;2026-10-04T23:59:59.999Z;
Fulmine;66011;500000;500;2026-09-28T00:00:00.000Z;2026-10-04T23:59:59.999Z;
Poste;66011;500000;2000;2026-09-28T00:00:00.000Z;2026-10-04T23:59:59.999Z;
PostAndService;66011;500000;1000;2026-09-28T00:00:00.000Z;2026-10-04T23:59:59.999Z;
Fulmine;66012;500000;500;2026-09-28T00:00:00.000Z;2026-10-04T23:59:59.999Z;
Poste;66012;500000;2000;2026-09-28T00:00:00.000Z;2026-10-04T23:59:59.999Z;
PostAndService;66012;500000;1000;2026-09-28T00:00:00.000Z;2026-10-04T23:59:59.999Z;
Fulmine;66014;500000;500;2026-09-28T00:00:00.000Z;2026-10-04T23:59:59.999Z;
Poste;66014;500000;2000;2026-09-28T00:00:00.000Z;2026-10-04T23:59:59.999Z;
PostAndService;66014;500000;1000;2026-09-28T00:00:00.000Z;2026-10-04T23:59:59.999Z;
Fulmine;66015;500000;500;2026-09-28T00:00:00.000Z;2026-10-04T23:59:59.999Z;
Poste;66015;500000;2000;2026-09-28T00:00:00.000Z;2026-10-04T23:59:59.999Z;
PostAndService;66015;500000;1000;2026-09-28T00:00:00.000Z;2026-10-04T23:59:59.999Z;
Fulmine;66016;500000;500;2026-09-28T00:00:00.000Z;2026-10-04T23:59:59.999Z;
Poste;66016;500000;2000;2026-09-28T00:00:00.000Z;2026-10-04T23:59:59.999Z;
PostAndService;66016;500000;1000;2026-09-28T00:00:00.000Z;2026-10-04T23:59:59.999Z;
Fulmine;66017;500000;500;2026-09-28T00:00:00.000Z;2026-10-04T23:59:59.999Z;
Poste;66017;500000;2000;2026-09-28T00:00:00.000Z;2026-10-04T23:59:59.999Z;
PostAndService;66017;500000;1000;2026-09-28T00:00:00.000Z;2026-10-04T23:59:59.999Z;
Poste;66018;500000;2000;2026-09-28T00:00:00.000Z;2026-10-04T23:59:59.999Z;
PostAndService;66018;500000;1000;2026-09-28T00:00:00.000Z;2026-10-04T23:59:59.999Z;
Fulmine;66019;500000;500;2026-09-28T00:00:00.000Z;2026-10-04T23:59:59.999Z;
Poste;66019;500000;2000;2026-09-28T00:00:00.000Z;2026-10-04T23:59:59.999Z;
PostAndService;66019;500000;1000;2026-09-28T00:00:00.000Z;2026-10-04T23:59:59.999Z;
Poste;66020;500000;2000;2026-09-28T00:00:00.000Z;2026-10-04T23:59:59.999Z;
PostAndService;66020;500000;1000;2026-09-28T00:00:00.000Z;2026-10-04T23:59:59.999Z;
Fulmine;66021;500000;500;2026-09-28T00:00:00.000Z;2026-10-04T23:59:59.999Z;
Poste;66021;500000;2000;2026-09-28T00:00:00.000Z;2026-10-04T23:59:59.999Z;
PostAndService;66021;500000;1000;2026-09-28T00:00:00.000Z;2026-10-04T23:59:59.999Z;
Fulmine;66022;500000;500;2026-09-28T00:00:00.000Z;2026-10-04T23:59:59.999Z;
Poste;66022;500000;2000;2026-09-28T00:00:00.000Z;2026-10-04T23:59:59.999Z;
PostAndService;66022;500000;1000;2026-09-28T00:00:00.000Z;2026-10-04T23:59:59.999Z;
Fulmine;66023;500000;500;2026-09-28T00:00:00.000Z;2026-10-04T23:59:59.999Z;
Poste;66023;500000;2000;2026-09-28T00:00:00.000Z;2026-10-04T23:59:59.999Z;
PostAndService;66023;500000;1000;2026-09-28T00:00:00.000Z;2026-10-04T23:59:59.999Z;
Fulmine;66026;500000;500;2026-09-28T00:00:00.000Z;2026-10-04T23:59:59.999Z;
Poste;66026;500000;2000;2026-09-28T00:00:00.000Z;2026-10-04T23:59:59.999Z;
PostAndService;66026;500000;1000;2026-09-28T00:00:00.000Z;2026-10-04T23:59:59.999Z;
Poste;66030;500000;2000;2026-09-28T00:00:00.000Z;2026-10-04T23:59:59.999Z;
PostAndService;66030;500000;1000;2026-09-28T00:00:00.000Z;2026-10-04T23:59:59.999Z;
Fulmine;66031;500000;500;2026-09-28T00:00:00.000Z;2026-10-04T23:59:59.999Z;
Poste;66031;500000;2000;2026-09-28T00:00:00.000Z;2026-10-04T23:59:59.999Z;
PostAndService;66031;500000;1000;2026-09-28T00:00:00.000Z;2026-10-04T23:59:59.999Z;
Fulmine;66032;500000;500;2026-09-28T00:00:00.000Z;2026-10-04T23:59:59.999Z;
Poste;66032;500000;2000;2026-09-28T00:00:00.000Z;2026-10-04T23:59:59.999Z;
PostAndService;66032;500000;1000;2026-09-28T00:00:00.000Z;2026-10-04T23:59:59.999Z;
Fulmine;66033;500000;500;2026-09-28T00:00:00.000Z;2026-10-04T23:59:59.999Z;
Poste;66033;500000;2000;2026-09-28T00:00:00.000Z;2026-10-04T23:59:59.999Z;
PostAndService;66033;500000;1000;2026-09-28T00:00:00.000Z;2026-10-04T23:59:59.999Z;
Fulmine;66034;500000;500;2026-09-28T00:00:00.000Z;2026-10-04T23:59:59.999Z;
Poste;66034;500000;2000;2026-09-28T00:00:00.000Z;2026-10-04T23:59:59.999Z;
PostAndService;66034;500000;1000;2026-09-28T00:00:00.000Z;2026-10-04T23:59:59.999Z;
Fulmine;66036;500000;500;2026-09-28T00:00:00.000Z;2026-10-04T23:59:59.999Z;
Poste;66036;500000;2000;2026-09-28T00:00:00.000Z;2026-10-04T23:59:59.999Z;
PostAndService;66036;500000;1000;2026-09-28T00:00:00.000Z;2026-10-04T23:59:59.999Z;
Fulmine;66037;500000;500;2026-09-28T00:00:00.000Z;2026-10-04T23:59:59.999Z;
Poste;66037;500000;2000;2026-09-28T00:00:00.000Z;2026-10-04T23:59:59.999Z;
PostAndService;66037;500000;1000;2026-09-28T00:00:00.000Z;2026-10-04T23:59:59.999Z;
Fulmine;66038;500000;500;2026-09-28T00:00:00.000Z;2026-10-04T23:59:59.999Z;
Poste;66038;500000;2000;2026-09-28T00:00:00.000Z;2026-10-04T23:59:59.999Z;
PostAndService;66038;500000;1000;2026-09-28T00:00:00.000Z;2026-10-04T23:59:59.999Z;
Poste;66040;500000;2000;2026-09-28T00:00:00.000Z;2026-10-04T23:59:59.999Z;
PostAndService;66040;500000;1000;2026-09-28T00:00:00.000Z;2026-10-04T23:59:59.999Z;
Poste;66041;500000;2000;2026-09-28T00:00:00.000Z;2026-10-04T23:59:59.999Z;
PostAndService;66041;500000;1000;2026-09-28T00:00:00.000Z;2026-10-04T23:59:59.999Z;
Fulmine;66042;500000;500;2026-09-28T00:00:00.000Z;2026-10-04T23:59:59.999Z;
Poste;66042;500000;2000;2026-09-28T00:00:00.000Z;2026-10-04T23:59:59.999Z;
PostAndService;66042;500000;1000;2026-09-28T00:00:00.000Z;2026-10-04T23:59:59.999Z;
Fulmine;66043;500000;500;2026-09-28T00:00:00.000Z;2026-10-04T23:59:59.999Z;
Poste;66043;500000;2000;2026-09-28T00:00:00.000Z;2026-10-04T23:59:59.999Z;
PostAndService;66043;500000;1000;2026-09-28T00:00:00.000Z;2026-10-04T23:59:59.999Z;
Fulmine;66044;500000;500;2026-09-28T00:00:00.000Z;2026-10-04T23:59:59.999Z;
Poste;66044;500000;2000;2026-09-28T00:00:00.000Z;2026-10-04T23:59:59.999Z;
PostAndService;66044;500000;1000;2026-09-28T00:00:00.000Z;2026-10-04T23:59:59.999Z;
Fulmine;66045;500000;500;2026-09-28T00:00:00.000Z;2026-10-04T23:59:59.999Z;
Poste;66045;500000;2000;2026-09-28T00:00:00.000Z;2026-10-04T23:59:59.999Z;
PostAndService;66045;500000;1000;2026-09-28T00:00:00.000Z;2026-10-04T23:59:59.999Z;
Fulmine;66046;500000;500;2026-09-28T00:00:00.000Z;2026-10-04T23:59:59.999Z;
Poste;66046;500000;2000;2026-09-28T00:00:00.000Z;2026-10-04T23:59:59.999Z;
PostAndService;66046;500000;1000;2026-09-28T00:00:00.000Z;2026-10-04T23:59:59.999Z;
Fulmine;66047;500000;500;2026-09-28T00:00:00.000Z;2026-10-04T23:59:59.999Z;
Poste;66047;500000;2000;2026-09-28T00:00:00.000Z;2026-10-04T23:59:59.999Z;
PostAndService;66047;500000;1000;2026-09-28T00:00:00.000Z;2026-10-04T23:59:59.999Z;
Fulmine;66050;500000;500;2026-09-28T00:00:00.000Z;2026-10-04T23:59:59.999Z;
Poste;66050;500000;2000;2026-09-28T00:00:00.000Z;2026-10-04T23:59:59.999Z;
PostAndService;66050;500000;1000;2026-09-28T00:00:00.000Z;2026-10-04T23:59:59.999Z;
Fulmine;66051;500000;500;2026-09-28T00:00:00.000Z;2026-10-04T23:59:59.999Z;
Poste;66051;500000;2000;2026-09-28T00:00:00.000Z;2026-10-04T23:59:59.999Z;
PostAndService;66051;500000;1000;2026-09-28T00:00:00.000Z;2026-10-04T23:59:59.999Z;
Fulmine;66052;500000;500;2026-09-28T00:00:00.000Z;2026-10-04T23:59:59.999Z;
Poste;66052;500000;2000;2026-09-28T00:00:00.000Z;2026-10-04T23:59:59.999Z;
PostAndService;66052;500000;1000;2026-09-28T00:00:00.000Z;2026-10-04T23:59:59.999Z;
Fulmine;66054;500000;500;2026-09-28T00:00:00.000Z;2026-10-04T23:59:59.999Z;
Poste;66054;500000;2000;2026-09-28T00:00:00.000Z;2026-10-04T23:59:59.999Z;
PostAndService;66054;500000;1000;2026-09-28T00:00:00.000Z;2026-10-04T23:59:59.999Z;
Fulmine;66100;500000;500;2026-09-28T00:00:00.000Z;2026-10-04T23:59:59.999Z;
Poste;66100;500000;3000;2026-09-28T00:00:00.000Z;2026-10-04T23:59:59.999Z;
PostAndService;66100;500000;1000;2026-09-28T00:00:00.000Z;2026-10-04T23:59:59.999Z;
Poste;AQ;500000;8900;2026-09-28T00:00:00.000Z;2026-10-04T23:59:59.999Z;890,AR,RS
PostAndService;AQ;500000;40000;2026-09-28T00:00:00.000Z;2026-10-04T23:59:59.999Z;890
Fulmine;AQ;500000;21500;2026-09-28T00:00:00.000Z;2026-10-04T23:59:59.999Z;RS
Poste;67010;500000;2000;2026-09-28T00:00:00.000Z;2026-10-04T23:59:59.999Z;
PostAndService;67010;500000;1000;2026-09-28T00:00:00.000Z;2026-10-04T23:59:59.999Z;
Fulmine;67012;500000;500;2026-09-28T00:00:00.000Z;2026-10-04T23:59:59.999Z;
Poste;67012;500000;2000;2026-09-28T00:00:00.000Z;2026-10-04T23:59:59.999Z;
PostAndService;67012;500000;1000;2026-09-28T00:00:00.000Z;2026-10-04T23:59:59.999Z;
Poste;67013;500000;2000;2026-09-28T00:00:00.000Z;2026-10-04T23:59:59.999Z;
PostAndService;67013;500000;1000;2026-09-28T00:00:00.000Z;2026-10-04T23:59:59.999Z;
Poste;67014;500000;2000;2026-09-28T00:00:00.000Z;2026-10-04T23:59:59.999Z;
PostAndService;67014;500000;1000;2026-09-28T00:00:00.000Z;2026-10-04T23:59:59.999Z;
Fulmine;67015;500000;500;2026-09-28T00:00:00.000Z;2026-10-04T23:59:59.999Z;
Poste;67015;500000;2000;2026-09-28T00:00:00.000Z;2026-10-04T23:59:59.999Z;
PostAndService;67015;500000;1000;2026-09-28T00:00:00.000Z;2026-10-04T23:59:59.999Z;
Fulmine;67017;500000;500;2026-09-28T00:00:00.000Z;2026-10-04T23:59:59.999Z;
Poste;67017;500000;2000;2026-09-28T00:00:00.000Z;2026-10-04T23:59:59.999Z;
PostAndService;67017;500000;1000;2026-09-28T00:00:00.000Z;2026-10-04T23:59:59.999Z;
Fulmine;67019;500000;500;2026-09-28T00:00:00.000Z;2026-10-04T23:59:59.999Z;
Poste;67019;500000;2000;2026-09-28T00:00:00.000Z;2026-10-04T23:59:59.999Z;
PostAndService;67019;500000;1000;2026-09-28T00:00:00.000Z;2026-10-04T23:59:59.999Z;
Poste;67020;500000;2000;2026-09-28T00:00:00.000Z;2026-10-04T23:59:59.999Z;
Fulmine;67021;500000;500;2026-09-28T00:00:00.000Z;2026-10-04T23:59:59.999Z;
Poste;67021;500000;2000;2026-09-28T00:00:00.000Z;2026-10-04T23:59:59.999Z;
PostAndService;67021;500000;1000;2026-09-28T00:00:00.000Z;2026-10-04T23:59:59.999Z;
Fulmine;67022;500000;500;2026-09-28T00:00:00.000Z;2026-10-04T23:59:59.999Z;
Poste;67022;500000;2000;2026-09-28T00:00:00.000Z;2026-10-04T23:59:59.999Z;
Poste;67023;500000;2000;2026-09-28T00:00:00.000Z;2026-10-04T23:59:59.999Z;
PostAndService;67023;500000;1000;2026-09-28T00:00:00.000Z;2026-10-04T23:59:59.999Z;
Fulmine;67024;500000;500;2026-09-28T00:00:00.000Z;2026-10-04T23:59:59.999Z;
Poste;67024;500000;2000;2026-09-28T00:00:00.000Z;2026-10-04T23:59:59.999Z;
PostAndService;67024;500000;1000;2026-09-28T00:00:00.000Z;2026-10-04T23:59:59.999Z;
Poste;67025;500000;2000;2026-09-28T00:00:00.000Z;2026-10-04T23:59:59.999Z;
PostAndService;67025;500000;1000;2026-09-28T00:00:00.000Z;2026-10-04T23:59:59.999Z;
Fulmine;67026;500000;500;2026-09-28T00:00:00.000Z;2026-10-04T23:59:59.999Z;
Poste;67026;500000;2000;2026-09-28T00:00:00.000Z;2026-10-04T23:59:59.999Z;
PostAndService;67026;500000;1000;2026-09-28T00:00:00.000Z;2026-10-04T23:59:59.999Z;
Fulmine;67027;500000;500;2026-09-28T00:00:00.000Z;2026-10-04T23:59:59.999Z;
Poste;67027;500000;2000;2026-09-28T00:00:00.000Z;2026-10-04T23:59:59.999Z;
Fulmine;67028;500000;500;2026-09-28T00:00:00.000Z;2026-10-04T23:59:59.999Z;
Poste;67028;500000;2000;2026-09-28T00:00:00.000Z;2026-10-04T23:59:59.999Z;
PostAndService;67028;500000;1000;2026-09-28T00:00:00.000Z;2026-10-04T23:59:59.999Z;
Poste;67029;500000;2000;2026-09-28T00:00:00.000Z;2026-10-04T23:59:59.999Z;
Poste;67030;500000;2000;2026-09-28T00:00:00.000Z;2026-10-04T23:59:59.999Z;
Fulmine;67031;500000;500;2026-09-28T00:00:00.000Z;2026-10-04T23:59:59.999Z;
Poste;67031;500000;2000;2026-09-28T00:00:00.000Z;2026-10-04T23:59:59.999Z;
Fulmine;67032;500000;500;2026-09-28T00:00:00.000Z;2026-10-04T23:59:59.999Z;
Poste;67032;500000;2000;2026-09-28T00:00:00.000Z;2026-10-04T23:59:59.999Z;
Fulmine;67033;500000;500;2026-09-28T00:00:00.000Z;2026-10-04T23:59:59.999Z;
Poste;67033;500000;2000;2026-09-28T00:00:00.000Z;2026-10-04T23:59:59.999Z;
Fulmine;67034;500000;500;2026-09-28T00:00:00.000Z;2026-10-04T23:59:59.999Z;
Poste;67034;500000;2000;2026-09-28T00:00:00.000Z;2026-10-04T23:59:59.999Z;
Fulmine;67035;500000;500;2026-09-28T00:00:00.000Z;2026-10-04T23:59:59.999Z;
Poste;67035;500000;2000;2026-09-28T00:00:00.000Z;2026-10-04T23:59:59.999Z;
PostAndService;67035;500000;1000;2026-09-28T00:00:00.000Z;2026-10-04T23:59:59.999Z;
Fulmine;67036;500000;500;2026-09-28T00:00:00.000Z;2026-10-04T23:59:59.999Z;
Poste;67036;500000;2000;2026-09-28T00:00:00.000Z;2026-10-04T23:59:59.999Z;
PostAndService;67036;500000;1000;2026-09-28T00:00:00.000Z;2026-10-04T23:59:59.999Z;
Fulmine;67037;500000;500;2026-09-28T00:00:00.000Z;2026-10-04T23:59:59.999Z;
Poste;67037;500000;2000;2026-09-28T00:00:00.000Z;2026-10-04T23:59:59.999Z;
PostAndService;67037;500000;1000;2026-09-28T00:00:00.000Z;2026-10-04T23:59:59.999Z;
Fulmine;67038;500000;500;2026-09-28T00:00:00.000Z;2026-10-04T23:59:59.999Z;
Poste;67038;500000;2000;2026-09-28T00:00:00.000Z;2026-10-04T23:59:59.999Z;
Fulmine;67039;500000;500;2026-09-28T00:00:00.000Z;2026-10-04T23:59:59.999Z;
Poste;67039;500000;2000;2026-09-28T00:00:00.000Z;2026-10-04T23:59:59.999Z;
PostAndService;67039;500000;1000;2026-09-28T00:00:00.000Z;2026-10-04T23:59:59.999Z;
Poste;67040;500000;2000;2026-09-28T00:00:00.000Z;2026-10-04T23:59:59.999Z;
PostAndService;67040;500000;1000;2026-09-28T00:00:00.000Z;2026-10-04T23:59:59.999Z;
Fulmine;67041;500000;500;2026-09-28T00:00:00.000Z;2026-10-04T23:59:59.999Z;
Poste;67041;500000;2000;2026-09-28T00:00:00.000Z;2026-10-04T23:59:59.999Z;
PostAndService;67041;500000;1000;2026-09-28T00:00:00.000Z;2026-10-04T23:59:59.999Z;
Fulmine;67043;500000;500;2026-09-28T00:00:00.000Z;2026-10-04T23:59:59.999Z;
Poste;67043;500000;2000;2026-09-28T00:00:00.000Z;2026-10-04T23:59:59.999Z;
PostAndService;67043;500000;1000;2026-09-28T00:00:00.000Z;2026-10-04T23:59:59.999Z;
Fulmine;67044;500000;500;2026-09-28T00:00:00.000Z;2026-10-04T23:59:59.999Z;
Poste;67044;500000;2000;2026-09-28T00:00:00.000Z;2026-10-04T23:59:59.999Z;
PostAndService;67044;500000;1000;2026-09-28T00:00:00.000Z;2026-10-04T23:59:59.999Z;
Fulmine;67045;500000;500;2026-09-28T00:00:00.000Z;2026-10-04T23:59:59.999Z;
Poste;67045;500000;2000;2026-09-28T00:00:00.000Z;2026-10-04T23:59:59.999Z;
PostAndService;67045;500000;1000;2026-09-28T00:00:00.000Z;2026-10-04T23:59:59.999Z;
Fulmine;67046;500000;500;2026-09-28T00:00:00.000Z;2026-10-04T23:59:59.999Z;
Poste;67046;500000;2000;2026-09-28T00:00:00.000Z;2026-10-04T23:59:59.999Z;
PostAndService;67046;500000;1000;2026-09-28T00:00:00.000Z;2026-10-04T23:59:59.999Z;
Poste;67047;500000;2000;2026-09-28T00:00:00.000Z;2026-10-04T23:59:59.999Z;
PostAndService;67047;500000;1000;2026-09-28T00:00:00.000Z;2026-10-04T23:59:59.999Z;
Fulmine;67048;500000;500;2026-09-28T00:00:00.000Z;2026-10-04T23:59:59.999Z;
Poste;67048;500000;2000;2026-09-28T00:00:00.000Z;2026-10-04T23:59:59.999Z;
PostAndService;67048;500000;1000;2026-09-28T00:00:00.000Z;2026-10-04T23:59:59.999Z;
Fulmine;67049;500000;500;2026-09-28T00:00:00.000Z;2026-10-04T23:59:59.999Z;
Poste;67049;500000;2000;2026-09-28T00:00:00.000Z;2026-10-04T23:59:59.999Z;
PostAndService;67049;500000;1000;2026-09-28T00:00:00.000Z;2026-10-04T23:59:59.999Z;
Poste;67050;500000;2000;2026-09-28T00:00:00.000Z;2026-10-04T23:59:59.999Z;
Fulmine;67051;500000;500;2026-09-28T00:00:00.000Z;2026-10-04T23:59:59.999Z;
Poste;67051;500000;2000;2026-09-28T00:00:00.000Z;2026-10-04T23:59:59.999Z;
PostAndService;67051;500000;1000;2026-09-28T00:00:00.000Z;2026-10-04T23:59:59.999Z;
Fulmine;67052;500000;500;2026-09-28T00:00:00.000Z;2026-10-04T23:59:59.999Z;
Poste;67052;500000;2000;2026-09-28T00:00:00.000Z;2026-10-04T23:59:59.999Z;
Fulmine;67053;500000;500;2026-09-28T00:00:00.000Z;2026-10-04T23:59:59.999Z;
Poste;67053;500000;2000;2026-09-28T00:00:00.000Z;2026-10-04T23:59:59.999Z;
PostAndService;67053;500000;1000;2026-09-28T00:00:00.000Z;2026-10-04T23:59:59.999Z;
Fulmine;67054;500000;500;2026-09-28T00:00:00.000Z;2026-10-04T23:59:59.999Z;
Poste;67054;500000;2000;2026-09-28T00:00:00.000Z;2026-10-04T23:59:59.999Z;
Fulmine;67055;500000;500;2026-09-28T00:00:00.000Z;2026-10-04T23:59:59.999Z;
Poste;67055;500000;2000;2026-09-28T00:00:00.000Z;2026-10-04T23:59:59.999Z;
Fulmine;67056;500000;500;2026-09-28T00:00:00.000Z;2026-10-04T23:59:59.999Z;
Poste;67056;500000;2000;2026-09-28T00:00:00.000Z;2026-10-04T23:59:59.999Z;
PostAndService;67056;500000;1000;2026-09-28T00:00:00.000Z;2026-10-04T23:59:59.999Z;
Fulmine;67057;500000;500;2026-09-28T00:00:00.000Z;2026-10-04T23:59:59.999Z;
Poste;67057;500000;2000;2026-09-28T00:00:00.000Z;2026-10-04T23:59:59.999Z;
PostAndService;67057;500000;1000;2026-09-28T00:00:00.000Z;2026-10-04T23:59:59.999Z;
Fulmine;67058;500000;500;2026-09-28T00:00:00.000Z;2026-10-04T23:59:59.999Z;
Poste;67058;500000;2000;2026-09-28T00:00:00.000Z;2026-10-04T23:59:59.999Z;
PostAndService;67058;500000;1000;2026-09-28T00:00:00.000Z;2026-10-04T23:59:59.999Z;
Fulmine;67059;500000;500;2026-09-28T00:00:00.000Z;2026-10-04T23:59:59.999Z;
Poste;67059;500000;2000;2026-09-28T00:00:00.000Z;2026-10-04T23:59:59.999Z;
PostAndService;67059;500000;1000;2026-09-28T00:00:00.000Z;2026-10-04T23:59:59.999Z;
Poste;67060;500000;2000;2026-09-28T00:00:00.000Z;2026-10-04T23:59:59.999Z;
Fulmine;67061;500000;500;2026-09-28T00:00:00.000Z;2026-10-04T23:59:59.999Z;
Poste;67061;500000;2000;2026-09-28T00:00:00.000Z;2026-10-04T23:59:59.999Z;
PostAndService;67061;500000;1000;2026-09-28T00:00:00.000Z;2026-10-04T23:59:59.999Z;
Fulmine;67062;500000;500;2026-09-28T00:00:00.000Z;2026-10-04T23:59:59.999Z;
Poste;67062;500000;2000;2026-09-28T00:00:00.000Z;2026-10-04T23:59:59.999Z;
PostAndService;67062;500000;1000;2026-09-28T00:00:00.000Z;2026-10-04T23:59:59.999Z;
Fulmine;67063;500000;500;2026-09-28T00:00:00.000Z;2026-10-04T23:59:59.999Z;
Poste;67063;500000;2000;2026-09-28T00:00:00.000Z;2026-10-04T23:59:59.999Z;
PostAndService;67063;500000;1000;2026-09-28T00:00:00.000Z;2026-10-04T23:59:59.999Z;
Poste;67064;500000;2000;2026-09-28T00:00:00.000Z;2026-10-04T23:59:59.999Z;
PostAndService;67064;500000;1000;2026-09-28T00:00:00.000Z;2026-10-04T23:59:59.999Z;
Fulmine;67066;500000;500;2026-09-28T00:00:00.000Z;2026-10-04T23:59:59.999Z;
Poste;67066;500000;2000;2026-09-28T00:00:00.000Z;2026-10-04T23:59:59.999Z;
PostAndService;67066;500000;1000;2026-09-28T00:00:00.000Z;2026-10-04T23:59:59.999Z;
Fulmine;67067;500000;500;2026-09-28T00:00:00.000Z;2026-10-04T23:59:59.999Z;
Poste;67067;500000;2000;2026-09-28T00:00:00.000Z;2026-10-04T23:59:59.999Z;
PostAndService;67067;500000;1000;2026-09-28T00:00:00.000Z;2026-10-04T23:59:59.999Z;
Fulmine;67068;500000;500;2026-09-28T00:00:00.000Z;2026-10-04T23:59:59.999Z;
Poste;67068;500000;2000;2026-09-28T00:00:00.000Z;2026-10-04T23:59:59.999Z;
Fulmine;67069;500000;500;2026-09-28T00:00:00.000Z;2026-10-04T23:59:59.999Z;
Poste;67069;500000;2000;2026-09-28T00:00:00.000Z;2026-10-04T23:59:59.999Z;
PostAndService;67069;500000;1000;2026-09-28T00:00:00.000Z;2026-10-04T23:59:59.999Z;
Fulmine;67100;500000;500;2026-09-28T00:00:00.000Z;2026-10-04T23:59:59.999Z;
Poste;67100;500000;3000;2026-09-28T00:00:00.000Z;2026-10-04T23:59:59.999Z;
PostAndService;67100;500000;1000;2026-09-28T00:00:00.000Z;2026-10-04T23:59:59.999Z;
Fulmine;BA;500000;19500;2026-09-28T00:00:00.000Z;2026-10-04T23:59:59.999Z;RS
PostAndService;BA;500000;41860;2026-09-28T00:00:00.000Z;2026-10-04T23:59:59.999Z;AR
Poste;BA;500000;24000;2026-09-28T00:00:00.000Z;2026-10-04T23:59:59.999Z;890
Fulmine;70010;500000;500;2026-09-28T00:00:00.000Z;2026-10-04T23:59:59.999Z;
PostAndService;70010;500000;1000;2026-09-28T00:00:00.000Z;2026-10-04T23:59:59.999Z;
Poste;70010;500000;2000;2026-09-28T00:00:00.000Z;2026-10-04T23:59:59.999Z;
Fulmine;70011;500000;500;2026-09-28T00:00:00.000Z;2026-10-04T23:59:59.999Z;
PostAndService;70011;500000;1000;2026-09-28T00:00:00.000Z;2026-10-04T23:59:59.999Z;
Poste;70011;500000;2000;2026-09-28T00:00:00.000Z;2026-10-04T23:59:59.999Z;
Fulmine;70013;500000;500;2026-09-28T00:00:00.000Z;2026-10-04T23:59:59.999Z;
PostAndService;70013;500000;1000;2026-09-28T00:00:00.000Z;2026-10-04T23:59:59.999Z;
Poste;70013;500000;2000;2026-09-28T00:00:00.000Z;2026-10-04T23:59:59.999Z;
Fulmine;70014;500000;500;2026-09-28T00:00:00.000Z;2026-10-04T23:59:59.999Z;
PostAndService;70014;500000;1000;2026-09-28T00:00:00.000Z;2026-10-04T23:59:59.999Z;
Poste;70014;500000;2000;2026-09-28T00:00:00.000Z;2026-10-04T23:59:59.999Z;
Fulmine;70015;500000;500;2026-09-28T00:00:00.000Z;2026-10-04T23:59:59.999Z;
PostAndService;70015;500000;1000;2026-09-28T00:00:00.000Z;2026-10-04T23:59:59.999Z;
Poste;70015;500000;2000;2026-09-28T00:00:00.000Z;2026-10-04T23:59:59.999Z;
Fulmine;70016;500000;500;2026-09-28T00:00:00.000Z;2026-10-04T23:59:59.999Z;
PostAndService;70016;500000;1000;2026-09-28T00:00:00.000Z;2026-10-04T23:59:59.999Z;
Poste;70016;500000;2000;2026-09-28T00:00:00.000Z;2026-10-04T23:59:59.999Z;
Fulmine;70017;500000;500;2026-09-28T00:00:00.000Z;2026-10-04T23:59:59.999Z;
PostAndService;70017;500000;1000;2026-09-28T00:00:00.000Z;2026-10-04T23:59:59.999Z;
Poste;70017;500000;2000;2026-09-28T00:00:00.000Z;2026-10-04T23:59:59.999Z;
Fulmine;70018;500000;500;2026-09-28T00:00:00.000Z;2026-10-04T23:59:59.999Z;
PostAndService;70018;500000;1000;2026-09-28T00:00:00.000Z;2026-10-04T23:59:59.999Z;
Poste;70018;500000;2000;2026-09-28T00:00:00.000Z;2026-10-04T23:59:59.999Z;
Fulmine;70019;500000;500;2026-09-28T00:00:00.000Z;2026-10-04T23:59:59.999Z;
PostAndService;70019;500000;1000;2026-09-28T00:00:00.000Z;2026-10-04T23:59:59.999Z;
Poste;70019;500000;2000;2026-09-28T00:00:00.000Z;2026-10-04T23:59:59.999Z;
Fulmine;70020;500000;500;2026-09-28T00:00:00.000Z;2026-10-04T23:59:59.999Z;
PostAndService;70020;500000;1000;2026-09-28T00:00:00.000Z;2026-10-04T23:59:59.999Z;
Poste;70020;500000;2000;2026-09-28T00:00:00.000Z;2026-10-04T23:59:59.999Z;
Fulmine;70021;500000;500;2026-09-28T00:00:00.000Z;2026-10-04T23:59:59.999Z;
PostAndService;70021;500000;1000;2026-09-28T00:00:00.000Z;2026-10-04T23:59:59.999Z;
Poste;70021;500000;2000;2026-09-28T00:00:00.000Z;2026-10-04T23:59:59.999Z;
Fulmine;70022;500000;500;2026-09-28T00:00:00.000Z;2026-10-04T23:59:59.999Z;
PostAndService;70022;500000;1000;2026-09-28T00:00:00.000Z;2026-10-04T23:59:59.999Z;
Poste;70022;500000;2000;2026-09-28T00:00:00.000Z;2026-10-04T23:59:59.999Z;
Fulmine;70023;500000;500;2026-09-28T00:00:00.000Z;2026-10-04T23:59:59.999Z;
PostAndService;70023;500000;1000;2026-09-28T00:00:00.000Z;2026-10-04T23:59:59.999Z;
Poste;70023;500000;2000;2026-09-28T00:00:00.000Z;2026-10-04T23:59:59.999Z;
Fulmine;70024;500000;500;2026-09-28T00:00:00.000Z;2026-10-04T23:59:59.999Z;
PostAndService;70024;500000;1000;2026-09-28T00:00:00.000Z;2026-10-04T23:59:59.999Z;
Poste;70024;500000;2000;2026-09-28T00:00:00.000Z;2026-10-04T23:59:59.999Z;
Fulmine;70025;500000;500;2026-09-28T00:00:00.000Z;2026-10-04T23:59:59.999Z;
PostAndService;70025;500000;1000;2026-09-28T00:00:00.000Z;2026-10-04T23:59:59.999Z;
Poste;70025;500000;2000;2026-09-28T00:00:00.000Z;2026-10-04T23:59:59.999Z;
Fulmine;70026;500000;500;2026-09-28T00:00:00.000Z;2026-10-04T23:59:59.999Z;
PostAndService;70026;500000;1000;2026-09-28T00:00:00.000Z;2026-10-04T23:59:59.999Z;
Poste;70026;500000;2000;2026-09-28T00:00:00.000Z;2026-10-04T23:59:59.999Z;
Fulmine;70027;500000;500;2026-09-28T00:00:00.000Z;2026-10-04T23:59:59.999Z;
PostAndService;70027;500000;1000;2026-09-28T00:00:00.000Z;2026-10-04T23:59:59.999Z;
Poste;70027;500000;2000;2026-09-28T00:00:00.000Z;2026-10-04T23:59:59.999Z;
Fulmine;70028;500000;500;2026-09-28T00:00:00.000Z;2026-10-04T23:59:59.999Z;
PostAndService;70028;500000;1000;2026-09-28T00:00:00.000Z;2026-10-04T23:59:59.999Z;
Poste;70028;500000;2000;2026-09-28T00:00:00.000Z;2026-10-04T23:59:59.999Z;
Fulmine;70029;500000;500;2026-09-28T00:00:00.000Z;2026-10-04T23:59:59.999Z;
PostAndService;70029;500000;1000;2026-09-28T00:00:00.000Z;2026-10-04T23:59:59.999Z;
Poste;70029;500000;2000;2026-09-28T00:00:00.000Z;2026-10-04T23:59:59.999Z;
Fulmine;70032;500000;500;2026-09-28T00:00:00.000Z;2026-10-04T23:59:59.999Z;
PostAndService;70032;500000;1000;2026-09-28T00:00:00.000Z;2026-10-04T23:59:59.999Z;
Poste;70032;500000;2000;2026-09-28T00:00:00.000Z;2026-10-04T23:59:59.999Z;
Fulmine;70033;500000;500;2026-09-28T00:00:00.000Z;2026-10-04T23:59:59.999Z;
PostAndService;70033;500000;1000;2026-09-28T00:00:00.000Z;2026-10-04T23:59:59.999Z;
Poste;70033;500000;2000;2026-09-28T00:00:00.000Z;2026-10-04T23:59:59.999Z;
Fulmine;70037;500000;500;2026-09-28T00:00:00.000Z;2026-10-04T23:59:59.999Z;
PostAndService;70037;500000;1000;2026-09-28T00:00:00.000Z;2026-10-04T23:59:59.999Z;
Poste;70037;500000;2000;2026-09-28T00:00:00.000Z;2026-10-04T23:59:59.999Z;
Fulmine;70038;500000;500;2026-09-28T00:00:00.000Z;2026-10-04T23:59:59.999Z;
PostAndService;70038;500000;1000;2026-09-28T00:00:00.000Z;2026-10-04T23:59:59.999Z;
Poste;70038;500000;2000;2026-09-28T00:00:00.000Z;2026-10-04T23:59:59.999Z;
Fulmine;70042;500000;500;2026-09-28T00:00:00.000Z;2026-10-04T23:59:59.999Z;
PostAndService;70042;500000;1000;2026-09-28T00:00:00.000Z;2026-10-04T23:59:59.999Z;
Poste;70042;500000;2000;2026-09-28T00:00:00.000Z;2026-10-04T23:59:59.999Z;
Fulmine;70043;500000;500;2026-09-28T00:00:00.000Z;2026-10-04T23:59:59.999Z;
PostAndService;70043;500000;1000;2026-09-28T00:00:00.000Z;2026-10-04T23:59:59.999Z;
Poste;70043;500000;2000;2026-09-28T00:00:00.000Z;2026-10-04T23:59:59.999Z;
Fulmine;70044;500000;500;2026-09-28T00:00:00.000Z;2026-10-04T23:59:59.999Z;
PostAndService;70044;500000;1000;2026-09-28T00:00:00.000Z;2026-10-04T23:59:59.999Z;
Poste;70044;500000;2000;2026-09-28T00:00:00.000Z;2026-10-04T23:59:59.999Z;
Fulmine;70054;500000;500;2026-09-28T00:00:00.000Z;2026-10-04T23:59:59.999Z;
PostAndService;70054;500000;1000;2026-09-28T00:00:00.000Z;2026-10-04T23:59:59.999Z;
Poste;70054;500000;2000;2026-09-28T00:00:00.000Z;2026-10-04T23:59:59.999Z;
Fulmine;70056;500000;500;2026-09-28T00:00:00.000Z;2026-10-04T23:59:59.999Z;
PostAndService;70056;500000;1000;2026-09-28T00:00:00.000Z;2026-10-04T23:59:59.999Z;
Poste;70056;500000;2000;2026-09-28T00:00:00.000Z;2026-10-04T23:59:59.999Z;
Fulmine;70121;500000;500;2026-09-28T00:00:00.000Z;2026-10-04T23:59:59.999Z;
PostAndService;70121;500000;1260;2026-09-28T00:00:00.000Z;2026-10-04T23:59:59.999Z;
Poste;70121;500000;4000;2026-09-28T00:00:00.000Z;2026-10-04T23:59:59.999Z;
Fulmine;70122;500000;500;2026-09-28T00:00:00.000Z;2026-10-04T23:59:59.999Z;
PostAndService;70122;500000;1260;2026-09-28T00:00:00.000Z;2026-10-04T23:59:59.999Z;
Poste;70122;500000;4000;2026-09-28T00:00:00.000Z;2026-10-04T23:59:59.999Z;
Fulmine;70123;500000;500;2026-09-28T00:00:00.000Z;2026-10-04T23:59:59.999Z;
PostAndService;70123;500000;1260;2026-09-28T00:00:00.000Z;2026-10-04T23:59:59.999Z;
Poste;70123;500000;4000;2026-09-28T00:00:00.000Z;2026-10-04T23:59:59.999Z;
Fulmine;70124;500000;500;2026-09-28T00:00:00.000Z;2026-10-04T23:59:59.999Z;
PostAndService;70124;500000;1260;2026-09-28T00:00:00.000Z;2026-10-04T23:59:59.999Z;
Poste;70124;500000;4000;2026-09-28T00:00:00.000Z;2026-10-04T23:59:59.999Z;
Fulmine;70125;500000;500;2026-09-28T00:00:00.000Z;2026-10-04T23:59:59.999Z;
PostAndService;70125;500000;1260;2026-09-28T00:00:00.000Z;2026-10-04T23:59:59.999Z;
Poste;70125;500000;4000;2026-09-28T00:00:00.000Z;2026-10-04T23:59:59.999Z;
Fulmine;70126;500000;500;2026-09-28T00:00:00.000Z;2026-10-04T23:59:59.999Z;
PostAndService;70126;500000;1260;2026-09-28T00:00:00.000Z;2026-10-04T23:59:59.999Z;
Poste;70126;500000;4000;2026-09-28T00:00:00.000Z;2026-10-04T23:59:59.999Z;
Fulmine;70127;500000;500;2026-09-28T00:00:00.000Z;2026-10-04T23:59:59.999Z;
PostAndService;70127;500000;1260;2026-09-28T00:00:00.000Z;2026-10-04T23:59:59.999Z;
Poste;70127;500000;4000;2026-09-28T00:00:00.000Z;2026-10-04T23:59:59.999Z;
Fulmine;70128;500000;500;2026-09-28T00:00:00.000Z;2026-10-04T23:59:59.999Z;
PostAndService;70128;500000;1260;2026-09-28T00:00:00.000Z;2026-10-04T23:59:59.999Z;
Poste;70128;500000;4000;2026-09-28T00:00:00.000Z;2026-10-04T23:59:59.999Z;
Fulmine;70129;500000;500;2026-09-28T00:00:00.000Z;2026-10-04T23:59:59.999Z;
PostAndService;70129;500000;1260;2026-09-28T00:00:00.000Z;2026-10-04T23:59:59.999Z;
Poste;70129;500000;4000;2026-09-28T00:00:00.000Z;2026-10-04T23:59:59.999Z;
Fulmine;70131;500000;500;2026-09-28T00:00:00.000Z;2026-10-04T23:59:59.999Z;
PostAndService;70131;500000;1260;2026-09-28T00:00:00.000Z;2026-10-04T23:59:59.999Z;
Poste;70131;500000;4000;2026-09-28T00:00:00.000Z;2026-10-04T23:59:59.999Z;
Fulmine;70132;500000;500;2026-09-28T00:00:00.000Z;2026-10-04T23:59:59.999Z;
PostAndService;70132;500000;1260;2026-09-28T00:00:00.000Z;2026-10-04T23:59:59.999Z;
Poste;70132;500000;4000;2026-09-28T00:00:00.000Z;2026-10-04T23:59:59.999Z;
Fulmine;FG;500000;19000;2026-09-28T00:00:00.000Z;2026-10-04T23:59:59.999Z;RS
PostAndService;FG;500000;35860;2026-09-28T00:00:00.000Z;2026-10-04T23:59:59.999Z;AR
Poste;FG;500000;13300;2026-09-28T00:00:00.000Z;2026-10-04T23:59:59.999Z;890,AR,RS
Fulmine;71010;500000;500;2026-09-28T00:00:00.000Z;2026-10-04T23:59:59.999Z;
Poste;71010;500000;2000;2026-09-28T00:00:00.000Z;2026-10-04T23:59:59.999Z;
Fulmine;71011;500000;500;2026-09-28T00:00:00.000Z;2026-10-04T23:59:59.999Z;
PostAndService;71011;500000;1000;2026-09-28T00:00:00.000Z;2026-10-04T23:59:59.999Z;
Poste;71011;500000;2000;2026-09-28T00:00:00.000Z;2026-10-04T23:59:59.999Z;
Fulmine;71012;500000;500;2026-09-28T00:00:00.000Z;2026-10-04T23:59:59.999Z;
PostAndService;71012;500000;1000;2026-09-28T00:00:00.000Z;2026-10-04T23:59:59.999Z;
Poste;71012;500000;2000;2026-09-28T00:00:00.000Z;2026-10-04T23:59:59.999Z;
Fulmine;71013;500000;500;2026-09-28T00:00:00.000Z;2026-10-04T23:59:59.999Z;
PostAndService;71013;500000;1000;2026-09-28T00:00:00.000Z;2026-10-04T23:59:59.999Z;
Poste;71013;500000;2000;2026-09-28T00:00:00.000Z;2026-10-04T23:59:59.999Z;
Fulmine;71014;500000;500;2026-09-28T00:00:00.000Z;2026-10-04T23:59:59.999Z;
PostAndService;71014;500000;1000;2026-09-28T00:00:00.000Z;2026-10-04T23:59:59.999Z;
Poste;71014;500000;2000;2026-09-28T00:00:00.000Z;2026-10-04T23:59:59.999Z;
Fulmine;71015;500000;500;2026-09-28T00:00:00.000Z;2026-10-04T23:59:59.999Z;
PostAndService;71015;500000;1000;2026-09-28T00:00:00.000Z;2026-10-04T23:59:59.999Z;
Poste;71015;500000;2000;2026-09-28T00:00:00.000Z;2026-10-04T23:59:59.999Z;
Fulmine;71016;500000;500;2026-09-28T00:00:00.000Z;2026-10-04T23:59:59.999Z;
PostAndService;71016;500000;1000;2026-09-28T00:00:00.000Z;2026-10-04T23:59:59.999Z;
Poste;71016;500000;2000;2026-09-28T00:00:00.000Z;2026-10-04T23:59:59.999Z;
Fulmine;71017;500000;500;2026-09-28T00:00:00.000Z;2026-10-04T23:59:59.999Z;
PostAndService;71017;500000;1000;2026-09-28T00:00:00.000Z;2026-10-04T23:59:59.999Z;
Poste;71017;500000;2000;2026-09-28T00:00:00.000Z;2026-10-04T23:59:59.999Z;
Fulmine;71018;500000;500;2026-09-28T00:00:00.000Z;2026-10-04T23:59:59.999Z;
PostAndService;71018;500000;1000;2026-09-28T00:00:00.000Z;2026-10-04T23:59:59.999Z;
Poste;71018;500000;2000;2026-09-28T00:00:00.000Z;2026-10-04T23:59:59.999Z;
Fulmine;71019;500000;500;2026-09-28T00:00:00.000Z;2026-10-04T23:59:59.999Z;
PostAndService;71019;500000;1000;2026-09-28T00:00:00.000Z;2026-10-04T23:59:59.999Z;
Poste;71019;500000;2000;2026-09-28T00:00:00.000Z;2026-10-04T23:59:59.999Z;
Poste;71020;500000;2000;2026-09-28T00:00:00.000Z;2026-10-04T23:59:59.999Z;
Fulmine;71021;500000;500;2026-09-28T00:00:00.000Z;2026-10-04T23:59:59.999Z;
PostAndService;71021;500000;1000;2026-09-28T00:00:00.000Z;2026-10-04T23:59:59.999Z;
Poste;71021;500000;2000;2026-09-28T00:00:00.000Z;2026-10-04T23:59:59.999Z;
Fulmine;71022;500000;500;2026-09-28T00:00:00.000Z;2026-10-04T23:59:59.999Z;
PostAndService;71022;500000;1000;2026-09-28T00:00:00.000Z;2026-10-04T23:59:59.999Z;
Poste;71022;500000;2000;2026-09-28T00:00:00.000Z;2026-10-04T23:59:59.999Z;
Fulmine;71023;500000;500;2026-09-28T00:00:00.000Z;2026-10-04T23:59:59.999Z;
PostAndService;71023;500000;1000;2026-09-28T00:00:00.000Z;2026-10-04T23:59:59.999Z;
Poste;71023;500000;2000;2026-09-28T00:00:00.000Z;2026-10-04T23:59:59.999Z;
Fulmine;71024;500000;500;2026-09-28T00:00:00.000Z;2026-10-04T23:59:59.999Z;
PostAndService;71024;500000;1000;2026-09-28T00:00:00.000Z;2026-10-04T23:59:59.999Z;
Poste;71024;500000;2000;2026-09-28T00:00:00.000Z;2026-10-04T23:59:59.999Z;
Fulmine;71025;500000;500;2026-09-28T00:00:00.000Z;2026-10-04T23:59:59.999Z;
PostAndService;71025;500000;1000;2026-09-28T00:00:00.000Z;2026-10-04T23:59:59.999Z;
Poste;71025;500000;2000;2026-09-28T00:00:00.000Z;2026-10-04T23:59:59.999Z;
Fulmine;71026;500000;500;2026-09-28T00:00:00.000Z;2026-10-04T23:59:59.999Z;
PostAndService;71026;500000;1000;2026-09-28T00:00:00.000Z;2026-10-04T23:59:59.999Z;
Poste;71026;500000;2000;2026-09-28T00:00:00.000Z;2026-10-04T23:59:59.999Z;
Fulmine;71027;500000;500;2026-09-28T00:00:00.000Z;2026-10-04T23:59:59.999Z;
PostAndService;71027;500000;1000;2026-09-28T00:00:00.000Z;2026-10-04T23:59:59.999Z;
Poste;71027;500000;2000;2026-09-28T00:00:00.000Z;2026-10-04T23:59:59.999Z;
Fulmine;71028;500000;500;2026-09-28T00:00:00.000Z;2026-10-04T23:59:59.999Z;
PostAndService;71028;500000;1000;2026-09-28T00:00:00.000Z;2026-10-04T23:59:59.999Z;
Poste;71028;500000;2000;2026-09-28T00:00:00.000Z;2026-10-04T23:59:59.999Z;
Fulmine;71029;500000;500;2026-09-28T00:00:00.000Z;2026-10-04T23:59:59.999Z;
PostAndService;71029;500000;1000;2026-09-28T00:00:00.000Z;2026-10-04T23:59:59.999Z;
Poste;71029;500000;2000;2026-09-28T00:00:00.000Z;2026-10-04T23:59:59.999Z;
Fulmine;71030;500000;500;2026-09-28T00:00:00.000Z;2026-10-04T23:59:59.999Z;
Poste;71030;500000;2000;2026-09-28T00:00:00.000Z;2026-10-04T23:59:59.999Z;
Fulmine;71031;500000;500;2026-09-28T00:00:00.000Z;2026-10-04T23:59:59.999Z;
PostAndService;71031;500000;1000;2026-09-28T00:00:00.000Z;2026-10-04T23:59:59.999Z;
Poste;71031;500000;2000;2026-09-28T00:00:00.000Z;2026-10-04T23:59:59.999Z;
Fulmine;71032;500000;500;2026-09-28T00:00:00.000Z;2026-10-04T23:59:59.999Z;
PostAndService;71032;500000;1000;2026-09-28T00:00:00.000Z;2026-10-04T23:59:59.999Z;
Poste;71032;500000;2000;2026-09-28T00:00:00.000Z;2026-10-04T23:59:59.999Z;
Fulmine;71033;500000;500;2026-09-28T00:00:00.000Z;2026-10-04T23:59:59.999Z;
PostAndService;71033;500000;1000;2026-09-28T00:00:00.000Z;2026-10-04T23:59:59.999Z;
Poste;71033;500000;2000;2026-09-28T00:00:00.000Z;2026-10-04T23:59:59.999Z;
Fulmine;71034;500000;500;2026-09-28T00:00:00.000Z;2026-10-04T23:59:59.999Z;
PostAndService;71034;500000;1000;2026-09-28T00:00:00.000Z;2026-10-04T23:59:59.999Z;
Poste;71034;500000;2000;2026-09-28T00:00:00.000Z;2026-10-04T23:59:59.999Z;
Fulmine;71035;500000;500;2026-09-28T00:00:00.000Z;2026-10-04T23:59:59.999Z;
PostAndService;71035;500000;1000;2026-09-28T00:00:00.000Z;2026-10-04T23:59:59.999Z;
Poste;71035;500000;2000;2026-09-28T00:00:00.000Z;2026-10-04T23:59:59.999Z;
Fulmine;71036;500000;500;2026-09-28T00:00:00.000Z;2026-10-04T23:59:59.999Z;
PostAndService;71036;500000;1000;2026-09-28T00:00:00.000Z;2026-10-04T23:59:59.999Z;
Poste;71036;500000;2000;2026-09-28T00:00:00.000Z;2026-10-04T23:59:59.999Z;
Fulmine;71037;500000;500;2026-09-28T00:00:00.000Z;2026-10-04T23:59:59.999Z;
PostAndService;71037;500000;1000;2026-09-28T00:00:00.000Z;2026-10-04T23:59:59.999Z;
Poste;71037;500000;2000;2026-09-28T00:00:00.000Z;2026-10-04T23:59:59.999Z;
Fulmine;71038;500000;500;2026-09-28T00:00:00.000Z;2026-10-04T23:59:59.999Z;
PostAndService;71038;500000;1000;2026-09-28T00:00:00.000Z;2026-10-04T23:59:59.999Z;
Poste;71038;500000;2000;2026-09-28T00:00:00.000Z;2026-10-04T23:59:59.999Z;
Fulmine;71039;500000;500;2026-09-28T00:00:00.000Z;2026-10-04T23:59:59.999Z;
PostAndService;71039;500000;1000;2026-09-28T00:00:00.000Z;2026-10-04T23:59:59.999Z;
Poste;71039;500000;2000;2026-09-28T00:00:00.000Z;2026-10-04T23:59:59.999Z;
Fulmine;71040;500000;500;2026-09-28T00:00:00.000Z;2026-10-04T23:59:59.999Z;
Poste;71040;500000;2000;2026-09-28T00:00:00.000Z;2026-10-04T23:59:59.999Z;
Fulmine;71041;500000;500;2026-09-28T00:00:00.000Z;2026-10-04T23:59:59.999Z;
PostAndService;71041;500000;1000;2026-09-28T00:00:00.000Z;2026-10-04T23:59:59.999Z;
Poste;71041;500000;2000;2026-09-28T00:00:00.000Z;2026-10-04T23:59:59.999Z;
Fulmine;71042;500000;500;2026-09-28T00:00:00.000Z;2026-10-04T23:59:59.999Z;
PostAndService;71042;500000;1000;2026-09-28T00:00:00.000Z;2026-10-04T23:59:59.999Z;
Poste;71042;500000;2000;2026-09-28T00:00:00.000Z;2026-10-04T23:59:59.999Z;
Fulmine;71043;500000;500;2026-09-28T00:00:00.000Z;2026-10-04T23:59:59.999Z;
PostAndService;71043;500000;1000;2026-09-28T00:00:00.000Z;2026-10-04T23:59:59.999Z;
Poste;71043;500000;2000;2026-09-28T00:00:00.000Z;2026-10-04T23:59:59.999Z;
Fulmine;71045;500000;500;2026-09-28T00:00:00.000Z;2026-10-04T23:59:59.999Z;
PostAndService;71045;500000;1000;2026-09-28T00:00:00.000Z;2026-10-04T23:59:59.999Z;
Poste;71045;500000;2000;2026-09-28T00:00:00.000Z;2026-10-04T23:59:59.999Z;
Fulmine;71047;500000;500;2026-09-28T00:00:00.000Z;2026-10-04T23:59:59.999Z;
PostAndService;71047;500000;1000;2026-09-28T00:00:00.000Z;2026-10-04T23:59:59.999Z;
Poste;71047;500000;2000;2026-09-28T00:00:00.000Z;2026-10-04T23:59:59.999Z;
Fulmine;71048;500000;500;2026-09-28T00:00:00.000Z;2026-10-04T23:59:59.999Z;
PostAndService;71048;500000;1000;2026-09-28T00:00:00.000Z;2026-10-04T23:59:59.999Z;
Poste;71048;500000;2000;2026-09-28T00:00:00.000Z;2026-10-04T23:59:59.999Z;
Poste;71051;500000;2000;2026-09-28T00:00:00.000Z;2026-10-04T23:59:59.999Z;
PostAndService;71051;500000;1000;2026-09-28T00:00:00.000Z;2026-10-04T23:59:59.999Z;
Fulmine;71121;500000;500;2026-09-28T00:00:00.000Z;2026-10-04T23:59:59.999Z;
PostAndService;71121;500000;930;2026-09-28T00:00:00.000Z;2026-10-04T23:59:59.999Z;
Poste;71121;500000;3000;2026-09-28T00:00:00.000Z;2026-10-04T23:59:59.999Z;
Fulmine;71122;500000;500;2026-09-28T00:00:00.000Z;2026-10-04T23:59:59.999Z;
PostAndService;71122;500000;930;2026-09-28T00:00:00.000Z;2026-10-04T23:59:59.999Z;
Poste;71122;500000;3000;2026-09-28T00:00:00.000Z;2026-10-04T23:59:59.999Z;
Fulmine;BR;500000;9000;2026-09-28T00:00:00.000Z;2026-10-04T23:59:59.999Z;RS
PostAndService;BR;500000;18000;2026-09-28T00:00:00.000Z;2026-10-04T23:59:59.999Z;AR
Poste;BR;500000;8400;2026-09-28T00:00:00.000Z;2026-10-04T23:59:59.999Z;890
Fulmine;72012;500000;500;2026-09-28T00:00:00.000Z;2026-10-04T23:59:59.999Z;
PostAndService;72012;500000;1000;2026-09-28T00:00:00.000Z;2026-10-04T23:59:59.999Z;
Poste;72012;500000;2000;2026-09-28T00:00:00.000Z;2026-10-04T23:59:59.999Z;
Fulmine;72013;500000;500;2026-09-28T00:00:00.000Z;2026-10-04T23:59:59.999Z;
PostAndService;72013;500000;1000;2026-09-28T00:00:00.000Z;2026-10-04T23:59:59.999Z;
Poste;72013;500000;2000;2026-09-28T00:00:00.000Z;2026-10-04T23:59:59.999Z;
Fulmine;72014;500000;500;2026-09-28T00:00:00.000Z;2026-10-04T23:59:59.999Z;
PostAndService;72014;500000;1000;2026-09-28T00:00:00.000Z;2026-10-04T23:59:59.999Z;
Poste;72014;500000;2000;2026-09-28T00:00:00.000Z;2026-10-04T23:59:59.999Z;
Fulmine;72015;500000;500;2026-09-28T00:00:00.000Z;2026-10-04T23:59:59.999Z;
PostAndService;72015;500000;1000;2026-09-28T00:00:00.000Z;2026-10-04T23:59:59.999Z;
Poste;72015;500000;2000;2026-09-28T00:00:00.000Z;2026-10-04T23:59:59.999Z;
Fulmine;72017;500000;500;2026-09-28T00:00:00.000Z;2026-10-04T23:59:59.999Z;
PostAndService;72017;500000;1000;2026-09-28T00:00:00.000Z;2026-10-04T23:59:59.999Z;
Poste;72017;500000;2000;2026-09-28T00:00:00.000Z;2026-10-04T23:59:59.999Z;
Fulmine;72018;500000;500;2026-09-28T00:00:00.000Z;2026-10-04T23:59:59.999Z;
PostAndService;72018;500000;1000;2026-09-28T00:00:00.000Z;2026-10-04T23:59:59.999Z;
Poste;72018;500000;2000;2026-09-28T00:00:00.000Z;2026-10-04T23:59:59.999Z;
Fulmine;72019;500000;500;2026-09-28T00:00:00.000Z;2026-10-04T23:59:59.999Z;
PostAndService;72019;500000;1000;2026-09-28T00:00:00.000Z;2026-10-04T23:59:59.999Z;
Poste;72019;500000;2000;2026-09-28T00:00:00.000Z;2026-10-04T23:59:59.999Z;
Fulmine;72020;500000;500;2026-09-28T00:00:00.000Z;2026-10-04T23:59:59.999Z;
PostAndService;72020;500000;1000;2026-09-28T00:00:00.000Z;2026-10-04T23:59:59.999Z;
Poste;72020;500000;2000;2026-09-28T00:00:00.000Z;2026-10-04T23:59:59.999Z;
Fulmine;72021;500000;500;2026-09-28T00:00:00.000Z;2026-10-04T23:59:59.999Z;
PostAndService;72021;500000;1000;2026-09-28T00:00:00.000Z;2026-10-04T23:59:59.999Z;
Poste;72021;500000;2000;2026-09-28T00:00:00.000Z;2026-10-04T23:59:59.999Z;
Fulmine;72022;500000;500;2026-09-28T00:00:00.000Z;2026-10-04T23:59:59.999Z;
PostAndService;72022;500000;1000;2026-09-28T00:00:00.000Z;2026-10-04T23:59:59.999Z;
Poste;72022;500000;2000;2026-09-28T00:00:00.000Z;2026-10-04T23:59:59.999Z;
Fulmine;72023;500000;500;2026-09-28T00:00:00.000Z;2026-10-04T23:59:59.999Z;
PostAndService;72023;500000;1000;2026-09-28T00:00:00.000Z;2026-10-04T23:59:59.999Z;
Poste;72023;500000;2000;2026-09-28T00:00:00.000Z;2026-10-04T23:59:59.999Z;
Fulmine;72024;500000;500;2026-09-28T00:00:00.000Z;2026-10-04T23:59:59.999Z;
PostAndService;72024;500000;1000;2026-09-28T00:00:00.000Z;2026-10-04T23:59:59.999Z;
Poste;72024;500000;2000;2026-09-28T00:00:00.000Z;2026-10-04T23:59:59.999Z;
Fulmine;72025;500000;500;2026-09-28T00:00:00.000Z;2026-10-04T23:59:59.999Z;
PostAndService;72025;500000;1000;2026-09-28T00:00:00.000Z;2026-10-04T23:59:59.999Z;
Poste;72025;500000;2000;2026-09-28T00:00:00.000Z;2026-10-04T23:59:59.999Z;
Fulmine;72026;500000;500;2026-09-28T00:00:00.000Z;2026-10-04T23:59:59.999Z;
PostAndService;72026;500000;1000;2026-09-28T00:00:00.000Z;2026-10-04T23:59:59.999Z;
Poste;72026;500000;2000;2026-09-28T00:00:00.000Z;2026-10-04T23:59:59.999Z;
Fulmine;72027;500000;500;2026-09-28T00:00:00.000Z;2026-10-04T23:59:59.999Z;
PostAndService;72027;500000;1000;2026-09-28T00:00:00.000Z;2026-10-04T23:59:59.999Z;
Poste;72027;500000;2000;2026-09-28T00:00:00.000Z;2026-10-04T23:59:59.999Z;
Fulmine;72028;500000;500;2026-09-28T00:00:00.000Z;2026-10-04T23:59:59.999Z;
PostAndService;72028;500000;1000;2026-09-28T00:00:00.000Z;2026-10-04T23:59:59.999Z;
Poste;72028;500000;2000;2026-09-28T00:00:00.000Z;2026-10-04T23:59:59.999Z;
Fulmine;72029;500000;500;2026-09-28T00:00:00.000Z;2026-10-04T23:59:59.999Z;
PostAndService;72029;500000;1000;2026-09-28T00:00:00.000Z;2026-10-04T23:59:59.999Z;
Poste;72029;500000;2000;2026-09-28T00:00:00.000Z;2026-10-04T23:59:59.999Z;
Fulmine;72100;500000;500;2026-09-28T00:00:00.000Z;2026-10-04T23:59:59.999Z;
PostAndService;72100;500000;1000;2026-09-28T00:00:00.000Z;2026-10-04T23:59:59.999Z;
Poste;72100;500000;3000;2026-09-28T00:00:00.000Z;2026-10-04T23:59:59.999Z;
Fulmine;LE;500000;25000;2026-09-28T00:00:00.000Z;2026-10-04T23:59:59.999Z;RS
PostAndService;LE;500000;51000;2026-09-28T00:00:00.000Z;2026-10-04T23:59:59.999Z;AR
Poste;LE;500000;15600;2026-09-28T00:00:00.000Z;2026-10-04T23:59:59.999Z;890,RS
Fulmine;73010;500000;500;2026-09-28T00:00:00.000Z;2026-10-04T23:59:59.999Z;
PostAndService;73010;500000;1000;2026-09-28T00:00:00.000Z;2026-10-04T23:59:59.999Z;
Poste;73010;500000;2000;2026-09-28T00:00:00.000Z;2026-10-04T23:59:59.999Z;
Fulmine;73011;500000;500;2026-09-28T00:00:00.000Z;2026-10-04T23:59:59.999Z;
PostAndService;73011;500000;1000;2026-09-28T00:00:00.000Z;2026-10-04T23:59:59.999Z;
Poste;73011;500000;2000;2026-09-28T00:00:00.000Z;2026-10-04T23:59:59.999Z;
Fulmine;73012;500000;500;2026-09-28T00:00:00.000Z;2026-10-04T23:59:59.999Z;
PostAndService;73012;500000;1000;2026-09-28T00:00:00.000Z;2026-10-04T23:59:59.999Z;
Poste;73012;500000;2000;2026-09-28T00:00:00.000Z;2026-10-04T23:59:59.999Z;
Fulmine;73013;500000;500;2026-09-28T00:00:00.000Z;2026-10-04T23:59:59.999Z;
PostAndService;73013;500000;1000;2026-09-28T00:00:00.000Z;2026-10-04T23:59:59.999Z;
Poste;73013;500000;2000;2026-09-28T00:00:00.000Z;2026-10-04T23:59:59.999Z;
Fulmine;73014;500000;500;2026-09-28T00:00:00.000Z;2026-10-04T23:59:59.999Z;
PostAndService;73014;500000;1000;2026-09-28T00:00:00.000Z;2026-10-04T23:59:59.999Z;
Poste;73014;500000;2000;2026-09-28T00:00:00.000Z;2026-10-04T23:59:59.999Z;
Fulmine;73015;500000;500;2026-09-28T00:00:00.000Z;2026-10-04T23:59:59.999Z;
PostAndService;73015;500000;1000;2026-09-28T00:00:00.000Z;2026-10-04T23:59:59.999Z;
Poste;73015;500000;2000;2026-09-28T00:00:00.000Z;2026-10-04T23:59:59.999Z;
Fulmine;73016;500000;500;2026-09-28T00:00:00.000Z;2026-10-04T23:59:59.999Z;
PostAndService;73016;500000;1000;2026-09-28T00:00:00.000Z;2026-10-04T23:59:59.999Z;
Poste;73016;500000;2000;2026-09-28T00:00:00.000Z;2026-10-04T23:59:59.999Z;
Fulmine;73017;500000;500;2026-09-28T00:00:00.000Z;2026-10-04T23:59:59.999Z;
PostAndService;73017;500000;1000;2026-09-28T00:00:00.000Z;2026-10-04T23:59:59.999Z;
Poste;73017;500000;2000;2026-09-28T00:00:00.000Z;2026-10-04T23:59:59.999Z;
Fulmine;73018;500000;500;2026-09-28T00:00:00.000Z;2026-10-04T23:59:59.999Z;
PostAndService;73018;500000;1000;2026-09-28T00:00:00.000Z;2026-10-04T23:59:59.999Z;
Poste;73018;500000;2000;2026-09-28T00:00:00.000Z;2026-10-04T23:59:59.999Z;
Fulmine;73019;500000;500;2026-09-28T00:00:00.000Z;2026-10-04T23:59:59.999Z;
PostAndService;73019;500000;1000;2026-09-28T00:00:00.000Z;2026-10-04T23:59:59.999Z;
Poste;73019;500000;2000;2026-09-28T00:00:00.000Z;2026-10-04T23:59:59.999Z;
Fulmine;73020;500000;500;2026-09-28T00:00:00.000Z;2026-10-04T23:59:59.999Z;
PostAndService;73020;500000;1000;2026-09-28T00:00:00.000Z;2026-10-04T23:59:59.999Z;
Poste;73020;500000;2000;2026-09-28T00:00:00.000Z;2026-10-04T23:59:59.999Z;
Fulmine;73021;500000;500;2026-09-28T00:00:00.000Z;2026-10-04T23:59:59.999Z;
PostAndService;73021;500000;1000;2026-09-28T00:00:00.000Z;2026-10-04T23:59:59.999Z;
Poste;73021;500000;2000;2026-09-28T00:00:00.000Z;2026-10-04T23:59:59.999Z;
Fulmine;73022;500000;500;2026-09-28T00:00:00.000Z;2026-10-04T23:59:59.999Z;
PostAndService;73022;500000;1000;2026-09-28T00:00:00.000Z;2026-10-04T23:59:59.999Z;
Poste;73022;500000;2000;2026-09-28T00:00:00.000Z;2026-10-04T23:59:59.999Z;
Fulmine;73023;500000;500;2026-09-28T00:00:00.000Z;2026-10-04T23:59:59.999Z;
PostAndService;73023;500000;1000;2026-09-28T00:00:00.000Z;2026-10-04T23:59:59.999Z;
Poste;73023;500000;2000;2026-09-28T00:00:00.000Z;2026-10-04T23:59:59.999Z;
Fulmine;73024;500000;500;2026-09-28T00:00:00.000Z;2026-10-04T23:59:59.999Z;
PostAndService;73024;500000;1000;2026-09-28T00:00:00.000Z;2026-10-04T23:59:59.999Z;
Poste;73024;500000;2000;2026-09-28T00:00:00.000Z;2026-10-04T23:59:59.999Z;
Fulmine;73025;500000;500;2026-09-28T00:00:00.000Z;2026-10-04T23:59:59.999Z;
PostAndService;73025;500000;1000;2026-09-28T00:00:00.000Z;2026-10-04T23:59:59.999Z;
Poste;73025;500000;2000;2026-09-28T00:00:00.000Z;2026-10-04T23:59:59.999Z;
Fulmine;73026;500000;500;2026-09-28T00:00:00.000Z;2026-10-04T23:59:59.999Z;
PostAndService;73026;500000;1000;2026-09-28T00:00:00.000Z;2026-10-04T23:59:59.999Z;
Poste;73026;500000;2000;2026-09-28T00:00:00.000Z;2026-10-04T23:59:59.999Z;
Fulmine;73027;500000;500;2026-09-28T00:00:00.000Z;2026-10-04T23:59:59.999Z;
PostAndService;73027;500000;1000;2026-09-28T00:00:00.000Z;2026-10-04T23:59:59.999Z;
Poste;73027;500000;2000;2026-09-28T00:00:00.000Z;2026-10-04T23:59:59.999Z;
Fulmine;73028;500000;500;2026-09-28T00:00:00.000Z;2026-10-04T23:59:59.999Z;
PostAndService;73028;500000;1000;2026-09-28T00:00:00.000Z;2026-10-04T23:59:59.999Z;
Poste;73028;500000;2000;2026-09-28T00:00:00.000Z;2026-10-04T23:59:59.999Z;
Fulmine;73029;500000;500;2026-09-28T00:00:00.000Z;2026-10-04T23:59:59.999Z;
PostAndService;73029;500000;1000;2026-09-28T00:00:00.000Z;2026-10-04T23:59:59.999Z;
Poste;73029;500000;2000;2026-09-28T00:00:00.000Z;2026-10-04T23:59:59.999Z;
Fulmine;73030;500000;500;2026-09-28T00:00:00.000Z;2026-10-04T23:59:59.999Z;
PostAndService;73030;500000;1000;2026-09-28T00:00:00.000Z;2026-10-04T23:59:59.999Z;
Poste;73030;500000;2000;2026-09-28T00:00:00.000Z;2026-10-04T23:59:59.999Z;
Fulmine;73031;500000;500;2026-09-28T00:00:00.000Z;2026-10-04T23:59:59.999Z;
PostAndService;73031;500000;1000;2026-09-28T00:00:00.000Z;2026-10-04T23:59:59.999Z;
Poste;73031;500000;2000;2026-09-28T00:00:00.000Z;2026-10-04T23:59:59.999Z;
Fulmine;73032;500000;500;2026-09-28T00:00:00.000Z;2026-10-04T23:59:59.999Z;
PostAndService;73032;500000;1000;2026-09-28T00:00:00.000Z;2026-10-04T23:59:59.999Z;
Poste;73032;500000;2000;2026-09-28T00:00:00.000Z;2026-10-04T23:59:59.999Z;
Fulmine;73033;500000;500;2026-09-28T00:00:00.000Z;2026-10-04T23:59:59.999Z;
PostAndService;73033;500000;1000;2026-09-28T00:00:00.000Z;2026-10-04T23:59:59.999Z;
Poste;73033;500000;2000;2026-09-28T00:00:00.000Z;2026-10-04T23:59:59.999Z;
Fulmine;73034;500000;500;2026-09-28T00:00:00.000Z;2026-10-04T23:59:59.999Z;
PostAndService;73034;500000;1000;2026-09-28T00:00:00.000Z;2026-10-04T23:59:59.999Z;
Poste;73034;500000;2000;2026-09-28T00:00:00.000Z;2026-10-04T23:59:59.999Z;
Fulmine;73035;500000;500;2026-09-28T00:00:00.000Z;2026-10-04T23:59:59.999Z;
PostAndService;73035;500000;1000;2026-09-28T00:00:00.000Z;2026-10-04T23:59:59.999Z;
Poste;73035;500000;2000;2026-09-28T00:00:00.000Z;2026-10-04T23:59:59.999Z;
Fulmine;73036;500000;500;2026-09-28T00:00:00.000Z;2026-10-04T23:59:59.999Z;
PostAndService;73036;500000;1000;2026-09-28T00:00:00.000Z;2026-10-04T23:59:59.999Z;
Poste;73036;500000;2000;2026-09-28T00:00:00.000Z;2026-10-04T23:59:59.999Z;
Fulmine;73037;500000;500;2026-09-28T00:00:00.000Z;2026-10-04T23:59:59.999Z;
PostAndService;73037;500000;1000;2026-09-28T00:00:00.000Z;2026-10-04T23:59:59.999Z;
Poste;73037;500000;2000;2026-09-28T00:00:00.000Z;2026-10-04T23:59:59.999Z;
Fulmine;73038;500000;500;2026-09-28T00:00:00.000Z;2026-10-04T23:59:59.999Z;
PostAndService;73038;500000;1000;2026-09-28T00:00:00.000Z;2026-10-04T23:59:59.999Z;
Poste;73038;500000;2000;2026-09-28T00:00:00.000Z;2026-10-04T23:59:59.999Z;
Fulmine;73039;500000;500;2026-09-28T00:00:00.000Z;2026-10-04T23:59:59.999Z;
PostAndService;73039;500000;1000;2026-09-28T00:00:00.000Z;2026-10-04T23:59:59.999Z;
Poste;73039;500000;2000;2026-09-28T00:00:00.000Z;2026-10-04T23:59:59.999Z;
Fulmine;73040;500000;500;2026-09-28T00:00:00.000Z;2026-10-04T23:59:59.999Z;
PostAndService;73040;500000;1000;2026-09-28T00:00:00.000Z;2026-10-04T23:59:59.999Z;
Poste;73040;500000;2000;2026-09-28T00:00:00.000Z;2026-10-04T23:59:59.999Z;
Fulmine;73041;500000;500;2026-09-28T00:00:00.000Z;2026-10-04T23:59:59.999Z;
PostAndService;73041;500000;1000;2026-09-28T00:00:00.000Z;2026-10-04T23:59:59.999Z;
Poste;73041;500000;2000;2026-09-28T00:00:00.000Z;2026-10-04T23:59:59.999Z;
Fulmine;73042;500000;500;2026-09-28T00:00:00.000Z;2026-10-04T23:59:59.999Z;
PostAndService;73042;500000;1000;2026-09-28T00:00:00.000Z;2026-10-04T23:59:59.999Z;
Poste;73042;500000;2000;2026-09-28T00:00:00.000Z;2026-10-04T23:59:59.999Z;
Fulmine;73043;500000;500;2026-09-28T00:00:00.000Z;2026-10-04T23:59:59.999Z;
PostAndService;73043;500000;1000;2026-09-28T00:00:00.000Z;2026-10-04T23:59:59.999Z;
Poste;73043;500000;2000;2026-09-28T00:00:00.000Z;2026-10-04T23:59:59.999Z;
Fulmine;73044;500000;500;2026-09-28T00:00:00.000Z;2026-10-04T23:59:59.999Z;
PostAndService;73044;500000;1000;2026-09-28T00:00:00.000Z;2026-10-04T23:59:59.999Z;
Poste;73044;500000;2000;2026-09-28T00:00:00.000Z;2026-10-04T23:59:59.999Z;
Fulmine;73045;500000;500;2026-09-28T00:00:00.000Z;2026-10-04T23:59:59.999Z;
PostAndService;73045;500000;1000;2026-09-28T00:00:00.000Z;2026-10-04T23:59:59.999Z;
Poste;73045;500000;2000;2026-09-28T00:00:00.000Z;2026-10-04T23:59:59.999Z;
Fulmine;73046;500000;500;2026-09-28T00:00:00.000Z;2026-10-04T23:59:59.999Z;
PostAndService;73046;500000;1000;2026-09-28T00:00:00.000Z;2026-10-04T23:59:59.999Z;
Poste;73046;500000;2000;2026-09-28T00:00:00.000Z;2026-10-04T23:59:59.999Z;
Fulmine;73047;500000;500;2026-09-28T00:00:00.000Z;2026-10-04T23:59:59.999Z;
PostAndService;73047;500000;1000;2026-09-28T00:00:00.000Z;2026-10-04T23:59:59.999Z;
Poste;73047;500000;2000;2026-09-28T00:00:00.000Z;2026-10-04T23:59:59.999Z;
Fulmine;73048;500000;500;2026-09-28T00:00:00.000Z;2026-10-04T23:59:59.999Z;
PostAndService;73048;500000;1000;2026-09-28T00:00:00.000Z;2026-10-04T23:59:59.999Z;
Poste;73048;500000;2000;2026-09-28T00:00:00.000Z;2026-10-04T23:59:59.999Z;
Fulmine;73049;500000;500;2026-09-28T00:00:00.000Z;2026-10-04T23:59:59.999Z;
PostAndService;73049;500000;1000;2026-09-28T00:00:00.000Z;2026-10-04T23:59:59.999Z;
Poste;73049;500000;2000;2026-09-28T00:00:00.000Z;2026-10-04T23:59:59.999Z;
Poste;73050;500000;2000;2026-09-28T00:00:00.000Z;2026-10-04T23:59:59.999Z;
PostAndService;73050;500000;1000;2026-09-28T00:00:00.000Z;2026-10-04T23:59:59.999Z;
Fulmine;73051;500000;500;2026-09-28T00:00:00.000Z;2026-10-04T23:59:59.999Z;
PostAndService;73051;500000;1000;2026-09-28T00:00:00.000Z;2026-10-04T23:59:59.999Z;
Poste;73051;500000;2000;2026-09-28T00:00:00.000Z;2026-10-04T23:59:59.999Z;
Fulmine;73052;500000;500;2026-09-28T00:00:00.000Z;2026-10-04T23:59:59.999Z;
PostAndService;73052;500000;1000;2026-09-28T00:00:00.000Z;2026-10-04T23:59:59.999Z;
Poste;73052;500000;2000;2026-09-28T00:00:00.000Z;2026-10-04T23:59:59.999Z;
Fulmine;73053;500000;500;2026-09-28T00:00:00.000Z;2026-10-04T23:59:59.999Z;
PostAndService;73053;500000;1000;2026-09-28T00:00:00.000Z;2026-10-04T23:59:59.999Z;
Poste;73053;500000;2000;2026-09-28T00:00:00.000Z;2026-10-04T23:59:59.999Z;
Fulmine;73054;500000;500;2026-09-28T00:00:00.000Z;2026-10-04T23:59:59.999Z;
PostAndService;73054;500000;1000;2026-09-28T00:00:00.000Z;2026-10-04T23:59:59.999Z;
Poste;73054;500000;2000;2026-09-28T00:00:00.000Z;2026-10-04T23:59:59.999Z;
Fulmine;73055;500000;500;2026-09-28T00:00:00.000Z;2026-10-04T23:59:59.999Z;
PostAndService;73055;500000;1000;2026-09-28T00:00:00.000Z;2026-10-04T23:59:59.999Z;
Poste;73055;500000;2000;2026-09-28T00:00:00.000Z;2026-10-04T23:59:59.999Z;
Fulmine;73056;500000;500;2026-09-28T00:00:00.000Z;2026-10-04T23:59:59.999Z;
PostAndService;73056;500000;1000;2026-09-28T00:00:00.000Z;2026-10-04T23:59:59.999Z;
Poste;73056;500000;2000;2026-09-28T00:00:00.000Z;2026-10-04T23:59:59.999Z;
Fulmine;73057;500000;500;2026-09-28T00:00:00.000Z;2026-10-04T23:59:59.999Z;
PostAndService;73057;500000;1000;2026-09-28T00:00:00.000Z;2026-10-04T23:59:59.999Z;
Poste;73057;500000;2000;2026-09-28T00:00:00.000Z;2026-10-04T23:59:59.999Z;
Fulmine;73058;500000;500;2026-09-28T00:00:00.000Z;2026-10-04T23:59:59.999Z;
PostAndService;73058;500000;1000;2026-09-28T00:00:00.000Z;2026-10-04T23:59:59.999Z;
Poste;73058;500000;2000;2026-09-28T00:00:00.000Z;2026-10-04T23:59:59.999Z;
Fulmine;73059;500000;500;2026-09-28T00:00:00.000Z;2026-10-04T23:59:59.999Z;
PostAndService;73059;500000;1000;2026-09-28T00:00:00.000Z;2026-10-04T23:59:59.999Z;
Poste;73059;500000;2000;2026-09-28T00:00:00.000Z;2026-10-04T23:59:59.999Z;
Fulmine;73100;500000;500;2026-09-28T00:00:00.000Z;2026-10-04T23:59:59.999Z;
PostAndService;73100;500000;1000;2026-09-28T00:00:00.000Z;2026-10-04T23:59:59.999Z;
Poste;73100;500000;3000;2026-09-28T00:00:00.000Z;2026-10-04T23:59:59.999Z;
Poste;TA;500000;12000;2026-09-28T00:00:00.000Z;2026-10-04T23:59:59.999Z;890,RS
Fulmine;TA;500000;10500;2026-09-28T00:00:00.000Z;2026-10-04T23:59:59.999Z;RS
PostAndService;TA;500000;21790;2026-09-28T00:00:00.000Z;2026-10-04T23:59:59.999Z;AR
Fulmine;74010;500000;500;2026-09-28T00:00:00.000Z;2026-10-04T23:59:59.999Z;
PostAndService;74010;500000;1000;2026-09-28T00:00:00.000Z;2026-10-04T23:59:59.999Z;
Poste;74010;500000;2000;2026-09-28T00:00:00.000Z;2026-10-04T23:59:59.999Z;
Fulmine;74011;500000;500;2026-09-28T00:00:00.000Z;2026-10-04T23:59:59.999Z;
PostAndService;74011;500000;1000;2026-09-28T00:00:00.000Z;2026-10-04T23:59:59.999Z;
Poste;74011;500000;2000;2026-09-28T00:00:00.000Z;2026-10-04T23:59:59.999Z;
Fulmine;74012;500000;500;2026-09-28T00:00:00.000Z;2026-10-04T23:59:59.999Z;
PostAndService;74012;500000;1000;2026-09-28T00:00:00.000Z;2026-10-04T23:59:59.999Z;
Poste;74012;500000;2000;2026-09-28T00:00:00.000Z;2026-10-04T23:59:59.999Z;
Fulmine;74013;500000;500;2026-09-28T00:00:00.000Z;2026-10-04T23:59:59.999Z;
PostAndService;74013;500000;1000;2026-09-28T00:00:00.000Z;2026-10-04T23:59:59.999Z;
Poste;74013;500000;2000;2026-09-28T00:00:00.000Z;2026-10-04T23:59:59.999Z;
Fulmine;74014;500000;500;2026-09-28T00:00:00.000Z;2026-10-04T23:59:59.999Z;
PostAndService;74014;500000;1000;2026-09-28T00:00:00.000Z;2026-10-04T23:59:59.999Z;
Poste;74014;500000;2000;2026-09-28T00:00:00.000Z;2026-10-04T23:59:59.999Z;
Fulmine;74015;500000;500;2026-09-28T00:00:00.000Z;2026-10-04T23:59:59.999Z;
PostAndService;74015;500000;1000;2026-09-28T00:00:00.000Z;2026-10-04T23:59:59.999Z;
Poste;74015;500000;2000;2026-09-28T00:00:00.000Z;2026-10-04T23:59:59.999Z;
Fulmine;74016;500000;500;2026-09-28T00:00:00.000Z;2026-10-04T23:59:59.999Z;
PostAndService;74016;500000;1000;2026-09-28T00:00:00.000Z;2026-10-04T23:59:59.999Z;
Poste;74016;500000;2000;2026-09-28T00:00:00.000Z;2026-10-04T23:59:59.999Z;
Fulmine;74017;500000;500;2026-09-28T00:00:00.000Z;2026-10-04T23:59:59.999Z;
PostAndService;74017;500000;1000;2026-09-28T00:00:00.000Z;2026-10-04T23:59:59.999Z;
Poste;74017;500000;2000;2026-09-28T00:00:00.000Z;2026-10-04T23:59:59.999Z;
Fulmine;74018;500000;500;2026-09-28T00:00:00.000Z;2026-10-04T23:59:59.999Z;
PostAndService;74018;500000;1000;2026-09-28T00:00:00.000Z;2026-10-04T23:59:59.999Z;
Poste;74018;500000;2000;2026-09-28T00:00:00.000Z;2026-10-04T23:59:59.999Z;
Fulmine;74019;500000;500;2026-09-28T00:00:00.000Z;2026-10-04T23:59:59.999Z;
PostAndService;74019;500000;1000;2026-09-28T00:00:00.000Z;2026-10-04T23:59:59.999Z;
Poste;74019;500000;2000;2026-09-28T00:00:00.000Z;2026-10-04T23:59:59.999Z;
Fulmine;74020;500000;500;2026-09-28T00:00:00.000Z;2026-10-04T23:59:59.999Z;
PostAndService;74020;500000;1000;2026-09-28T00:00:00.000Z;2026-10-04T23:59:59.999Z;
Poste;74020;500000;2000;2026-09-28T00:00:00.000Z;2026-10-04T23:59:59.999Z;
Fulmine;74021;500000;500;2026-09-28T00:00:00.000Z;2026-10-04T23:59:59.999Z;
PostAndService;74021;500000;1000;2026-09-28T00:00:00.000Z;2026-10-04T23:59:59.999Z;
Poste;74021;500000;2000;2026-09-28T00:00:00.000Z;2026-10-04T23:59:59.999Z;
Fulmine;74022;500000;500;2026-09-28T00:00:00.000Z;2026-10-04T23:59:59.999Z;
PostAndService;74022;500000;1000;2026-09-28T00:00:00.000Z;2026-10-04T23:59:59.999Z;
Poste;74022;500000;2000;2026-09-28T00:00:00.000Z;2026-10-04T23:59:59.999Z;
Fulmine;74023;500000;500;2026-09-28T00:00:00.000Z;2026-10-04T23:59:59.999Z;
PostAndService;74023;500000;1000;2026-09-28T00:00:00.000Z;2026-10-04T23:59:59.999Z;
Poste;74023;500000;2000;2026-09-28T00:00:00.000Z;2026-10-04T23:59:59.999Z;
Fulmine;74024;500000;500;2026-09-28T00:00:00.000Z;2026-10-04T23:59:59.999Z;
PostAndService;74024;500000;1000;2026-09-28T00:00:00.000Z;2026-10-04T23:59:59.999Z;
Poste;74024;500000;2000;2026-09-28T00:00:00.000Z;2026-10-04T23:59:59.999Z;
Poste;74025;500000;2000;2026-09-28T00:00:00.000Z;2026-10-04T23:59:59.999Z;
PostAndService;74025;500000;1000;2026-09-28T00:00:00.000Z;2026-10-04T23:59:59.999Z;
Fulmine;74026;500000;500;2026-09-28T00:00:00.000Z;2026-10-04T23:59:59.999Z;
PostAndService;74026;500000;1000;2026-09-28T00:00:00.000Z;2026-10-04T23:59:59.999Z;
Poste;74026;500000;2000;2026-09-28T00:00:00.000Z;2026-10-04T23:59:59.999Z;
Fulmine;74027;500000;500;2026-09-28T00:00:00.000Z;2026-10-04T23:59:59.999Z;
PostAndService;74027;500000;1000;2026-09-28T00:00:00.000Z;2026-10-04T23:59:59.999Z;
Poste;74027;500000;2000;2026-09-28T00:00:00.000Z;2026-10-04T23:59:59.999Z;
Fulmine;74028;500000;500;2026-09-28T00:00:00.000Z;2026-10-04T23:59:59.999Z;
PostAndService;74028;500000;1000;2026-09-28T00:00:00.000Z;2026-10-04T23:59:59.999Z;
Poste;74028;500000;2000;2026-09-28T00:00:00.000Z;2026-10-04T23:59:59.999Z;
Fulmine;74121;500000;500;2026-09-28T00:00:00.000Z;2026-10-04T23:59:59.999Z;
PostAndService;74121;500000;930;2026-09-28T00:00:00.000Z;2026-10-04T23:59:59.999Z;
Poste;74121;500000;3000;2026-09-28T00:00:00.000Z;2026-10-04T23:59:59.999Z;
Fulmine;74122;500000;500;2026-09-28T00:00:00.000Z;2026-10-04T23:59:59.999Z;
PostAndService;74122;500000;930;2026-09-28T00:00:00.000Z;2026-10-04T23:59:59.999Z;
Poste;74122;500000;3000;2026-09-28T00:00:00.000Z;2026-10-04T23:59:59.999Z;
Fulmine;74123;500000;500;2026-09-28T00:00:00.000Z;2026-10-04T23:59:59.999Z;
PostAndService;74123;500000;930;2026-09-28T00:00:00.000Z;2026-10-04T23:59:59.999Z;
Poste;74123;500000;3000;2026-09-28T00:00:00.000Z;2026-10-04T23:59:59.999Z;
Poste;MT;500000;4400;2026-09-28T00:00:00.000Z;2026-10-04T23:59:59.999Z;890,AR,RS
Fulmine;MT;500000;9500;2026-09-28T00:00:00.000Z;2026-10-04T23:59:59.999Z;RS
Poste;75010;500000;2000;2026-09-28T00:00:00.000Z;2026-10-04T23:59:59.999Z;
Fulmine;75011;500000;500;2026-09-28T00:00:00.000Z;2026-10-04T23:59:59.999Z;
Poste;75011;500000;2000;2026-09-28T00:00:00.000Z;2026-10-04T23:59:59.999Z;
Fulmine;75012;500000;500;2026-09-28T00:00:00.000Z;2026-10-04T23:59:59.999Z;
Poste;75012;500000;2000;2026-09-28T00:00:00.000Z;2026-10-04T23:59:59.999Z;
Fulmine;75013;500000;500;2026-09-28T00:00:00.000Z;2026-10-04T23:59:59.999Z;
Poste;75013;500000;2000;2026-09-28T00:00:00.000Z;2026-10-04T23:59:59.999Z;
Fulmine;75014;500000;500;2026-09-28T00:00:00.000Z;2026-10-04T23:59:59.999Z;
Poste;75014;500000;2000;2026-09-28T00:00:00.000Z;2026-10-04T23:59:59.999Z;
Fulmine;75015;500000;500;2026-09-28T00:00:00.000Z;2026-10-04T23:59:59.999Z;
Poste;75015;500000;2000;2026-09-28T00:00:00.000Z;2026-10-04T23:59:59.999Z;
Fulmine;75016;500000;500;2026-09-28T00:00:00.000Z;2026-10-04T23:59:59.999Z;
Poste;75016;500000;2000;2026-09-28T00:00:00.000Z;2026-10-04T23:59:59.999Z;
Fulmine;75017;500000;500;2026-09-28T00:00:00.000Z;2026-10-04T23:59:59.999Z;
Poste;75017;500000;2000;2026-09-28T00:00:00.000Z;2026-10-04T23:59:59.999Z;
Fulmine;75018;500000;500;2026-09-28T00:00:00.000Z;2026-10-04T23:59:59.999Z;
Poste;75018;500000;2000;2026-09-28T00:00:00.000Z;2026-10-04T23:59:59.999Z;
Fulmine;75019;500000;500;2026-09-28T00:00:00.000Z;2026-10-04T23:59:59.999Z;
Poste;75019;500000;2000;2026-09-28T00:00:00.000Z;2026-10-04T23:59:59.999Z;
Poste;75020;500000;2000;2026-09-28T00:00:00.000Z;2026-10-04T23:59:59.999Z;
Fulmine;75021;500000;500;2026-09-28T00:00:00.000Z;2026-10-04T23:59:59.999Z;
Poste;75021;500000;2000;2026-09-28T00:00:00.000Z;2026-10-04T23:59:59.999Z;
Fulmine;75022;500000;500;2026-09-28T00:00:00.000Z;2026-10-04T23:59:59.999Z;
Poste;75022;500000;2000;2026-09-28T00:00:00.000Z;2026-10-04T23:59:59.999Z;
Fulmine;75023;500000;500;2026-09-28T00:00:00.000Z;2026-10-04T23:59:59.999Z;
Poste;75023;500000;2000;2026-09-28T00:00:00.000Z;2026-10-04T23:59:59.999Z;
Fulmine;75024;500000;500;2026-09-28T00:00:00.000Z;2026-10-04T23:59:59.999Z;
Poste;75024;500000;2000;2026-09-28T00:00:00.000Z;2026-10-04T23:59:59.999Z;
Fulmine;75025;500000;500;2026-09-28T00:00:00.000Z;2026-10-04T23:59:59.999Z;
Poste;75025;500000;2000;2026-09-28T00:00:00.000Z;2026-10-04T23:59:59.999Z;
Fulmine;75026;500000;500;2026-09-28T00:00:00.000Z;2026-10-04T23:59:59.999Z;
Poste;75026;500000;2000;2026-09-28T00:00:00.000Z;2026-10-04T23:59:59.999Z;
Fulmine;75027;500000;500;2026-09-28T00:00:00.000Z;2026-10-04T23:59:59.999Z;
Poste;75027;500000;2000;2026-09-28T00:00:00.000Z;2026-10-04T23:59:59.999Z;
Fulmine;75028;500000;500;2026-09-28T00:00:00.000Z;2026-10-04T23:59:59.999Z;
Poste;75028;500000;2000;2026-09-28T00:00:00.000Z;2026-10-04T23:59:59.999Z;
Fulmine;75029;500000;500;2026-09-28T00:00:00.000Z;2026-10-04T23:59:59.999Z;
Poste;75029;500000;2000;2026-09-28T00:00:00.000Z;2026-10-04T23:59:59.999Z;
Fulmine;75100;500000;500;2026-09-28T00:00:00.000Z;2026-10-04T23:59:59.999Z;
Poste;75100;500000;3000;2026-09-28T00:00:00.000Z;2026-10-04T23:59:59.999Z;
Fulmine;BT;500000;5000;2026-09-28T00:00:00.000Z;2026-10-04T23:59:59.999Z;RS
PostAndService;BT;500000;9790;2026-09-28T00:00:00.000Z;2026-10-04T23:59:59.999Z;AR
Poste;BT;500000;6700;2026-09-28T00:00:00.000Z;2026-10-04T23:59:59.999Z;890
Fulmine;76011;500000;500;2026-09-28T00:00:00.000Z;2026-10-04T23:59:59.999Z;
PostAndService;76011;500000;1000;2026-09-28T00:00:00.000Z;2026-10-04T23:59:59.999Z;
Poste;76011;500000;2000;2026-09-28T00:00:00.000Z;2026-10-04T23:59:59.999Z;
Fulmine;76012;500000;500;2026-09-28T00:00:00.000Z;2026-10-04T23:59:59.999Z;
PostAndService;76012;500000;1000;2026-09-28T00:00:00.000Z;2026-10-04T23:59:59.999Z;
Poste;76012;500000;2000;2026-09-28T00:00:00.000Z;2026-10-04T23:59:59.999Z;
Fulmine;76013;500000;500;2026-09-28T00:00:00.000Z;2026-10-04T23:59:59.999Z;
PostAndService;76013;500000;1000;2026-09-28T00:00:00.000Z;2026-10-04T23:59:59.999Z;
Poste;76013;500000;2000;2026-09-28T00:00:00.000Z;2026-10-04T23:59:59.999Z;
Fulmine;76014;500000;500;2026-09-28T00:00:00.000Z;2026-10-04T23:59:59.999Z;
PostAndService;76014;500000;1000;2026-09-28T00:00:00.000Z;2026-10-04T23:59:59.999Z;
Poste;76014;500000;2000;2026-09-28T00:00:00.000Z;2026-10-04T23:59:59.999Z;
Fulmine;76015;500000;500;2026-09-28T00:00:00.000Z;2026-10-04T23:59:59.999Z;
PostAndService;76015;500000;1000;2026-09-28T00:00:00.000Z;2026-10-04T23:59:59.999Z;
Poste;76015;500000;2000;2026-09-28T00:00:00.000Z;2026-10-04T23:59:59.999Z;
Fulmine;76016;500000;500;2026-09-28T00:00:00.000Z;2026-10-04T23:59:59.999Z;
PostAndService;76016;500000;1000;2026-09-28T00:00:00.000Z;2026-10-04T23:59:59.999Z;
Poste;76016;500000;2000;2026-09-28T00:00:00.000Z;2026-10-04T23:59:59.999Z;
Fulmine;76017;500000;500;2026-09-28T00:00:00.000Z;2026-10-04T23:59:59.999Z;
PostAndService;76017;500000;1000;2026-09-28T00:00:00.000Z;2026-10-04T23:59:59.999Z;
Poste;76017;500000;2000;2026-09-28T00:00:00.000Z;2026-10-04T23:59:59.999Z;
Fulmine;76121;500000;500;2026-09-28T00:00:00.000Z;2026-10-04T23:59:59.999Z;
PostAndService;76121;500000;930;2026-09-28T00:00:00.000Z;2026-10-04T23:59:59.999Z;
Poste;76121;500000;3000;2026-09-28T00:00:00.000Z;2026-10-04T23:59:59.999Z;
Fulmine;76123;500000;500;2026-09-28T00:00:00.000Z;2026-10-04T23:59:59.999Z;
PostAndService;76123;500000;930;2026-09-28T00:00:00.000Z;2026-10-04T23:59:59.999Z;
Poste;76123;500000;3000;2026-09-28T00:00:00.000Z;2026-10-04T23:59:59.999Z;
Fulmine;76125;500000;500;2026-09-28T00:00:00.000Z;2026-10-04T23:59:59.999Z;
PostAndService;76125;500000;930;2026-09-28T00:00:00.000Z;2026-10-04T23:59:59.999Z;
Poste;76125;500000;3000;2026-09-28T00:00:00.000Z;2026-10-04T23:59:59.999Z;
Poste;NA;500000;70800;2026-09-28T00:00:00.000Z;2026-10-04T23:59:59.999Z;890,AR,RS
Fulmine;NA;500000;92825;2026-09-28T00:00:00.000Z;2026-10-04T23:59:59.999Z;AR,RS
Fulmine;80010;500000;1100;2026-09-28T00:00:00.000Z;2026-10-04T23:59:59.999Z;
Poste;80010;500000;2000;2026-09-28T00:00:00.000Z;2026-10-04T23:59:59.999Z;
Fulmine;80011;500000;900;2026-09-28T00:00:00.000Z;2026-10-04T23:59:59.999Z;
Poste;80011;500000;2000;2026-09-28T00:00:00.000Z;2026-10-04T23:59:59.999Z;
Fulmine;80012;500000;750;2026-09-28T00:00:00.000Z;2026-10-04T23:59:59.999Z;
Poste;80012;500000;2000;2026-09-28T00:00:00.000Z;2026-10-04T23:59:59.999Z;
Fulmine;80013;500000;900;2026-09-28T00:00:00.000Z;2026-10-04T23:59:59.999Z;
Poste;80013;500000;2000;2026-09-28T00:00:00.000Z;2026-10-04T23:59:59.999Z;
Fulmine;80014;500000;1750;2026-09-28T00:00:00.000Z;2026-10-04T23:59:59.999Z;
Poste;80014;500000;2000;2026-09-28T00:00:00.000Z;2026-10-04T23:59:59.999Z;
Fulmine;80016;500000;1100;2026-09-28T00:00:00.000Z;2026-10-04T23:59:59.999Z;
Poste;80016;500000;2000;2026-09-28T00:00:00.000Z;2026-10-04T23:59:59.999Z;
Fulmine;80017;500000;1100;2026-09-28T00:00:00.000Z;2026-10-04T23:59:59.999Z;
Poste;80017;500000;2000;2026-09-28T00:00:00.000Z;2026-10-04T23:59:59.999Z;
Fulmine;80018;500000;1100;2026-09-28T00:00:00.000Z;2026-10-04T23:59:59.999Z;
Poste;80018;500000;2000;2026-09-28T00:00:00.000Z;2026-10-04T23:59:59.999Z;
Fulmine;80019;500000;900;2026-09-28T00:00:00.000Z;2026-10-04T23:59:59.999Z;
Poste;80019;500000;2000;2026-09-28T00:00:00.000Z;2026-10-04T23:59:59.999Z;
Fulmine;80020;500000;1100;2026-09-28T00:00:00.000Z;2026-10-04T23:59:59.999Z;
Poste;80020;500000;2000;2026-09-28T00:00:00.000Z;2026-10-04T23:59:59.999Z;
Fulmine;80021;500000;1100;2026-09-28T00:00:00.000Z;2026-10-04T23:59:59.999Z;
Poste;80021;500000;2000;2026-09-28T00:00:00.000Z;2026-10-04T23:59:59.999Z;
Fulmine;80022;500000;1100;2026-09-28T00:00:00.000Z;2026-10-04T23:59:59.999Z;
Poste;80022;500000;2000;2026-09-28T00:00:00.000Z;2026-10-04T23:59:59.999Z;
Fulmine;80023;500000;1100;2026-09-28T00:00:00.000Z;2026-10-04T23:59:59.999Z;
Poste;80023;500000;2000;2026-09-28T00:00:00.000Z;2026-10-04T23:59:59.999Z;
Fulmine;80024;500000;1100;2026-09-28T00:00:00.000Z;2026-10-04T23:59:59.999Z;
Poste;80024;500000;2000;2026-09-28T00:00:00.000Z;2026-10-04T23:59:59.999Z;
Fulmine;80025;500000;900;2026-09-28T00:00:00.000Z;2026-10-04T23:59:59.999Z;
Poste;80025;500000;2000;2026-09-28T00:00:00.000Z;2026-10-04T23:59:59.999Z;
Fulmine;80026;500000;1100;2026-09-28T00:00:00.000Z;2026-10-04T23:59:59.999Z;
Poste;80026;500000;2000;2026-09-28T00:00:00.000Z;2026-10-04T23:59:59.999Z;
Fulmine;80027;500000;1100;2026-09-28T00:00:00.000Z;2026-10-04T23:59:59.999Z;
Poste;80027;500000;2000;2026-09-28T00:00:00.000Z;2026-10-04T23:59:59.999Z;
Fulmine;80028;500000;900;2026-09-28T00:00:00.000Z;2026-10-04T23:59:59.999Z;
Poste;80028;500000;2000;2026-09-28T00:00:00.000Z;2026-10-04T23:59:59.999Z;
Fulmine;80029;500000;1350;2026-09-28T00:00:00.000Z;2026-10-04T23:59:59.999Z;
Poste;80029;500000;2000;2026-09-28T00:00:00.000Z;2026-10-04T23:59:59.999Z;
Fulmine;80030;500000;1350;2026-09-28T00:00:00.000Z;2026-10-04T23:59:59.999Z;
Poste;80030;500000;2000;2026-09-28T00:00:00.000Z;2026-10-04T23:59:59.999Z;
Fulmine;80031;500000;900;2026-09-28T00:00:00.000Z;2026-10-04T23:59:59.999Z;
Poste;80031;500000;2000;2026-09-28T00:00:00.000Z;2026-10-04T23:59:59.999Z;
Fulmine;80032;500000;825;2026-09-28T00:00:00.000Z;2026-10-04T23:59:59.999Z;
Poste;80032;500000;2000;2026-09-28T00:00:00.000Z;2026-10-04T23:59:59.999Z;
Fulmine;80033;500000;825;2026-09-28T00:00:00.000Z;2026-10-04T23:59:59.999Z;
Poste;80033;500000;2000;2026-09-28T00:00:00.000Z;2026-10-04T23:59:59.999Z;
Fulmine;80034;500000;1350;2026-09-28T00:00:00.000Z;2026-10-04T23:59:59.999Z;
Poste;80034;500000;2000;2026-09-28T00:00:00.000Z;2026-10-04T23:59:59.999Z;
Fulmine;80035;500000;1350;2026-09-28T00:00:00.000Z;2026-10-04T23:59:59.999Z;
Poste;80035;500000;2000;2026-09-28T00:00:00.000Z;2026-10-04T23:59:59.999Z;
Fulmine;80036;500000;900;2026-09-28T00:00:00.000Z;2026-10-04T23:59:59.999Z;
Poste;80036;500000;2000;2026-09-28T00:00:00.000Z;2026-10-04T23:59:59.999Z;
Fulmine;80038;500000;1350;2026-09-28T00:00:00.000Z;2026-10-04T23:59:59.999Z;
Poste;80038;500000;2000;2026-09-28T00:00:00.000Z;2026-10-04T23:59:59.999Z;
Fulmine;80039;500000;900;2026-09-28T00:00:00.000Z;2026-10-04T23:59:59.999Z;
Poste;80039;500000;2000;2026-09-28T00:00:00.000Z;2026-10-04T23:59:59.999Z;
Fulmine;80040;500000;1750;2026-09-28T00:00:00.000Z;2026-10-04T23:59:59.999Z;
Poste;80040;500000;2000;2026-09-28T00:00:00.000Z;2026-10-04T23:59:59.999Z;
Fulmine;80041;500000;1350;2026-09-28T00:00:00.000Z;2026-10-04T23:59:59.999Z;
Poste;80041;500000;2000;2026-09-28T00:00:00.000Z;2026-10-04T23:59:59.999Z;
Fulmine;80042;500000;825;2026-09-28T00:00:00.000Z;2026-10-04T23:59:59.999Z;
Poste;80042;500000;2000;2026-09-28T00:00:00.000Z;2026-10-04T23:59:59.999Z;
Fulmine;80044;500000;900;2026-09-28T00:00:00.000Z;2026-10-04T23:59:59.999Z;
Poste;80044;500000;2000;2026-09-28T00:00:00.000Z;2026-10-04T23:59:59.999Z;
Fulmine;80045;500000;900;2026-09-28T00:00:00.000Z;2026-10-04T23:59:59.999Z;
Poste;80045;500000;2000;2026-09-28T00:00:00.000Z;2026-10-04T23:59:59.999Z;
Fulmine;80046;500000;1100;2026-09-28T00:00:00.000Z;2026-10-04T23:59:59.999Z;
Poste;80046;500000;2000;2026-09-28T00:00:00.000Z;2026-10-04T23:59:59.999Z;
Fulmine;80047;500000;1100;2026-09-28T00:00:00.000Z;2026-10-04T23:59:59.999Z;
Poste;80047;500000;2000;2026-09-28T00:00:00.000Z;2026-10-04T23:59:59.999Z;
Fulmine;80048;500000;1100;2026-09-28T00:00:00.000Z;2026-10-04T23:59:59.999Z;
Poste;80048;500000;2000;2026-09-28T00:00:00.000Z;2026-10-04T23:59:59.999Z;
Fulmine;80049;500000;1350;2026-09-28T00:00:00.000Z;2026-10-04T23:59:59.999Z;
Poste;80049;500000;2000;2026-09-28T00:00:00.000Z;2026-10-04T23:59:59.999Z;
Fulmine;80050;500000;900;2026-09-28T00:00:00.000Z;2026-10-04T23:59:59.999Z;
Poste;80050;500000;2000;2026-09-28T00:00:00.000Z;2026-10-04T23:59:59.999Z;
Fulmine;80051;500000;825;2026-09-28T00:00:00.000Z;2026-10-04T23:59:59.999Z;
Poste;80051;500000;2000;2026-09-28T00:00:00.000Z;2026-10-04T23:59:59.999Z;
Fulmine;80053;500000;1350;2026-09-28T00:00:00.000Z;2026-10-04T23:59:59.999Z;
Poste;80053;500000;2000;2026-09-28T00:00:00.000Z;2026-10-04T23:59:59.999Z;
Fulmine;80054;500000;825;2026-09-28T00:00:00.000Z;2026-10-04T23:59:59.999Z;
Poste;80054;500000;2000;2026-09-28T00:00:00.000Z;2026-10-04T23:59:59.999Z;
Fulmine;80055;500000;1100;2026-09-28T00:00:00.000Z;2026-10-04T23:59:59.999Z;
Poste;80055;500000;2000;2026-09-28T00:00:00.000Z;2026-10-04T23:59:59.999Z;
Fulmine;80056;500000;1350;2026-09-28T00:00:00.000Z;2026-10-04T23:59:59.999Z;
Poste;80056;500000;2000;2026-09-28T00:00:00.000Z;2026-10-04T23:59:59.999Z;
Fulmine;80057;500000;825;2026-09-28T00:00:00.000Z;2026-10-04T23:59:59.999Z;
Poste;80057;500000;2000;2026-09-28T00:00:00.000Z;2026-10-04T23:59:59.999Z;
Fulmine;80058;500000;1100;2026-09-28T00:00:00.000Z;2026-10-04T23:59:59.999Z;
Poste;80058;500000;2000;2026-09-28T00:00:00.000Z;2026-10-04T23:59:59.999Z;
Fulmine;80059;500000;1350;2026-09-28T00:00:00.000Z;2026-10-04T23:59:59.999Z;
Poste;80059;500000;2000;2026-09-28T00:00:00.000Z;2026-10-04T23:59:59.999Z;
Poste;80060;500000;2000;2026-09-28T00:00:00.000Z;2026-10-04T23:59:59.999Z;
Fulmine;80061;500000;900;2026-09-28T00:00:00.000Z;2026-10-04T23:59:59.999Z;
Poste;80061;500000;2000;2026-09-28T00:00:00.000Z;2026-10-04T23:59:59.999Z;
Fulmine;80062;500000;825;2026-09-28T00:00:00.000Z;2026-10-04T23:59:59.999Z;
Poste;80062;500000;2000;2026-09-28T00:00:00.000Z;2026-10-04T23:59:59.999Z;
Fulmine;80063;500000;825;2026-09-28T00:00:00.000Z;2026-10-04T23:59:59.999Z;
Poste;80063;500000;2000;2026-09-28T00:00:00.000Z;2026-10-04T23:59:59.999Z;
Fulmine;80065;500000;825;2026-09-28T00:00:00.000Z;2026-10-04T23:59:59.999Z;
Poste;80065;500000;2000;2026-09-28T00:00:00.000Z;2026-10-04T23:59:59.999Z;
Poste;80066;500000;2000;2026-09-28T00:00:00.000Z;2026-10-04T23:59:59.999Z;
Fulmine;80067;500000;900;2026-09-28T00:00:00.000Z;2026-10-04T23:59:59.999Z;
Poste;80067;500000;2000;2026-09-28T00:00:00.000Z;2026-10-04T23:59:59.999Z;
Fulmine;80069;500000;900;2026-09-28T00:00:00.000Z;2026-10-04T23:59:59.999Z;
Poste;80069;500000;2000;2026-09-28T00:00:00.000Z;2026-10-04T23:59:59.999Z;
Fulmine;80070;500000;2200;2026-09-28T00:00:00.000Z;2026-10-04T23:59:59.999Z;
Poste;80070;500000;2000;2026-09-28T00:00:00.000Z;2026-10-04T23:59:59.999Z;
Poste;80071;500000;2000;2026-09-28T00:00:00.000Z;2026-10-04T23:59:59.999Z;
Poste;80072;500000;2000;2026-09-28T00:00:00.000Z;2026-10-04T23:59:59.999Z;
Poste;80073;500000;2000;2026-09-28T00:00:00.000Z;2026-10-04T23:59:59.999Z;
Poste;80074;500000;2000;2026-09-28T00:00:00.000Z;2026-10-04T23:59:59.999Z;
Poste;80075;500000;2000;2026-09-28T00:00:00.000Z;2026-10-04T23:59:59.999Z;
Poste;80076;500000;2000;2026-09-28T00:00:00.000Z;2026-10-04T23:59:59.999Z;
Poste;80077;500000;2000;2026-09-28T00:00:00.000Z;2026-10-04T23:59:59.999Z;
Fulmine;80078;500000;1100;2026-09-28T00:00:00.000Z;2026-10-04T23:59:59.999Z;
Poste;80078;500000;2000;2026-09-28T00:00:00.000Z;2026-10-04T23:59:59.999Z;
Poste;80079;500000;2000;2026-09-28T00:00:00.000Z;2026-10-04T23:59:59.999Z;
Poste;80081;500000;2000;2026-09-28T00:00:00.000Z;2026-10-04T23:59:59.999Z;
Fulmine;80121;500000;1250;2026-09-28T00:00:00.000Z;2026-10-04T23:59:59.999Z;
Poste;80121;500000;4000;2026-09-28T00:00:00.000Z;2026-10-04T23:59:59.999Z;
Fulmine;80122;500000;1250;2026-09-28T00:00:00.000Z;2026-10-04T23:59:59.999Z;
Poste;80122;500000;4000;2026-09-28T00:00:00.000Z;2026-10-04T23:59:59.999Z;
Fulmine;80123;500000;1250;2026-09-28T00:00:00.000Z;2026-10-04T23:59:59.999Z;
Poste;80123;500000;4000;2026-09-28T00:00:00.000Z;2026-10-04T23:59:59.999Z;
Fulmine;80124;500000;1350;2026-09-28T00:00:00.000Z;2026-10-04T23:59:59.999Z;
Poste;80124;500000;4000;2026-09-28T00:00:00.000Z;2026-10-04T23:59:59.999Z;
Fulmine;80125;500000;1350;2026-09-28T00:00:00.000Z;2026-10-04T23:59:59.999Z;
Poste;80125;500000;4000;2026-09-28T00:00:00.000Z;2026-10-04T23:59:59.999Z;
Fulmine;80126;500000;1750;2026-09-28T00:00:00.000Z;2026-10-04T23:59:59.999Z;
Poste;80126;500000;4000;2026-09-28T00:00:00.000Z;2026-10-04T23:59:59.999Z;
Fulmine;80127;500000;1250;2026-09-28T00:00:00.000Z;2026-10-04T23:59:59.999Z;
Poste;80127;500000;4000;2026-09-28T00:00:00.000Z;2026-10-04T23:59:59.999Z;
Fulmine;80128;500000;1250;2026-09-28T00:00:00.000Z;2026-10-04T23:59:59.999Z;
Poste;80128;500000;4000;2026-09-28T00:00:00.000Z;2026-10-04T23:59:59.999Z;
Fulmine;80129;500000;1250;2026-09-28T00:00:00.000Z;2026-10-04T23:59:59.999Z;
Poste;80129;500000;4000;2026-09-28T00:00:00.000Z;2026-10-04T23:59:59.999Z;
Fulmine;80131;500000;1350;2026-09-28T00:00:00.000Z;2026-10-04T23:59:59.999Z;
Poste;80131;500000;4000;2026-09-28T00:00:00.000Z;2026-10-04T23:59:59.999Z;
Fulmine;80132;500000;1250;2026-09-28T00:00:00.000Z;2026-10-04T23:59:59.999Z;
Poste;80132;500000;4000;2026-09-28T00:00:00.000Z;2026-10-04T23:59:59.999Z;
Fulmine;80133;500000;1250;2026-09-28T00:00:00.000Z;2026-10-04T23:59:59.999Z;
Poste;80133;500000;4000;2026-09-28T00:00:00.000Z;2026-10-04T23:59:59.999Z;
Fulmine;80134;500000;1250;2026-09-28T00:00:00.000Z;2026-10-04T23:59:59.999Z;
Poste;80134;500000;4000;2026-09-28T00:00:00.000Z;2026-10-04T23:59:59.999Z;
Fulmine;80135;500000;1250;2026-09-28T00:00:00.000Z;2026-10-04T23:59:59.999Z;
Poste;80135;500000;4000;2026-09-28T00:00:00.000Z;2026-10-04T23:59:59.999Z;
Fulmine;80136;500000;1250;2026-09-28T00:00:00.000Z;2026-10-04T23:59:59.999Z;
Poste;80136;500000;4000;2026-09-28T00:00:00.000Z;2026-10-04T23:59:59.999Z;
Fulmine;80137;500000;1350;2026-09-28T00:00:00.000Z;2026-10-04T23:59:59.999Z;
Poste;80137;500000;4000;2026-09-28T00:00:00.000Z;2026-10-04T23:59:59.999Z;
Fulmine;80138;500000;1250;2026-09-28T00:00:00.000Z;2026-10-04T23:59:59.999Z;
Poste;80138;500000;4000;2026-09-28T00:00:00.000Z;2026-10-04T23:59:59.999Z;
Fulmine;80139;500000;1350;2026-09-28T00:00:00.000Z;2026-10-04T23:59:59.999Z;
Poste;80139;500000;4000;2026-09-28T00:00:00.000Z;2026-10-04T23:59:59.999Z;
Fulmine;80141;500000;1350;2026-09-28T00:00:00.000Z;2026-10-04T23:59:59.999Z;
Poste;80141;500000;4000;2026-09-28T00:00:00.000Z;2026-10-04T23:59:59.999Z;
Fulmine;80142;500000;1350;2026-09-28T00:00:00.000Z;2026-10-04T23:59:59.999Z;
Poste;80142;500000;4000;2026-09-28T00:00:00.000Z;2026-10-04T23:59:59.999Z;
Fulmine;80143;500000;1350;2026-09-28T00:00:00.000Z;2026-10-04T23:59:59.999Z;
Poste;80143;500000;4000;2026-09-28T00:00:00.000Z;2026-10-04T23:59:59.999Z;
Fulmine;80144;500000;1750;2026-09-28T00:00:00.000Z;2026-10-04T23:59:59.999Z;
Poste;80144;500000;4000;2026-09-28T00:00:00.000Z;2026-10-04T23:59:59.999Z;
Fulmine;80145;500000;1750;2026-09-28T00:00:00.000Z;2026-10-04T23:59:59.999Z;
Poste;80145;500000;4000;2026-09-28T00:00:00.000Z;2026-10-04T23:59:59.999Z;
Fulmine;80146;500000;1350;2026-09-28T00:00:00.000Z;2026-10-04T23:59:59.999Z;
Poste;80146;500000;4000;2026-09-28T00:00:00.000Z;2026-10-04T23:59:59.999Z;
Fulmine;80147;500000;1750;2026-09-28T00:00:00.000Z;2026-10-04T23:59:59.999Z;
Poste;80147;500000;4000;2026-09-28T00:00:00.000Z;2026-10-04T23:59:59.999Z;
Fulmine;CE;500000;39855;2026-09-28T00:00:00.000Z;2026-10-04T23:59:59.999Z;AR,RS
Poste;CE;500000;18300;2026-09-28T00:00:00.000Z;2026-10-04T23:59:59.999Z;890
Fulmine;81010;500000;900;2026-09-28T00:00:00.000Z;2026-10-04T23:59:59.999Z;
Poste;81010;500000;2000;2026-09-28T00:00:00.000Z;2026-10-04T23:59:59.999Z;
Fulmine;81011;500000;700;2026-09-28T00:00:00.000Z;2026-10-04T23:59:59.999Z;
Poste;81011;500000;2000;2026-09-28T00:00:00.000Z;2026-10-04T23:59:59.999Z;
Fulmine;81012;500000;500;2026-09-28T00:00:00.000Z;2026-10-04T23:59:59.999Z;
Poste;81012;500000;2000;2026-09-28T00:00:00.000Z;2026-10-04T23:59:59.999Z;
Fulmine;81013;500000;1400;2026-09-28T00:00:00.000Z;2026-10-04T23:59:59.999Z;
Poste;81013;500000;2000;2026-09-28T00:00:00.000Z;2026-10-04T23:59:59.999Z;
Fulmine;81014;500000;990;2026-09-28T00:00:00.000Z;2026-10-04T23:59:59.999Z;
Poste;81014;500000;2000;2026-09-28T00:00:00.000Z;2026-10-04T23:59:59.999Z;
Fulmine;81016;500000;2100;2026-09-28T00:00:00.000Z;2026-10-04T23:59:59.999Z;
Poste;81016;500000;2000;2026-09-28T00:00:00.000Z;2026-10-04T23:59:59.999Z;
Fulmine;81017;500000;990;2026-09-28T00:00:00.000Z;2026-10-04T23:59:59.999Z;
Poste;81017;500000;2000;2026-09-28T00:00:00.000Z;2026-10-04T23:59:59.999Z;
Fulmine;81020;500000;1100;2026-09-28T00:00:00.000Z;2026-10-04T23:59:59.999Z;
Poste;81020;500000;2000;2026-09-28T00:00:00.000Z;2026-10-04T23:59:59.999Z;
Fulmine;81021;500000;500;2026-09-28T00:00:00.000Z;2026-10-04T23:59:59.999Z;
Poste;81021;500000;2000;2026-09-28T00:00:00.000Z;2026-10-04T23:59:59.999Z;
Fulmine;81022;500000;700;2026-09-28T00:00:00.000Z;2026-10-04T23:59:59.999Z;
Poste;81022;500000;2000;2026-09-28T00:00:00.000Z;2026-10-04T23:59:59.999Z;
Fulmine;81023;500000;700;2026-09-28T00:00:00.000Z;2026-10-04T23:59:59.999Z;
Poste;81023;500000;2000;2026-09-28T00:00:00.000Z;2026-10-04T23:59:59.999Z;
Fulmine;81024;500000;1100;2026-09-28T00:00:00.000Z;2026-10-04T23:59:59.999Z;
Poste;81024;500000;2000;2026-09-28T00:00:00.000Z;2026-10-04T23:59:59.999Z;
Fulmine;81025;500000;1100;2026-09-28T00:00:00.000Z;2026-10-04T23:59:59.999Z;
Poste;81025;500000;2000;2026-09-28T00:00:00.000Z;2026-10-04T23:59:59.999Z;
Fulmine;81027;500000;1100;2026-09-28T00:00:00.000Z;2026-10-04T23:59:59.999Z;
Poste;81027;500000;2000;2026-09-28T00:00:00.000Z;2026-10-04T23:59:59.999Z;
Fulmine;81028;500000;700;2026-09-28T00:00:00.000Z;2026-10-04T23:59:59.999Z;
Poste;81028;500000;2000;2026-09-28T00:00:00.000Z;2026-10-04T23:59:59.999Z;
Fulmine;81030;500000;1500;2026-09-28T00:00:00.000Z;2026-10-04T23:59:59.999Z;
Poste;81030;500000;2000;2026-09-28T00:00:00.000Z;2026-10-04T23:59:59.999Z;
Fulmine;81031;500000;1100;2026-09-28T00:00:00.000Z;2026-10-04T23:59:59.999Z;
Poste;81031;500000;2000;2026-09-28T00:00:00.000Z;2026-10-04T23:59:59.999Z;
Fulmine;81032;500000;500;2026-09-28T00:00:00.000Z;2026-10-04T23:59:59.999Z;
Poste;81032;500000;2000;2026-09-28T00:00:00.000Z;2026-10-04T23:59:59.999Z;
Fulmine;81033;500000;1100;2026-09-28T00:00:00.000Z;2026-10-04T23:59:59.999Z;
Poste;81033;500000;2000;2026-09-28T00:00:00.000Z;2026-10-04T23:59:59.999Z;
Fulmine;81034;500000;1100;2026-09-28T00:00:00.000Z;2026-10-04T23:59:59.999Z;
Poste;81034;500000;2000;2026-09-28T00:00:00.000Z;2026-10-04T23:59:59.999Z;
Fulmine;81035;500000;990;2026-09-28T00:00:00.000Z;2026-10-04T23:59:59.999Z;
Poste;81035;500000;2000;2026-09-28T00:00:00.000Z;2026-10-04T23:59:59.999Z;
Fulmine;81036;500000;1100;2026-09-28T00:00:00.000Z;2026-10-04T23:59:59.999Z;
Poste;81036;500000;2000;2026-09-28T00:00:00.000Z;2026-10-04T23:59:59.999Z;
Fulmine;81037;500000;1100;2026-09-28T00:00:00.000Z;2026-10-04T23:59:59.999Z;
Poste;81037;500000;2000;2026-09-28T00:00:00.000Z;2026-10-04T23:59:59.999Z;
Fulmine;81038;500000;1100;2026-09-28T00:00:00.000Z;2026-10-04T23:59:59.999Z;
Poste;81038;500000;2000;2026-09-28T00:00:00.000Z;2026-10-04T23:59:59.999Z;
Fulmine;81039;500000;1100;2026-09-28T00:00:00.000Z;2026-10-04T23:59:59.999Z;
Poste;81039;500000;2000;2026-09-28T00:00:00.000Z;2026-10-04T23:59:59.999Z;
Fulmine;81040;500000;700;2026-09-28T00:00:00.000Z;2026-10-04T23:59:59.999Z;
Poste;81040;500000;2000;2026-09-28T00:00:00.000Z;2026-10-04T23:59:59.999Z;
Fulmine;81041;500000;660;2026-09-28T00:00:00.000Z;2026-10-04T23:59:59.999Z;
Poste;81041;500000;2000;2026-09-28T00:00:00.000Z;2026-10-04T23:59:59.999Z;
Fulmine;81042;500000;990;2026-09-28T00:00:00.000Z;2026-10-04T23:59:59.999Z;
Poste;81042;500000;2000;2026-09-28T00:00:00.000Z;2026-10-04T23:59:59.999Z;
Fulmine;81043;500000;900;2026-09-28T00:00:00.000Z;2026-10-04T23:59:59.999Z;
Poste;81043;500000;2000;2026-09-28T00:00:00.000Z;2026-10-04T23:59:59.999Z;
Fulmine;81044;500000;1485;2026-09-28T00:00:00.000Z;2026-10-04T23:59:59.999Z;
Poste;81044;500000;2000;2026-09-28T00:00:00.000Z;2026-10-04T23:59:59.999Z;
Fulmine;81046;500000;500;2026-09-28T00:00:00.000Z;2026-10-04T23:59:59.999Z;
Poste;81046;500000;2000;2026-09-28T00:00:00.000Z;2026-10-04T23:59:59.999Z;
Fulmine;81047;500000;500;2026-09-28T00:00:00.000Z;2026-10-04T23:59:59.999Z;
Poste;81047;500000;2000;2026-09-28T00:00:00.000Z;2026-10-04T23:59:59.999Z;
Fulmine;81049;500000;990;2026-09-28T00:00:00.000Z;2026-10-04T23:59:59.999Z;
Poste;81049;500000;2000;2026-09-28T00:00:00.000Z;2026-10-04T23:59:59.999Z;
Fulmine;81050;500000;900;2026-09-28T00:00:00.000Z;2026-10-04T23:59:59.999Z;
Poste;81050;500000;2000;2026-09-28T00:00:00.000Z;2026-10-04T23:59:59.999Z;
Fulmine;81051;500000;660;2026-09-28T00:00:00.000Z;2026-10-04T23:59:59.999Z;
Poste;81051;500000;2000;2026-09-28T00:00:00.000Z;2026-10-04T23:59:59.999Z;
Fulmine;81052;500000;700;2026-09-28T00:00:00.000Z;2026-10-04T23:59:59.999Z;
Poste;81052;500000;2000;2026-09-28T00:00:00.000Z;2026-10-04T23:59:59.999Z;
Fulmine;81053;500000;500;2026-09-28T00:00:00.000Z;2026-10-04T23:59:59.999Z;
Poste;81053;500000;2000;2026-09-28T00:00:00.000Z;2026-10-04T23:59:59.999Z;
Fulmine;81054;500000;700;2026-09-28T00:00:00.000Z;2026-10-04T23:59:59.999Z;
Poste;81054;500000;2000;2026-09-28T00:00:00.000Z;2026-10-04T23:59:59.999Z;
Fulmine;81055;500000;1100;2026-09-28T00:00:00.000Z;2026-10-04T23:59:59.999Z;
Poste;81055;500000;2000;2026-09-28T00:00:00.000Z;2026-10-04T23:59:59.999Z;
Fulmine;81056;500000;500;2026-09-28T00:00:00.000Z;2026-10-04T23:59:59.999Z;
Poste;81056;500000;2000;2026-09-28T00:00:00.000Z;2026-10-04T23:59:59.999Z;
Fulmine;81057;500000;700;2026-09-28T00:00:00.000Z;2026-10-04T23:59:59.999Z;
Poste;81057;500000;2000;2026-09-28T00:00:00.000Z;2026-10-04T23:59:59.999Z;
Fulmine;81058;500000;500;2026-09-28T00:00:00.000Z;2026-10-04T23:59:59.999Z;
Poste;81058;500000;2000;2026-09-28T00:00:00.000Z;2026-10-04T23:59:59.999Z;
Fulmine;81059;500000;500;2026-09-28T00:00:00.000Z;2026-10-04T23:59:59.999Z;
Poste;81059;500000;2000;2026-09-28T00:00:00.000Z;2026-10-04T23:59:59.999Z;
Fulmine;81100;500000;1100;2026-09-28T00:00:00.000Z;2026-10-04T23:59:59.999Z;
Poste;81100;500000;3000;2026-09-28T00:00:00.000Z;2026-10-04T23:59:59.999Z;
Fulmine;BN;500000;19870;2026-09-28T00:00:00.000Z;2026-10-04T23:59:59.999Z;AR,RS
Poste;BN;500000;6100;2026-09-28T00:00:00.000Z;2026-10-04T23:59:59.999Z;890,AR,RS
Fulmine;82010;500000;900;2026-09-28T00:00:00.000Z;2026-10-04T23:59:59.999Z;
Poste;82010;500000;2000;2026-09-28T00:00:00.000Z;2026-10-04T23:59:59.999Z;
Fulmine;82011;500000;1980;2026-09-28T00:00:00.000Z;2026-10-04T23:59:59.999Z;
Poste;82011;500000;2000;2026-09-28T00:00:00.000Z;2026-10-04T23:59:59.999Z;
Poste;82013;500000;2000;2026-09-28T00:00:00.000Z;2026-10-04T23:59:59.999Z;
Fulmine;82014;500000;500;2026-09-28T00:00:00.000Z;2026-10-04T23:59:59.999Z;
Poste;82014;500000;2000;2026-09-28T00:00:00.000Z;2026-10-04T23:59:59.999Z;
Fulmine;82015;500000;500;2026-09-28T00:00:00.000Z;2026-10-04T23:59:59.999Z;
Poste;82015;500000;2000;2026-09-28T00:00:00.000Z;2026-10-04T23:59:59.999Z;
Fulmine;82016;500000;900;2026-09-28T00:00:00.000Z;2026-10-04T23:59:59.999Z;
Poste;82016;500000;2000;2026-09-28T00:00:00.000Z;2026-10-04T23:59:59.999Z;
Fulmine;82017;500000;500;2026-09-28T00:00:00.000Z;2026-10-04T23:59:59.999Z;
Poste;82017;500000;2000;2026-09-28T00:00:00.000Z;2026-10-04T23:59:59.999Z;
Fulmine;82018;500000;1485;2026-09-28T00:00:00.000Z;2026-10-04T23:59:59.999Z;
Poste;82018;500000;2000;2026-09-28T00:00:00.000Z;2026-10-04T23:59:59.999Z;
Fulmine;82019;500000;700;2026-09-28T00:00:00.000Z;2026-10-04T23:59:59.999Z;
Poste;82019;500000;2000;2026-09-28T00:00:00.000Z;2026-10-04T23:59:59.999Z;
Poste;82020;500000;2000;2026-09-28T00:00:00.000Z;2026-10-04T23:59:59.999Z;
Fulmine;82021;500000;990;2026-09-28T00:00:00.000Z;2026-10-04T23:59:59.999Z;
Poste;82021;500000;2000;2026-09-28T00:00:00.000Z;2026-10-04T23:59:59.999Z;
Poste;82022;500000;2000;2026-09-28T00:00:00.000Z;2026-10-04T23:59:59.999Z;
Poste;82023;500000;2000;2026-09-28T00:00:00.000Z;2026-10-04T23:59:59.999Z;
Fulmine;82024;500000;500;2026-09-28T00:00:00.000Z;2026-10-04T23:59:59.999Z;
Poste;82024;500000;2000;2026-09-28T00:00:00.000Z;2026-10-04T23:59:59.999Z;
Poste;82025;500000;2000;2026-09-28T00:00:00.000Z;2026-10-04T23:59:59.999Z;
Fulmine;82026;500000;1400;2026-09-28T00:00:00.000Z;2026-10-04T23:59:59.999Z;
Poste;82026;500000;2000;2026-09-28T00:00:00.000Z;2026-10-04T23:59:59.999Z;
Fulmine;82027;500000;990;2026-09-28T00:00:00.000Z;2026-10-04T23:59:59.999Z;
Poste;82027;500000;2000;2026-09-28T00:00:00.000Z;2026-10-04T23:59:59.999Z;
Fulmine;82028;500000;500;2026-09-28T00:00:00.000Z;2026-10-04T23:59:59.999Z;
Poste;82028;500000;2000;2026-09-28T00:00:00.000Z;2026-10-04T23:59:59.999Z;
Fulmine;82029;500000;500;2026-09-28T00:00:00.000Z;2026-10-04T23:59:59.999Z;
Poste;82029;500000;2000;2026-09-28T00:00:00.000Z;2026-10-04T23:59:59.999Z;
Fulmine;82030;500000;1100;2026-09-28T00:00:00.000Z;2026-10-04T23:59:59.999Z;
Poste;82030;500000;2000;2026-09-28T00:00:00.000Z;2026-10-04T23:59:59.999Z;
Fulmine;82031;500000;500;2026-09-28T00:00:00.000Z;2026-10-04T23:59:59.999Z;
Poste;82031;500000;2000;2026-09-28T00:00:00.000Z;2026-10-04T23:59:59.999Z;
Fulmine;82032;500000;700;2026-09-28T00:00:00.000Z;2026-10-04T23:59:59.999Z;
Poste;82032;500000;2000;2026-09-28T00:00:00.000Z;2026-10-04T23:59:59.999Z;
Fulmine;82033;500000;500;2026-09-28T00:00:00.000Z;2026-10-04T23:59:59.999Z;
Poste;82033;500000;2000;2026-09-28T00:00:00.000Z;2026-10-04T23:59:59.999Z;
Fulmine;82034;500000;1485;2026-09-28T00:00:00.000Z;2026-10-04T23:59:59.999Z;
Poste;82034;500000;2000;2026-09-28T00:00:00.000Z;2026-10-04T23:59:59.999Z;
Fulmine;82036;500000;500;2026-09-28T00:00:00.000Z;2026-10-04T23:59:59.999Z;
Poste;82036;500000;2000;2026-09-28T00:00:00.000Z;2026-10-04T23:59:59.999Z;
Fulmine;82037;500000;990;2026-09-28T00:00:00.000Z;2026-10-04T23:59:59.999Z;
Poste;82037;500000;2000;2026-09-28T00:00:00.000Z;2026-10-04T23:59:59.999Z;
Fulmine;82038;500000;500;2026-09-28T00:00:00.000Z;2026-10-04T23:59:59.999Z;
Poste;82038;500000;2000;2026-09-28T00:00:00.000Z;2026-10-04T23:59:59.999Z;
Fulmine;82100;500000;1250;2026-09-28T00:00:00.000Z;2026-10-04T23:59:59.999Z;
Poste;82100;500000;3000;2026-09-28T00:00:00.000Z;2026-10-04T23:59:59.999Z;
Poste;AV;500000;8400;2026-09-28T00:00:00.000Z;2026-10-04T23:59:59.999Z;890,AR,RS
Fulmine;AV;500000;21100;2026-09-28T00:00:00.000Z;2026-10-04T23:59:59.999Z;AR,RS
Poste;83010;500000;2000;2026-09-28T00:00:00.000Z;2026-10-04T23:59:59.999Z;
Fulmine;83011;500000;500;2026-09-28T00:00:00.000Z;2026-10-04T23:59:59.999Z;
Poste;83011;500000;2000;2026-09-28T00:00:00.000Z;2026-10-04T23:59:59.999Z;
Fulmine;83012;500000;700;2026-09-28T00:00:00.000Z;2026-10-04T23:59:59.999Z;
Poste;83012;500000;2000;2026-09-28T00:00:00.000Z;2026-10-04T23:59:59.999Z;
Fulmine;83013;500000;500;2026-09-28T00:00:00.000Z;2026-10-04T23:59:59.999Z;
Poste;83013;500000;2000;2026-09-28T00:00:00.000Z;2026-10-04T23:59:59.999Z;
Fulmine;83014;500000;500;2026-09-28T00:00:00.000Z;2026-10-04T23:59:59.999Z;
Poste;83014;500000;2000;2026-09-28T00:00:00.000Z;2026-10-04T23:59:59.999Z;
Fulmine;83015;500000;500;2026-09-28T00:00:00.000Z;2026-10-04T23:59:59.999Z;
Poste;83015;500000;2000;2026-09-28T00:00:00.000Z;2026-10-04T23:59:59.999Z;
Fulmine;83016;500000;500;2026-09-28T00:00:00.000Z;2026-10-04T23:59:59.999Z;
Poste;83016;500000;2000;2026-09-28T00:00:00.000Z;2026-10-04T23:59:59.999Z;
Fulmine;83017;500000;500;2026-09-28T00:00:00.000Z;2026-10-04T23:59:59.999Z;
Poste;83017;500000;2000;2026-09-28T00:00:00.000Z;2026-10-04T23:59:59.999Z;
Fulmine;83018;500000;500;2026-09-28T00:00:00.000Z;2026-10-04T23:59:59.999Z;
Poste;83018;500000;2000;2026-09-28T00:00:00.000Z;2026-10-04T23:59:59.999Z;
Poste;83020;500000;2000;2026-09-28T00:00:00.000Z;2026-10-04T23:59:59.999Z;
Fulmine;83021;500000;500;2026-09-28T00:00:00.000Z;2026-10-04T23:59:59.999Z;
Poste;83021;500000;2000;2026-09-28T00:00:00.000Z;2026-10-04T23:59:59.999Z;
Fulmine;83022;500000;500;2026-09-28T00:00:00.000Z;2026-10-04T23:59:59.999Z;
Poste;83022;500000;2000;2026-09-28T00:00:00.000Z;2026-10-04T23:59:59.999Z;
Fulmine;83023;500000;500;2026-09-28T00:00:00.000Z;2026-10-04T23:59:59.999Z;
Poste;83023;500000;2000;2026-09-28T00:00:00.000Z;2026-10-04T23:59:59.999Z;
Fulmine;83024;500000;500;2026-09-28T00:00:00.000Z;2026-10-04T23:59:59.999Z;
Poste;83024;500000;2000;2026-09-28T00:00:00.000Z;2026-10-04T23:59:59.999Z;
Fulmine;83025;500000;900;2026-09-28T00:00:00.000Z;2026-10-04T23:59:59.999Z;
Poste;83025;500000;2000;2026-09-28T00:00:00.000Z;2026-10-04T23:59:59.999Z;
Fulmine;83027;500000;500;2026-09-28T00:00:00.000Z;2026-10-04T23:59:59.999Z;
Poste;83027;500000;2000;2026-09-28T00:00:00.000Z;2026-10-04T23:59:59.999Z;
Fulmine;83028;500000;500;2026-09-28T00:00:00.000Z;2026-10-04T23:59:59.999Z;
Poste;83028;500000;2000;2026-09-28T00:00:00.000Z;2026-10-04T23:59:59.999Z;
Fulmine;83029;500000;500;2026-09-28T00:00:00.000Z;2026-10-04T23:59:59.999Z;
Poste;83029;500000;2000;2026-09-28T00:00:00.000Z;2026-10-04T23:59:59.999Z;
Poste;83030;500000;2000;2026-09-28T00:00:00.000Z;2026-10-04T23:59:59.999Z;
Fulmine;83031;500000;900;2026-09-28T00:00:00.000Z;2026-10-04T23:59:59.999Z;
Poste;83031;500000;2000;2026-09-28T00:00:00.000Z;2026-10-04T23:59:59.999Z;
Fulmine;83032;500000;500;2026-09-28T00:00:00.000Z;2026-10-04T23:59:59.999Z;
Poste;83032;500000;2000;2026-09-28T00:00:00.000Z;2026-10-04T23:59:59.999Z;
Fulmine;83034;500000;500;2026-09-28T00:00:00.000Z;2026-10-04T23:59:59.999Z;
Poste;83034;500000;2000;2026-09-28T00:00:00.000Z;2026-10-04T23:59:59.999Z;
Fulmine;83035;500000;500;2026-09-28T00:00:00.000Z;2026-10-04T23:59:59.999Z;
Poste;83035;500000;2000;2026-09-28T00:00:00.000Z;2026-10-04T23:59:59.999Z;
Fulmine;83036;500000;500;2026-09-28T00:00:00.000Z;2026-10-04T23:59:59.999Z;
Poste;83036;500000;2000;2026-09-28T00:00:00.000Z;2026-10-04T23:59:59.999Z;
Fulmine;83037;500000;500;2026-09-28T00:00:00.000Z;2026-10-04T23:59:59.999Z;
Poste;83037;500000;2000;2026-09-28T00:00:00.000Z;2026-10-04T23:59:59.999Z;
Fulmine;83038;500000;500;2026-09-28T00:00:00.000Z;2026-10-04T23:59:59.999Z;
Poste;83038;500000;2000;2026-09-28T00:00:00.000Z;2026-10-04T23:59:59.999Z;
Fulmine;83039;500000;500;2026-09-28T00:00:00.000Z;2026-10-04T23:59:59.999Z;
Poste;83039;500000;2000;2026-09-28T00:00:00.000Z;2026-10-04T23:59:59.999Z;
Poste;83040;500000;2000;2026-09-28T00:00:00.000Z;2026-10-04T23:59:59.999Z;
Fulmine;83041;500000;500;2026-09-28T00:00:00.000Z;2026-10-04T23:59:59.999Z;
Poste;83041;500000;2000;2026-09-28T00:00:00.000Z;2026-10-04T23:59:59.999Z;
Fulmine;83042;500000;500;2026-09-28T00:00:00.000Z;2026-10-04T23:59:59.999Z;
Poste;83042;500000;2000;2026-09-28T00:00:00.000Z;2026-10-04T23:59:59.999Z;
Fulmine;83043;500000;500;2026-09-28T00:00:00.000Z;2026-10-04T23:59:59.999Z;
Poste;83043;500000;2000;2026-09-28T00:00:00.000Z;2026-10-04T23:59:59.999Z;
Fulmine;83044;500000;500;2026-09-28T00:00:00.000Z;2026-10-04T23:59:59.999Z;
Poste;83044;500000;2000;2026-09-28T00:00:00.000Z;2026-10-04T23:59:59.999Z;
Fulmine;83045;500000;500;2026-09-28T00:00:00.000Z;2026-10-04T23:59:59.999Z;
Poste;83045;500000;2000;2026-09-28T00:00:00.000Z;2026-10-04T23:59:59.999Z;
Fulmine;83046;500000;500;2026-09-28T00:00:00.000Z;2026-10-04T23:59:59.999Z;
Poste;83046;500000;2000;2026-09-28T00:00:00.000Z;2026-10-04T23:59:59.999Z;
Fulmine;83047;500000;500;2026-09-28T00:00:00.000Z;2026-10-04T23:59:59.999Z;
Poste;83047;500000;2000;2026-09-28T00:00:00.000Z;2026-10-04T23:59:59.999Z;
Fulmine;83048;500000;500;2026-09-28T00:00:00.000Z;2026-10-04T23:59:59.999Z;
Poste;83048;500000;2000;2026-09-28T00:00:00.000Z;2026-10-04T23:59:59.999Z;
Poste;83049;500000;2000;2026-09-28T00:00:00.000Z;2026-10-04T23:59:59.999Z;
Poste;83050;500000;2000;2026-09-28T00:00:00.000Z;2026-10-04T23:59:59.999Z;
Fulmine;83051;500000;500;2026-09-28T00:00:00.000Z;2026-10-04T23:59:59.999Z;
Poste;83051;500000;2000;2026-09-28T00:00:00.000Z;2026-10-04T23:59:59.999Z;
Fulmine;83052;500000;500;2026-09-28T00:00:00.000Z;2026-10-04T23:59:59.999Z;
Poste;83052;500000;2000;2026-09-28T00:00:00.000Z;2026-10-04T23:59:59.999Z;
Poste;83053;500000;2000;2026-09-28T00:00:00.000Z;2026-10-04T23:59:59.999Z;
Fulmine;83054;500000;500;2026-09-28T00:00:00.000Z;2026-10-04T23:59:59.999Z;
Poste;83054;500000;2000;2026-09-28T00:00:00.000Z;2026-10-04T23:59:59.999Z;
Fulmine;83055;500000;500;2026-09-28T00:00:00.000Z;2026-10-04T23:59:59.999Z;
Poste;83055;500000;2000;2026-09-28T00:00:00.000Z;2026-10-04T23:59:59.999Z;
Poste;83056;500000;2000;2026-09-28T00:00:00.000Z;2026-10-04T23:59:59.999Z;
Fulmine;83057;500000;500;2026-09-28T00:00:00.000Z;2026-10-04T23:59:59.999Z;
Poste;83057;500000;2000;2026-09-28T00:00:00.000Z;2026-10-04T23:59:59.999Z;
Poste;83058;500000;2000;2026-09-28T00:00:00.000Z;2026-10-04T23:59:59.999Z;
Fulmine;83059;500000;500;2026-09-28T00:00:00.000Z;2026-10-04T23:59:59.999Z;
Poste;83059;500000;2000;2026-09-28T00:00:00.000Z;2026-10-04T23:59:59.999Z;
Fulmine;83100;500000;1100;2026-09-28T00:00:00.000Z;2026-10-04T23:59:59.999Z;
Poste;83100;500000;3000;2026-09-28T00:00:00.000Z;2026-10-04T23:59:59.999Z;
Poste;SA;500000;26400;2026-09-28T00:00:00.000Z;2026-10-04T23:59:59.999Z;890,AR,RS
Fulmine;SA;500000;60365;2026-09-28T00:00:00.000Z;2026-10-04T23:59:59.999Z;AR,RS
Fulmine;84010;500000;1750;2026-09-28T00:00:00.000Z;2026-10-04T23:59:59.999Z;
Poste;84010;500000;2000;2026-09-28T00:00:00.000Z;2026-10-04T23:59:59.999Z;
Fulmine;84011;500000;500;2026-09-28T00:00:00.000Z;2026-10-04T23:59:59.999Z;
Poste;84011;500000;2000;2026-09-28T00:00:00.000Z;2026-10-04T23:59:59.999Z;
Fulmine;84012;500000;1100;2026-09-28T00:00:00.000Z;2026-10-04T23:59:59.999Z;
Poste;84012;500000;2000;2026-09-28T00:00:00.000Z;2026-10-04T23:59:59.999Z;
Fulmine;84013;500000;1100;2026-09-28T00:00:00.000Z;2026-10-04T23:59:59.999Z;
Poste;84013;500000;2000;2026-09-28T00:00:00.000Z;2026-10-04T23:59:59.999Z;
Fulmine;84014;500000;1100;2026-09-28T00:00:00.000Z;2026-10-04T23:59:59.999Z;
Poste;84014;500000;2000;2026-09-28T00:00:00.000Z;2026-10-04T23:59:59.999Z;
Fulmine;84015;500000;1100;2026-09-28T00:00:00.000Z;2026-10-04T23:59:59.999Z;
Poste;84015;500000;2000;2026-09-28T00:00:00.000Z;2026-10-04T23:59:59.999Z;
Fulmine;84016;500000;1100;2026-09-28T00:00:00.000Z;2026-10-04T23:59:59.999Z;
Poste;84016;500000;2000;2026-09-28T00:00:00.000Z;2026-10-04T23:59:59.999Z;
Fulmine;84017;500000;500;2026-09-28T00:00:00.000Z;2026-10-04T23:59:59.999Z;
Poste;84017;500000;2000;2026-09-28T00:00:00.000Z;2026-10-04T23:59:59.999Z;
Fulmine;84018;500000;1100;2026-09-28T00:00:00.000Z;2026-10-04T23:59:59.999Z;
Poste;84018;500000;2000;2026-09-28T00:00:00.000Z;2026-10-04T23:59:59.999Z;
Fulmine;84019;500000;700;2026-09-28T00:00:00.000Z;2026-10-04T23:59:59.999Z;
Poste;84019;500000;2000;2026-09-28T00:00:00.000Z;2026-10-04T23:59:59.999Z;
Poste;84020;500000;2000;2026-09-28T00:00:00.000Z;2026-10-04T23:59:59.999Z;
Fulmine;84021;500000;500;2026-09-28T00:00:00.000Z;2026-10-04T23:59:59.999Z;
Poste;84021;500000;2000;2026-09-28T00:00:00.000Z;2026-10-04T23:59:59.999Z;
Poste;84022;500000;2000;2026-09-28T00:00:00.000Z;2026-10-04T23:59:59.999Z;
Poste;84023;500000;2000;2026-09-28T00:00:00.000Z;2026-10-04T23:59:59.999Z;
Fulmine;84024;500000;500;2026-09-28T00:00:00.000Z;2026-10-04T23:59:59.999Z;
Poste;84024;500000;2000;2026-09-28T00:00:00.000Z;2026-10-04T23:59:59.999Z;
Fulmine;84025;500000;900;2026-09-28T00:00:00.000Z;2026-10-04T23:59:59.999Z;
Poste;84025;500000;2000;2026-09-28T00:00:00.000Z;2026-10-04T23:59:59.999Z;
Fulmine;84026;500000;500;2026-09-28T00:00:00.000Z;2026-10-04T23:59:59.999Z;
Poste;84026;500000;2000;2026-09-28T00:00:00.000Z;2026-10-04T23:59:59.999Z;
Poste;84027;500000;2000;2026-09-28T00:00:00.000Z;2026-10-04T23:59:59.999Z;
Fulmine;84028;500000;500;2026-09-28T00:00:00.000Z;2026-10-04T23:59:59.999Z;
Poste;84028;500000;2000;2026-09-28T00:00:00.000Z;2026-10-04T23:59:59.999Z;
Fulmine;84029;500000;500;2026-09-28T00:00:00.000Z;2026-10-04T23:59:59.999Z;
Poste;84029;500000;2000;2026-09-28T00:00:00.000Z;2026-10-04T23:59:59.999Z;
Fulmine;84030;500000;700;2026-09-28T00:00:00.000Z;2026-10-04T23:59:59.999Z;
Poste;84030;500000;2000;2026-09-28T00:00:00.000Z;2026-10-04T23:59:59.999Z;
Fulmine;84031;500000;500;2026-09-28T00:00:00.000Z;2026-10-04T23:59:59.999Z;
Poste;84031;500000;2000;2026-09-28T00:00:00.000Z;2026-10-04T23:59:59.999Z;
Fulmine;84032;500000;500;2026-09-28T00:00:00.000Z;2026-10-04T23:59:59.999Z;
Poste;84032;500000;2000;2026-09-28T00:00:00.000Z;2026-10-04T23:59:59.999Z;
Fulmine;84033;500000;500;2026-09-28T00:00:00.000Z;2026-10-04T23:59:59.999Z;
Poste;84033;500000;2000;2026-09-28T00:00:00.000Z;2026-10-04T23:59:59.999Z;
Fulmine;84034;500000;500;2026-09-28T00:00:00.000Z;2026-10-04T23:59:59.999Z;
Poste;84034;500000;2000;2026-09-28T00:00:00.000Z;2026-10-04T23:59:59.999Z;
Fulmine;84035;500000;500;2026-09-28T00:00:00.000Z;2026-10-04T23:59:59.999Z;
Poste;84035;500000;2000;2026-09-28T00:00:00.000Z;2026-10-04T23:59:59.999Z;
Fulmine;84036;500000;500;2026-09-28T00:00:00.000Z;2026-10-04T23:59:59.999Z;
Poste;84036;500000;2000;2026-09-28T00:00:00.000Z;2026-10-04T23:59:59.999Z;
Fulmine;84037;500000;500;2026-09-28T00:00:00.000Z;2026-10-04T23:59:59.999Z;
Poste;84037;500000;2000;2026-09-28T00:00:00.000Z;2026-10-04T23:59:59.999Z;
Fulmine;84038;500000;500;2026-09-28T00:00:00.000Z;2026-10-04T23:59:59.999Z;
Poste;84038;500000;2000;2026-09-28T00:00:00.000Z;2026-10-04T23:59:59.999Z;
Fulmine;84039;500000;700;2026-09-28T00:00:00.000Z;2026-10-04T23:59:59.999Z;
Poste;84039;500000;2000;2026-09-28T00:00:00.000Z;2026-10-04T23:59:59.999Z;
Fulmine;84040;500000;700;2026-09-28T00:00:00.000Z;2026-10-04T23:59:59.999Z;
Poste;84040;500000;2000;2026-09-28T00:00:00.000Z;2026-10-04T23:59:59.999Z;
Fulmine;84042;500000;700;2026-09-28T00:00:00.000Z;2026-10-04T23:59:59.999Z;
Poste;84042;500000;2000;2026-09-28T00:00:00.000Z;2026-10-04T23:59:59.999Z;
Fulmine;84043;500000;900;2026-09-28T00:00:00.000Z;2026-10-04T23:59:59.999Z;
Poste;84043;500000;2000;2026-09-28T00:00:00.000Z;2026-10-04T23:59:59.999Z;
Fulmine;84044;500000;500;2026-09-28T00:00:00.000Z;2026-10-04T23:59:59.999Z;
Poste;84044;500000;2000;2026-09-28T00:00:00.000Z;2026-10-04T23:59:59.999Z;
Fulmine;84045;500000;500;2026-09-28T00:00:00.000Z;2026-10-04T23:59:59.999Z;
Poste;84045;500000;2000;2026-09-28T00:00:00.000Z;2026-10-04T23:59:59.999Z;
Fulmine;84046;500000;500;2026-09-28T00:00:00.000Z;2026-10-04T23:59:59.999Z;
Poste;84046;500000;2000;2026-09-28T00:00:00.000Z;2026-10-04T23:59:59.999Z;
Fulmine;84047;500000;900;2026-09-28T00:00:00.000Z;2026-10-04T23:59:59.999Z;
Poste;84047;500000;2000;2026-09-28T00:00:00.000Z;2026-10-04T23:59:59.999Z;
Fulmine;84048;500000;500;2026-09-28T00:00:00.000Z;2026-10-04T23:59:59.999Z;
Poste;84048;500000;2000;2026-09-28T00:00:00.000Z;2026-10-04T23:59:59.999Z;
Fulmine;84049;500000;500;2026-09-28T00:00:00.000Z;2026-10-04T23:59:59.999Z;
Poste;84049;500000;2000;2026-09-28T00:00:00.000Z;2026-10-04T23:59:59.999Z;
Fulmine;84050;500000;990;2026-09-28T00:00:00.000Z;2026-10-04T23:59:59.999Z;
Poste;84050;500000;2000;2026-09-28T00:00:00.000Z;2026-10-04T23:59:59.999Z;
Fulmine;84051;500000;500;2026-09-28T00:00:00.000Z;2026-10-04T23:59:59.999Z;
Poste;84051;500000;2000;2026-09-28T00:00:00.000Z;2026-10-04T23:59:59.999Z;
Fulmine;84052;500000;500;2026-09-28T00:00:00.000Z;2026-10-04T23:59:59.999Z;
Poste;84052;500000;2000;2026-09-28T00:00:00.000Z;2026-10-04T23:59:59.999Z;
Fulmine;84053;500000;500;2026-09-28T00:00:00.000Z;2026-10-04T23:59:59.999Z;
Poste;84053;500000;2000;2026-09-28T00:00:00.000Z;2026-10-04T23:59:59.999Z;
Poste;84055;500000;2000;2026-09-28T00:00:00.000Z;2026-10-04T23:59:59.999Z;
Fulmine;84056;500000;500;2026-09-28T00:00:00.000Z;2026-10-04T23:59:59.999Z;
Poste;84056;500000;2000;2026-09-28T00:00:00.000Z;2026-10-04T23:59:59.999Z;
Poste;84057;500000;2000;2026-09-28T00:00:00.000Z;2026-10-04T23:59:59.999Z;
Fulmine;84059;500000;500;2026-09-28T00:00:00.000Z;2026-10-04T23:59:59.999Z;
Poste;84059;500000;2000;2026-09-28T00:00:00.000Z;2026-10-04T23:59:59.999Z;
Fulmine;84060;500000;700;2026-09-28T00:00:00.000Z;2026-10-04T23:59:59.999Z;
Poste;84060;500000;2000;2026-09-28T00:00:00.000Z;2026-10-04T23:59:59.999Z;
Fulmine;84061;500000;500;2026-09-28T00:00:00.000Z;2026-10-04T23:59:59.999Z;
Poste;84061;500000;2000;2026-09-28T00:00:00.000Z;2026-10-04T23:59:59.999Z;
Fulmine;84062;500000;700;2026-09-28T00:00:00.000Z;2026-10-04T23:59:59.999Z;
Poste;84062;500000;2000;2026-09-28T00:00:00.000Z;2026-10-04T23:59:59.999Z;
Poste;84065;500000;2000;2026-09-28T00:00:00.000Z;2026-10-04T23:59:59.999Z;
Fulmine;84066;500000;500;2026-09-28T00:00:00.000Z;2026-10-04T23:59:59.999Z;
Poste;84066;500000;2000;2026-09-28T00:00:00.000Z;2026-10-04T23:59:59.999Z;
Fulmine;84067;500000;500;2026-09-28T00:00:00.000Z;2026-10-04T23:59:59.999Z;
Poste;84067;500000;2000;2026-09-28T00:00:00.000Z;2026-10-04T23:59:59.999Z;
Fulmine;84068;500000;500;2026-09-28T00:00:00.000Z;2026-10-04T23:59:59.999Z;
Poste;84068;500000;2000;2026-09-28T00:00:00.000Z;2026-10-04T23:59:59.999Z;
Fulmine;84069;500000;500;2026-09-28T00:00:00.000Z;2026-10-04T23:59:59.999Z;
Poste;84069;500000;2000;2026-09-28T00:00:00.000Z;2026-10-04T23:59:59.999Z;
Fulmine;84070;500000;700;2026-09-28T00:00:00.000Z;2026-10-04T23:59:59.999Z;
Poste;84070;500000;2000;2026-09-28T00:00:00.000Z;2026-10-04T23:59:59.999Z;
Fulmine;84073;500000;700;2026-09-28T00:00:00.000Z;2026-10-04T23:59:59.999Z;
Poste;84073;500000;2000;2026-09-28T00:00:00.000Z;2026-10-04T23:59:59.999Z;
Fulmine;84074;500000;500;2026-09-28T00:00:00.000Z;2026-10-04T23:59:59.999Z;
Poste;84074;500000;2000;2026-09-28T00:00:00.000Z;2026-10-04T23:59:59.999Z;
Fulmine;84075;500000;500;2026-09-28T00:00:00.000Z;2026-10-04T23:59:59.999Z;
Poste;84075;500000;2000;2026-09-28T00:00:00.000Z;2026-10-04T23:59:59.999Z;
Fulmine;84076;500000;500;2026-09-28T00:00:00.000Z;2026-10-04T23:59:59.999Z;
Poste;84076;500000;2000;2026-09-28T00:00:00.000Z;2026-10-04T23:59:59.999Z;
Fulmine;84077;500000;500;2026-09-28T00:00:00.000Z;2026-10-04T23:59:59.999Z;
Poste;84077;500000;2000;2026-09-28T00:00:00.000Z;2026-10-04T23:59:59.999Z;
Fulmine;84078;500000;500;2026-09-28T00:00:00.000Z;2026-10-04T23:59:59.999Z;
Poste;84078;500000;2000;2026-09-28T00:00:00.000Z;2026-10-04T23:59:59.999Z;
Fulmine;84079;500000;500;2026-09-28T00:00:00.000Z;2026-10-04T23:59:59.999Z;
Poste;84079;500000;2000;2026-09-28T00:00:00.000Z;2026-10-04T23:59:59.999Z;
Fulmine;84080;500000;500;2026-09-28T00:00:00.000Z;2026-10-04T23:59:59.999Z;
Poste;84080;500000;2000;2026-09-28T00:00:00.000Z;2026-10-04T23:59:59.999Z;
Fulmine;84081;500000;500;2026-09-28T00:00:00.000Z;2026-10-04T23:59:59.999Z;
Poste;84081;500000;2000;2026-09-28T00:00:00.000Z;2026-10-04T23:59:59.999Z;
Fulmine;84082;500000;500;2026-09-28T00:00:00.000Z;2026-10-04T23:59:59.999Z;
Poste;84082;500000;2000;2026-09-28T00:00:00.000Z;2026-10-04T23:59:59.999Z;
Fulmine;84083;500000;1100;2026-09-28T00:00:00.000Z;2026-10-04T23:59:59.999Z;
Poste;84083;500000;2000;2026-09-28T00:00:00.000Z;2026-10-04T23:59:59.999Z;
Fulmine;84084;500000;700;2026-09-28T00:00:00.000Z;2026-10-04T23:59:59.999Z;
Poste;84084;500000;2000;2026-09-28T00:00:00.000Z;2026-10-04T23:59:59.999Z;
Fulmine;84085;500000;1100;2026-09-28T00:00:00.000Z;2026-10-04T23:59:59.999Z;
Poste;84085;500000;2000;2026-09-28T00:00:00.000Z;2026-10-04T23:59:59.999Z;
Fulmine;84086;500000;900;2026-09-28T00:00:00.000Z;2026-10-04T23:59:59.999Z;
Poste;84086;500000;2000;2026-09-28T00:00:00.000Z;2026-10-04T23:59:59.999Z;
Fulmine;84087;500000;1100;2026-09-28T00:00:00.000Z;2026-10-04T23:59:59.999Z;
Poste;84087;500000;2000;2026-09-28T00:00:00.000Z;2026-10-04T23:59:59.999Z;
Fulmine;84088;500000;700;2026-09-28T00:00:00.000Z;2026-10-04T23:59:59.999Z;
Poste;84088;500000;2000;2026-09-28T00:00:00.000Z;2026-10-04T23:59:59.999Z;
Fulmine;84090;500000;900;2026-09-28T00:00:00.000Z;2026-10-04T23:59:59.999Z;
Poste;84090;500000;2000;2026-09-28T00:00:00.000Z;2026-10-04T23:59:59.999Z;
Fulmine;84091;500000;1100;2026-09-28T00:00:00.000Z;2026-10-04T23:59:59.999Z;
Poste;84091;500000;2000;2026-09-28T00:00:00.000Z;2026-10-04T23:59:59.999Z;
Fulmine;84092;500000;700;2026-09-28T00:00:00.000Z;2026-10-04T23:59:59.999Z;
Poste;84092;500000;2000;2026-09-28T00:00:00.000Z;2026-10-04T23:59:59.999Z;
Fulmine;84095;500000;500;2026-09-28T00:00:00.000Z;2026-10-04T23:59:59.999Z;
Poste;84095;500000;2000;2026-09-28T00:00:00.000Z;2026-10-04T23:59:59.999Z;
Fulmine;84096;500000;900;2026-09-28T00:00:00.000Z;2026-10-04T23:59:59.999Z;
Poste;84096;500000;2000;2026-09-28T00:00:00.000Z;2026-10-04T23:59:59.999Z;
Fulmine;84098;500000;900;2026-09-28T00:00:00.000Z;2026-10-04T23:59:59.999Z;
Poste;84098;500000;2000;2026-09-28T00:00:00.000Z;2026-10-04T23:59:59.999Z;
Fulmine;84099;500000;500;2026-09-28T00:00:00.000Z;2026-10-04T23:59:59.999Z;
Poste;84099;500000;2000;2026-09-28T00:00:00.000Z;2026-10-04T23:59:59.999Z;
Fulmine;84121;500000;825;2026-09-28T00:00:00.000Z;2026-10-04T23:59:59.999Z;
Poste;84121;500000;3000;2026-09-28T00:00:00.000Z;2026-10-04T23:59:59.999Z;
Fulmine;84122;500000;825;2026-09-28T00:00:00.000Z;2026-10-04T23:59:59.999Z;
Poste;84122;500000;3000;2026-09-28T00:00:00.000Z;2026-10-04T23:59:59.999Z;
Fulmine;84123;500000;825;2026-09-28T00:00:00.000Z;2026-10-04T23:59:59.999Z;
Poste;84123;500000;3000;2026-09-28T00:00:00.000Z;2026-10-04T23:59:59.999Z;
Fulmine;84124;500000;825;2026-09-28T00:00:00.000Z;2026-10-04T23:59:59.999Z;
Poste;84124;500000;3000;2026-09-28T00:00:00.000Z;2026-10-04T23:59:59.999Z;
Fulmine;84125;500000;825;2026-09-28T00:00:00.000Z;2026-10-04T23:59:59.999Z;
Poste;84125;500000;3000;2026-09-28T00:00:00.000Z;2026-10-04T23:59:59.999Z;
Fulmine;84126;500000;825;2026-09-28T00:00:00.000Z;2026-10-04T23:59:59.999Z;
Poste;84126;500000;3000;2026-09-28T00:00:00.000Z;2026-10-04T23:59:59.999Z;
Fulmine;84127;500000;825;2026-09-28T00:00:00.000Z;2026-10-04T23:59:59.999Z;
Poste;84127;500000;3000;2026-09-28T00:00:00.000Z;2026-10-04T23:59:59.999Z;
Fulmine;84128;500000;825;2026-09-28T00:00:00.000Z;2026-10-04T23:59:59.999Z;
Poste;84128;500000;3000;2026-09-28T00:00:00.000Z;2026-10-04T23:59:59.999Z;
Fulmine;84129;500000;825;2026-09-28T00:00:00.000Z;2026-10-04T23:59:59.999Z;
Poste;84129;500000;3000;2026-09-28T00:00:00.000Z;2026-10-04T23:59:59.999Z;
Fulmine;84131;500000;825;2026-09-28T00:00:00.000Z;2026-10-04T23:59:59.999Z;
Poste;84131;500000;3000;2026-09-28T00:00:00.000Z;2026-10-04T23:59:59.999Z;
Fulmine;84132;500000;825;2026-09-28T00:00:00.000Z;2026-10-04T23:59:59.999Z;
Poste;84132;500000;3000;2026-09-28T00:00:00.000Z;2026-10-04T23:59:59.999Z;
Fulmine;84133;500000;700;2026-09-28T00:00:00.000Z;2026-10-04T23:59:59.999Z;
Poste;84133;500000;3000;2026-09-28T00:00:00.000Z;2026-10-04T23:59:59.999Z;
Fulmine;84134;500000;825;2026-09-28T00:00:00.000Z;2026-10-04T23:59:59.999Z;
Poste;84134;500000;3000;2026-09-28T00:00:00.000Z;2026-10-04T23:59:59.999Z;
Fulmine;84135;500000;825;2026-09-28T00:00:00.000Z;2026-10-04T23:59:59.999Z;
Poste;84135;500000;3000;2026-09-28T00:00:00.000Z;2026-10-04T23:59:59.999Z;
Poste;PZ;500000;9600;2026-09-28T00:00:00.000Z;2026-10-04T23:59:59.999Z;890,AR,RS
Fulmine;PZ;500000;20500;2026-09-28T00:00:00.000Z;2026-10-04T23:59:59.999Z;RS
Poste;85010;500000;2000;2026-09-28T00:00:00.000Z;2026-10-04T23:59:59.999Z;
Fulmine;85011;500000;500;2026-09-28T00:00:00.000Z;2026-10-04T23:59:59.999Z;
Poste;85011;500000;2000;2026-09-28T00:00:00.000Z;2026-10-04T23:59:59.999Z;
Fulmine;85012;500000;500;2026-09-28T00:00:00.000Z;2026-10-04T23:59:59.999Z;
Poste;85012;500000;2000;2026-09-28T00:00:00.000Z;2026-10-04T23:59:59.999Z;
Fulmine;85013;500000;500;2026-09-28T00:00:00.000Z;2026-10-04T23:59:59.999Z;
Poste;85013;500000;2000;2026-09-28T00:00:00.000Z;2026-10-04T23:59:59.999Z;
Fulmine;85014;500000;500;2026-09-28T00:00:00.000Z;2026-10-04T23:59:59.999Z;
Poste;85014;500000;2000;2026-09-28T00:00:00.000Z;2026-10-04T23:59:59.999Z;
Fulmine;85015;500000;500;2026-09-28T00:00:00.000Z;2026-10-04T23:59:59.999Z;
Poste;85015;500000;2000;2026-09-28T00:00:00.000Z;2026-10-04T23:59:59.999Z;
Fulmine;85016;500000;500;2026-09-28T00:00:00.000Z;2026-10-04T23:59:59.999Z;
Poste;85016;500000;2000;2026-09-28T00:00:00.000Z;2026-10-04T23:59:59.999Z;
Fulmine;85017;500000;500;2026-09-28T00:00:00.000Z;2026-10-04T23:59:59.999Z;
Poste;85017;500000;2000;2026-09-28T00:00:00.000Z;2026-10-04T23:59:59.999Z;
Poste;85018;500000;2000;2026-09-28T00:00:00.000Z;2026-10-04T23:59:59.999Z;
Poste;85020;500000;2000;2026-09-28T00:00:00.000Z;2026-10-04T23:59:59.999Z;
Poste;85021;500000;2000;2026-09-28T00:00:00.000Z;2026-10-04T23:59:59.999Z;
Fulmine;85022;500000;500;2026-09-28T00:00:00.000Z;2026-10-04T23:59:59.999Z;
Poste;85022;500000;2000;2026-09-28T00:00:00.000Z;2026-10-04T23:59:59.999Z;
Fulmine;85023;500000;500;2026-09-28T00:00:00.000Z;2026-10-04T23:59:59.999Z;
Poste;85023;500000;2000;2026-09-28T00:00:00.000Z;2026-10-04T23:59:59.999Z;
Fulmine;85024;500000;500;2026-09-28T00:00:00.000Z;2026-10-04T23:59:59.999Z;
Poste;85024;500000;2000;2026-09-28T00:00:00.000Z;2026-10-04T23:59:59.999Z;
Fulmine;85025;500000;500;2026-09-28T00:00:00.000Z;2026-10-04T23:59:59.999Z;
Poste;85025;500000;2000;2026-09-28T00:00:00.000Z;2026-10-04T23:59:59.999Z;
Fulmine;85026;500000;500;2026-09-28T00:00:00.000Z;2026-10-04T23:59:59.999Z;
Poste;85026;500000;2000;2026-09-28T00:00:00.000Z;2026-10-04T23:59:59.999Z;
Fulmine;85027;500000;500;2026-09-28T00:00:00.000Z;2026-10-04T23:59:59.999Z;
Poste;85027;500000;2000;2026-09-28T00:00:00.000Z;2026-10-04T23:59:59.999Z;
Fulmine;85028;500000;500;2026-09-28T00:00:00.000Z;2026-10-04T23:59:59.999Z;
Poste;85028;500000;2000;2026-09-28T00:00:00.000Z;2026-10-04T23:59:59.999Z;
Fulmine;85029;500000;500;2026-09-28T00:00:00.000Z;2026-10-04T23:59:59.999Z;
Poste;85029;500000;2000;2026-09-28T00:00:00.000Z;2026-10-04T23:59:59.999Z;
Poste;85030;500000;2000;2026-09-28T00:00:00.000Z;2026-10-04T23:59:59.999Z;
Fulmine;85031;500000;500;2026-09-28T00:00:00.000Z;2026-10-04T23:59:59.999Z;
Poste;85031;500000;2000;2026-09-28T00:00:00.000Z;2026-10-04T23:59:59.999Z;
Fulmine;85032;500000;500;2026-09-28T00:00:00.000Z;2026-10-04T23:59:59.999Z;
Poste;85032;500000;2000;2026-09-28T00:00:00.000Z;2026-10-04T23:59:59.999Z;
Fulmine;85033;500000;500;2026-09-28T00:00:00.000Z;2026-10-04T23:59:59.999Z;
Poste;85033;500000;2000;2026-09-28T00:00:00.000Z;2026-10-04T23:59:59.999Z;
Fulmine;85034;500000;500;2026-09-28T00:00:00.000Z;2026-10-04T23:59:59.999Z;
Poste;85034;500000;2000;2026-09-28T00:00:00.000Z;2026-10-04T23:59:59.999Z;
Fulmine;85035;500000;500;2026-09-28T00:00:00.000Z;2026-10-04T23:59:59.999Z;
Poste;85035;500000;2000;2026-09-28T00:00:00.000Z;2026-10-04T23:59:59.999Z;
Fulmine;85036;500000;500;2026-09-28T00:00:00.000Z;2026-10-04T23:59:59.999Z;
Poste;85036;500000;2000;2026-09-28T00:00:00.000Z;2026-10-04T23:59:59.999Z;
Fulmine;85037;500000;500;2026-09-28T00:00:00.000Z;2026-10-04T23:59:59.999Z;
Poste;85037;500000;2000;2026-09-28T00:00:00.000Z;2026-10-04T23:59:59.999Z;
Fulmine;85038;500000;500;2026-09-28T00:00:00.000Z;2026-10-04T23:59:59.999Z;
Poste;85038;500000;2000;2026-09-28T00:00:00.000Z;2026-10-04T23:59:59.999Z;
Fulmine;85039;500000;500;2026-09-28T00:00:00.000Z;2026-10-04T23:59:59.999Z;
Poste;85039;500000;2000;2026-09-28T00:00:00.000Z;2026-10-04T23:59:59.999Z;
Poste;85040;500000;2000;2026-09-28T00:00:00.000Z;2026-10-04T23:59:59.999Z;
Fulmine;85042;500000;500;2026-09-28T00:00:00.000Z;2026-10-04T23:59:59.999Z;
Poste;85042;500000;2000;2026-09-28T00:00:00.000Z;2026-10-04T23:59:59.999Z;
Fulmine;85043;500000;500;2026-09-28T00:00:00.000Z;2026-10-04T23:59:59.999Z;
Poste;85043;500000;2000;2026-09-28T00:00:00.000Z;2026-10-04T23:59:59.999Z;
Fulmine;85044;500000;500;2026-09-28T00:00:00.000Z;2026-10-04T23:59:59.999Z;
Poste;85044;500000;2000;2026-09-28T00:00:00.000Z;2026-10-04T23:59:59.999Z;
Fulmine;85046;500000;500;2026-09-28T00:00:00.000Z;2026-10-04T23:59:59.999Z;
Poste;85046;500000;2000;2026-09-28T00:00:00.000Z;2026-10-04T23:59:59.999Z;
Fulmine;85047;500000;500;2026-09-28T00:00:00.000Z;2026-10-04T23:59:59.999Z;
Poste;85047;500000;2000;2026-09-28T00:00:00.000Z;2026-10-04T23:59:59.999Z;
Fulmine;85048;500000;500;2026-09-28T00:00:00.000Z;2026-10-04T23:59:59.999Z;
Poste;85048;500000;2000;2026-09-28T00:00:00.000Z;2026-10-04T23:59:59.999Z;
Fulmine;85049;500000;500;2026-09-28T00:00:00.000Z;2026-10-04T23:59:59.999Z;
Poste;85049;500000;2000;2026-09-28T00:00:00.000Z;2026-10-04T23:59:59.999Z;
Poste;85050;500000;2000;2026-09-28T00:00:00.000Z;2026-10-04T23:59:59.999Z;
Fulmine;85051;500000;500;2026-09-28T00:00:00.000Z;2026-10-04T23:59:59.999Z;
Poste;85051;500000;2000;2026-09-28T00:00:00.000Z;2026-10-04T23:59:59.999Z;
Fulmine;85052;500000;500;2026-09-28T00:00:00.000Z;2026-10-04T23:59:59.999Z;
Poste;85052;500000;2000;2026-09-28T00:00:00.000Z;2026-10-04T23:59:59.999Z;
Fulmine;85053;500000;500;2026-09-28T00:00:00.000Z;2026-10-04T23:59:59.999Z;
Poste;85053;500000;2000;2026-09-28T00:00:00.000Z;2026-10-04T23:59:59.999Z;
Fulmine;85054;500000;500;2026-09-28T00:00:00.000Z;2026-10-04T23:59:59.999Z;
Poste;85054;500000;2000;2026-09-28T00:00:00.000Z;2026-10-04T23:59:59.999Z;
Fulmine;85055;500000;500;2026-09-28T00:00:00.000Z;2026-10-04T23:59:59.999Z;
Poste;85055;500000;2000;2026-09-28T00:00:00.000Z;2026-10-04T23:59:59.999Z;
Fulmine;85056;500000;500;2026-09-28T00:00:00.000Z;2026-10-04T23:59:59.999Z;
Poste;85056;500000;2000;2026-09-28T00:00:00.000Z;2026-10-04T23:59:59.999Z;
Fulmine;85057;500000;500;2026-09-28T00:00:00.000Z;2026-10-04T23:59:59.999Z;
Poste;85057;500000;2000;2026-09-28T00:00:00.000Z;2026-10-04T23:59:59.999Z;
Fulmine;85058;500000;500;2026-09-28T00:00:00.000Z;2026-10-04T23:59:59.999Z;
Poste;85058;500000;2000;2026-09-28T00:00:00.000Z;2026-10-04T23:59:59.999Z;
Fulmine;85059;500000;500;2026-09-28T00:00:00.000Z;2026-10-04T23:59:59.999Z;
Poste;85059;500000;2000;2026-09-28T00:00:00.000Z;2026-10-04T23:59:59.999Z;
Fulmine;85100;500000;500;2026-09-28T00:00:00.000Z;2026-10-04T23:59:59.999Z;
Poste;85100;500000;3000;2026-09-28T00:00:00.000Z;2026-10-04T23:59:59.999Z;
Poste;CB;500000;4950;2026-09-28T00:00:00.000Z;2026-10-04T23:59:59.999Z;890,AR,RS
PostAndService;CB;500000;39000;2026-09-28T00:00:00.000Z;2026-10-04T23:59:59.999Z;890
Fulmine;CB;500000;18000;2026-09-28T00:00:00.000Z;2026-10-04T23:59:59.999Z;RS
Poste;86010;500000;2000;2026-09-28T00:00:00.000Z;2026-10-04T23:59:59.999Z;
PostAndService;86010;500000;1000;2026-09-28T00:00:00.000Z;2026-10-04T23:59:59.999Z;
Fulmine;86011;500000;500;2026-09-28T00:00:00.000Z;2026-10-04T23:59:59.999Z;
Poste;86011;500000;2000;2026-09-28T00:00:00.000Z;2026-10-04T23:59:59.999Z;
PostAndService;86011;500000;1000;2026-09-28T00:00:00.000Z;2026-10-04T23:59:59.999Z;
Fulmine;86012;500000;500;2026-09-28T00:00:00.000Z;2026-10-04T23:59:59.999Z;
Poste;86012;500000;2000;2026-09-28T00:00:00.000Z;2026-10-04T23:59:59.999Z;
PostAndService;86012;500000;1000;2026-09-28T00:00:00.000Z;2026-10-04T23:59:59.999Z;
Fulmine;86013;500000;500;2026-09-28T00:00:00.000Z;2026-10-04T23:59:59.999Z;
Poste;86013;500000;2000;2026-09-28T00:00:00.000Z;2026-10-04T23:59:59.999Z;
PostAndService;86013;500000;1000;2026-09-28T00:00:00.000Z;2026-10-04T23:59:59.999Z;
Fulmine;86014;500000;500;2026-09-28T00:00:00.000Z;2026-10-04T23:59:59.999Z;
Poste;86014;500000;2000;2026-09-28T00:00:00.000Z;2026-10-04T23:59:59.999Z;
PostAndService;86014;500000;1000;2026-09-28T00:00:00.000Z;2026-10-04T23:59:59.999Z;
Fulmine;86015;500000;500;2026-09-28T00:00:00.000Z;2026-10-04T23:59:59.999Z;
Poste;86015;500000;2000;2026-09-28T00:00:00.000Z;2026-10-04T23:59:59.999Z;
PostAndService;86015;500000;1000;2026-09-28T00:00:00.000Z;2026-10-04T23:59:59.999Z;
Fulmine;86016;500000;500;2026-09-28T00:00:00.000Z;2026-10-04T23:59:59.999Z;
Poste;86016;500000;2000;2026-09-28T00:00:00.000Z;2026-10-04T23:59:59.999Z;
PostAndService;86016;500000;1000;2026-09-28T00:00:00.000Z;2026-10-04T23:59:59.999Z;
Fulmine;86017;500000;500;2026-09-28T00:00:00.000Z;2026-10-04T23:59:59.999Z;
Poste;86017;500000;2000;2026-09-28T00:00:00.000Z;2026-10-04T23:59:59.999Z;
PostAndService;86017;500000;1000;2026-09-28T00:00:00.000Z;2026-10-04T23:59:59.999Z;
Fulmine;86018;500000;500;2026-09-28T00:00:00.000Z;2026-10-04T23:59:59.999Z;
Poste;86018;500000;2000;2026-09-28T00:00:00.000Z;2026-10-04T23:59:59.999Z;
PostAndService;86018;500000;1000;2026-09-28T00:00:00.000Z;2026-10-04T23:59:59.999Z;
Fulmine;86019;500000;500;2026-09-28T00:00:00.000Z;2026-10-04T23:59:59.999Z;
Poste;86019;500000;2000;2026-09-28T00:00:00.000Z;2026-10-04T23:59:59.999Z;
PostAndService;86019;500000;1000;2026-09-28T00:00:00.000Z;2026-10-04T23:59:59.999Z;
Poste;86020;500000;2000;2026-09-28T00:00:00.000Z;2026-10-04T23:59:59.999Z;
Fulmine;86021;500000;500;2026-09-28T00:00:00.000Z;2026-10-04T23:59:59.999Z;
Poste;86021;500000;2000;2026-09-28T00:00:00.000Z;2026-10-04T23:59:59.999Z;
PostAndService;86021;500000;1000;2026-09-28T00:00:00.000Z;2026-10-04T23:59:59.999Z;
Fulmine;86022;500000;500;2026-09-28T00:00:00.000Z;2026-10-04T23:59:59.999Z;
Poste;86022;500000;2000;2026-09-28T00:00:00.000Z;2026-10-04T23:59:59.999Z;
PostAndService;86022;500000;1000;2026-09-28T00:00:00.000Z;2026-10-04T23:59:59.999Z;
Fulmine;86023;500000;500;2026-09-28T00:00:00.000Z;2026-10-04T23:59:59.999Z;
Poste;86023;500000;2000;2026-09-28T00:00:00.000Z;2026-10-04T23:59:59.999Z;
PostAndService;86023;500000;1000;2026-09-28T00:00:00.000Z;2026-10-04T23:59:59.999Z;
Fulmine;86024;500000;500;2026-09-28T00:00:00.000Z;2026-10-04T23:59:59.999Z;
Poste;86024;500000;2000;2026-09-28T00:00:00.000Z;2026-10-04T23:59:59.999Z;
PostAndService;86024;500000;1000;2026-09-28T00:00:00.000Z;2026-10-04T23:59:59.999Z;
Fulmine;86025;500000;500;2026-09-28T00:00:00.000Z;2026-10-04T23:59:59.999Z;
Poste;86025;500000;2000;2026-09-28T00:00:00.000Z;2026-10-04T23:59:59.999Z;
PostAndService;86025;500000;1000;2026-09-28T00:00:00.000Z;2026-10-04T23:59:59.999Z;
Poste;86026;500000;2000;2026-09-28T00:00:00.000Z;2026-10-04T23:59:59.999Z;
PostAndService;86026;500000;1000;2026-09-28T00:00:00.000Z;2026-10-04T23:59:59.999Z;
Fulmine;86027;500000;500;2026-09-28T00:00:00.000Z;2026-10-04T23:59:59.999Z;
Poste;86027;500000;2000;2026-09-28T00:00:00.000Z;2026-10-04T23:59:59.999Z;
PostAndService;86027;500000;1000;2026-09-28T00:00:00.000Z;2026-10-04T23:59:59.999Z;
Fulmine;86028;500000;500;2026-09-28T00:00:00.000Z;2026-10-04T23:59:59.999Z;
Poste;86028;500000;2000;2026-09-28T00:00:00.000Z;2026-10-04T23:59:59.999Z;
PostAndService;86028;500000;1000;2026-09-28T00:00:00.000Z;2026-10-04T23:59:59.999Z;
Fulmine;86029;500000;500;2026-09-28T00:00:00.000Z;2026-10-04T23:59:59.999Z;
Poste;86029;500000;2000;2026-09-28T00:00:00.000Z;2026-10-04T23:59:59.999Z;
PostAndService;86029;500000;1000;2026-09-28T00:00:00.000Z;2026-10-04T23:59:59.999Z;
Poste;86030;500000;2000;2026-09-28T00:00:00.000Z;2026-10-04T23:59:59.999Z;
PostAndService;86030;500000;1000;2026-09-28T00:00:00.000Z;2026-10-04T23:59:59.999Z;
Fulmine;86031;500000;500;2026-09-28T00:00:00.000Z;2026-10-04T23:59:59.999Z;
Poste;86031;500000;2000;2026-09-28T00:00:00.000Z;2026-10-04T23:59:59.999Z;
PostAndService;86031;500000;1000;2026-09-28T00:00:00.000Z;2026-10-04T23:59:59.999Z;
Fulmine;86032;500000;500;2026-09-28T00:00:00.000Z;2026-10-04T23:59:59.999Z;
Poste;86032;500000;2000;2026-09-28T00:00:00.000Z;2026-10-04T23:59:59.999Z;
PostAndService;86032;500000;1000;2026-09-28T00:00:00.000Z;2026-10-04T23:59:59.999Z;
Fulmine;86033;500000;500;2026-09-28T00:00:00.000Z;2026-10-04T23:59:59.999Z;
Poste;86033;500000;2000;2026-09-28T00:00:00.000Z;2026-10-04T23:59:59.999Z;
PostAndService;86033;500000;1000;2026-09-28T00:00:00.000Z;2026-10-04T23:59:59.999Z;
Fulmine;86034;500000;500;2026-09-28T00:00:00.000Z;2026-10-04T23:59:59.999Z;
Poste;86034;500000;2000;2026-09-28T00:00:00.000Z;2026-10-04T23:59:59.999Z;
PostAndService;86034;500000;1000;2026-09-28T00:00:00.000Z;2026-10-04T23:59:59.999Z;
Fulmine;86035;500000;500;2026-09-28T00:00:00.000Z;2026-10-04T23:59:59.999Z;
Poste;86035;500000;2000;2026-09-28T00:00:00.000Z;2026-10-04T23:59:59.999Z;
PostAndService;86035;500000;1000;2026-09-28T00:00:00.000Z;2026-10-04T23:59:59.999Z;
Fulmine;86036;500000;500;2026-09-28T00:00:00.000Z;2026-10-04T23:59:59.999Z;
Poste;86036;500000;2000;2026-09-28T00:00:00.000Z;2026-10-04T23:59:59.999Z;
PostAndService;86036;500000;1000;2026-09-28T00:00:00.000Z;2026-10-04T23:59:59.999Z;
Fulmine;86037;500000;500;2026-09-28T00:00:00.000Z;2026-10-04T23:59:59.999Z;
Poste;86037;500000;2000;2026-09-28T00:00:00.000Z;2026-10-04T23:59:59.999Z;
PostAndService;86037;500000;1000;2026-09-28T00:00:00.000Z;2026-10-04T23:59:59.999Z;
Fulmine;86038;500000;500;2026-09-28T00:00:00.000Z;2026-10-04T23:59:59.999Z;
Poste;86038;500000;2000;2026-09-28T00:00:00.000Z;2026-10-04T23:59:59.999Z;
PostAndService;86038;500000;1000;2026-09-28T00:00:00.000Z;2026-10-04T23:59:59.999Z;
Fulmine;86039;500000;500;2026-09-28T00:00:00.000Z;2026-10-04T23:59:59.999Z;
Poste;86039;500000;2000;2026-09-28T00:00:00.000Z;2026-10-04T23:59:59.999Z;
PostAndService;86039;500000;1000;2026-09-28T00:00:00.000Z;2026-10-04T23:59:59.999Z;
Poste;86040;500000;2000;2026-09-28T00:00:00.000Z;2026-10-04T23:59:59.999Z;
Fulmine;86041;500000;500;2026-09-28T00:00:00.000Z;2026-10-04T23:59:59.999Z;
Poste;86041;500000;2000;2026-09-28T00:00:00.000Z;2026-10-04T23:59:59.999Z;
PostAndService;86041;500000;1000;2026-09-28T00:00:00.000Z;2026-10-04T23:59:59.999Z;
Fulmine;86042;500000;500;2026-09-28T00:00:00.000Z;2026-10-04T23:59:59.999Z;
Poste;86042;500000;2000;2026-09-28T00:00:00.000Z;2026-10-04T23:59:59.999Z;
PostAndService;86042;500000;1000;2026-09-28T00:00:00.000Z;2026-10-04T23:59:59.999Z;
Fulmine;86043;500000;500;2026-09-28T00:00:00.000Z;2026-10-04T23:59:59.999Z;
Poste;86043;500000;2000;2026-09-28T00:00:00.000Z;2026-10-04T23:59:59.999Z;
PostAndService;86043;500000;1000;2026-09-28T00:00:00.000Z;2026-10-04T23:59:59.999Z;
Fulmine;86044;500000;500;2026-09-28T00:00:00.000Z;2026-10-04T23:59:59.999Z;
Poste;86044;500000;2000;2026-09-28T00:00:00.000Z;2026-10-04T23:59:59.999Z;
PostAndService;86044;500000;1000;2026-09-28T00:00:00.000Z;2026-10-04T23:59:59.999Z;
Fulmine;86045;500000;500;2026-09-28T00:00:00.000Z;2026-10-04T23:59:59.999Z;
Poste;86045;500000;2000;2026-09-28T00:00:00.000Z;2026-10-04T23:59:59.999Z;
PostAndService;86045;500000;1000;2026-09-28T00:00:00.000Z;2026-10-04T23:59:59.999Z;
Fulmine;86046;500000;500;2026-09-28T00:00:00.000Z;2026-10-04T23:59:59.999Z;
Poste;86046;500000;2000;2026-09-28T00:00:00.000Z;2026-10-04T23:59:59.999Z;
PostAndService;86046;500000;1000;2026-09-28T00:00:00.000Z;2026-10-04T23:59:59.999Z;
Fulmine;86047;500000;500;2026-09-28T00:00:00.000Z;2026-10-04T23:59:59.999Z;
Poste;86047;500000;2000;2026-09-28T00:00:00.000Z;2026-10-04T23:59:59.999Z;
PostAndService;86047;500000;1000;2026-09-28T00:00:00.000Z;2026-10-04T23:59:59.999Z;
Fulmine;86048;500000;500;2026-09-28T00:00:00.000Z;2026-10-04T23:59:59.999Z;
Poste;86048;500000;2000;2026-09-28T00:00:00.000Z;2026-10-04T23:59:59.999Z;
PostAndService;86048;500000;1000;2026-09-28T00:00:00.000Z;2026-10-04T23:59:59.999Z;
Fulmine;86049;500000;500;2026-09-28T00:00:00.000Z;2026-10-04T23:59:59.999Z;
Poste;86049;500000;2000;2026-09-28T00:00:00.000Z;2026-10-04T23:59:59.999Z;
PostAndService;86049;500000;1000;2026-09-28T00:00:00.000Z;2026-10-04T23:59:59.999Z;
Fulmine;86100;500000;500;2026-09-28T00:00:00.000Z;2026-10-04T23:59:59.999Z;
Poste;86100;500000;3000;2026-09-28T00:00:00.000Z;2026-10-04T23:59:59.999Z;
PostAndService;86100;500000;1000;2026-09-28T00:00:00.000Z;2026-10-04T23:59:59.999Z;
Poste;IS;500000;2750;2026-09-28T00:00:00.000Z;2026-10-04T23:59:59.999Z;AR,RS
PostAndService;IS;500000;28000;2026-09-28T00:00:00.000Z;2026-10-04T23:59:59.999Z;890
Fulmine;IS;500000;10500;2026-09-28T00:00:00.000Z;2026-10-04T23:59:59.999Z;RS
Poste;86070;500000;2000;2026-09-28T00:00:00.000Z;2026-10-04T23:59:59.999Z;
PostAndService;86070;500000;1000;2026-09-28T00:00:00.000Z;2026-10-04T23:59:59.999Z;
Fulmine;86071;500000;500;2026-09-28T00:00:00.000Z;2026-10-04T23:59:59.999Z;
Poste;86071;500000;2000;2026-09-28T00:00:00.000Z;2026-10-04T23:59:59.999Z;
PostAndService;86071;500000;1000;2026-09-28T00:00:00.000Z;2026-10-04T23:59:59.999Z;
Fulmine;86072;500000;500;2026-09-28T00:00:00.000Z;2026-10-04T23:59:59.999Z;
Poste;86072;500000;2000;2026-09-28T00:00:00.000Z;2026-10-04T23:59:59.999Z;
PostAndService;86072;500000;1000;2026-09-28T00:00:00.000Z;2026-10-04T23:59:59.999Z;
Fulmine;86073;500000;500;2026-09-28T00:00:00.000Z;2026-10-04T23:59:59.999Z;
Poste;86073;500000;2000;2026-09-28T00:00:00.000Z;2026-10-04T23:59:59.999Z;
PostAndService;86073;500000;1000;2026-09-28T00:00:00.000Z;2026-10-04T23:59:59.999Z;
Poste;86074;500000;2000;2026-09-28T00:00:00.000Z;2026-10-04T23:59:59.999Z;
PostAndService;86074;500000;1000;2026-09-28T00:00:00.000Z;2026-10-04T23:59:59.999Z;
Fulmine;86075;500000;500;2026-09-28T00:00:00.000Z;2026-10-04T23:59:59.999Z;
Poste;86075;500000;2000;2026-09-28T00:00:00.000Z;2026-10-04T23:59:59.999Z;
PostAndService;86075;500000;1000;2026-09-28T00:00:00.000Z;2026-10-04T23:59:59.999Z;
Fulmine;86077;500000;500;2026-09-28T00:00:00.000Z;2026-10-04T23:59:59.999Z;
Poste;86077;500000;2000;2026-09-28T00:00:00.000Z;2026-10-04T23:59:59.999Z;
PostAndService;86077;500000;1000;2026-09-28T00:00:00.000Z;2026-10-04T23:59:59.999Z;
Fulmine;86078;500000;500;2026-09-28T00:00:00.000Z;2026-10-04T23:59:59.999Z;
Poste;86078;500000;2000;2026-09-28T00:00:00.000Z;2026-10-04T23:59:59.999Z;
PostAndService;86078;500000;1000;2026-09-28T00:00:00.000Z;2026-10-04T23:59:59.999Z;
Fulmine;86079;500000;500;2026-09-28T00:00:00.000Z;2026-10-04T23:59:59.999Z;
Poste;86079;500000;2000;2026-09-28T00:00:00.000Z;2026-10-04T23:59:59.999Z;
PostAndService;86079;500000;1000;2026-09-28T00:00:00.000Z;2026-10-04T23:59:59.999Z;
Poste;86080;500000;2000;2026-09-28T00:00:00.000Z;2026-10-04T23:59:59.999Z;
PostAndService;86080;500000;1000;2026-09-28T00:00:00.000Z;2026-10-04T23:59:59.999Z;
Fulmine;86081;500000;500;2026-09-28T00:00:00.000Z;2026-10-04T23:59:59.999Z;
Poste;86081;500000;2000;2026-09-28T00:00:00.000Z;2026-10-04T23:59:59.999Z;
PostAndService;86081;500000;1000;2026-09-28T00:00:00.000Z;2026-10-04T23:59:59.999Z;
Fulmine;86082;500000;500;2026-09-28T00:00:00.000Z;2026-10-04T23:59:59.999Z;
Poste;86082;500000;2000;2026-09-28T00:00:00.000Z;2026-10-04T23:59:59.999Z;
PostAndService;86082;500000;1000;2026-09-28T00:00:00.000Z;2026-10-04T23:59:59.999Z;
Fulmine;86083;500000;500;2026-09-28T00:00:00.000Z;2026-10-04T23:59:59.999Z;
Poste;86083;500000;2000;2026-09-28T00:00:00.000Z;2026-10-04T23:59:59.999Z;
PostAndService;86083;500000;1000;2026-09-28T00:00:00.000Z;2026-10-04T23:59:59.999Z;
Poste;86084;500000;2000;2026-09-28T00:00:00.000Z;2026-10-04T23:59:59.999Z;
PostAndService;86084;500000;1000;2026-09-28T00:00:00.000Z;2026-10-04T23:59:59.999Z;
Fulmine;86085;500000;500;2026-09-28T00:00:00.000Z;2026-10-04T23:59:59.999Z;
Poste;86085;500000;2000;2026-09-28T00:00:00.000Z;2026-10-04T23:59:59.999Z;
PostAndService;86085;500000;1000;2026-09-28T00:00:00.000Z;2026-10-04T23:59:59.999Z;
Poste;86086;500000;2000;2026-09-28T00:00:00.000Z;2026-10-04T23:59:59.999Z;
PostAndService;86086;500000;1000;2026-09-28T00:00:00.000Z;2026-10-04T23:59:59.999Z;
Fulmine;86087;500000;500;2026-09-28T00:00:00.000Z;2026-10-04T23:59:59.999Z;
Poste;86087;500000;2000;2026-09-28T00:00:00.000Z;2026-10-04T23:59:59.999Z;
PostAndService;86087;500000;1000;2026-09-28T00:00:00.000Z;2026-10-04T23:59:59.999Z;
Poste;86088;500000;2000;2026-09-28T00:00:00.000Z;2026-10-04T23:59:59.999Z;
PostAndService;86088;500000;1000;2026-09-28T00:00:00.000Z;2026-10-04T23:59:59.999Z;
Fulmine;86089;500000;500;2026-09-28T00:00:00.000Z;2026-10-04T23:59:59.999Z;
Poste;86089;500000;2000;2026-09-28T00:00:00.000Z;2026-10-04T23:59:59.999Z;
PostAndService;86089;500000;1000;2026-09-28T00:00:00.000Z;2026-10-04T23:59:59.999Z;
Poste;86090;500000;2000;2026-09-28T00:00:00.000Z;2026-10-04T23:59:59.999Z;
PostAndService;86090;500000;1000;2026-09-28T00:00:00.000Z;2026-10-04T23:59:59.999Z;
Fulmine;86091;500000;500;2026-09-28T00:00:00.000Z;2026-10-04T23:59:59.999Z;
Poste;86091;500000;2000;2026-09-28T00:00:00.000Z;2026-10-04T23:59:59.999Z;
PostAndService;86091;500000;1000;2026-09-28T00:00:00.000Z;2026-10-04T23:59:59.999Z;
Fulmine;86092;500000;500;2026-09-28T00:00:00.000Z;2026-10-04T23:59:59.999Z;
Poste;86092;500000;2000;2026-09-28T00:00:00.000Z;2026-10-04T23:59:59.999Z;
PostAndService;86092;500000;1000;2026-09-28T00:00:00.000Z;2026-10-04T23:59:59.999Z;
Fulmine;86093;500000;500;2026-09-28T00:00:00.000Z;2026-10-04T23:59:59.999Z;
Poste;86093;500000;2000;2026-09-28T00:00:00.000Z;2026-10-04T23:59:59.999Z;
PostAndService;86093;500000;1000;2026-09-28T00:00:00.000Z;2026-10-04T23:59:59.999Z;
Fulmine;86094;500000;500;2026-09-28T00:00:00.000Z;2026-10-04T23:59:59.999Z;
Poste;86094;500000;2000;2026-09-28T00:00:00.000Z;2026-10-04T23:59:59.999Z;
PostAndService;86094;500000;1000;2026-09-28T00:00:00.000Z;2026-10-04T23:59:59.999Z;
Fulmine;86095;500000;500;2026-09-28T00:00:00.000Z;2026-10-04T23:59:59.999Z;
Poste;86095;500000;2000;2026-09-28T00:00:00.000Z;2026-10-04T23:59:59.999Z;
PostAndService;86095;500000;1000;2026-09-28T00:00:00.000Z;2026-10-04T23:59:59.999Z;
Fulmine;86096;500000;500;2026-09-28T00:00:00.000Z;2026-10-04T23:59:59.999Z;
Poste;86096;500000;2000;2026-09-28T00:00:00.000Z;2026-10-04T23:59:59.999Z;
PostAndService;86096;500000;1000;2026-09-28T00:00:00.000Z;2026-10-04T23:59:59.999Z;
Fulmine;86097;500000;500;2026-09-28T00:00:00.000Z;2026-10-04T23:59:59.999Z;
Poste;86097;500000;2000;2026-09-28T00:00:00.000Z;2026-10-04T23:59:59.999Z;
PostAndService;86097;500000;1000;2026-09-28T00:00:00.000Z;2026-10-04T23:59:59.999Z;
Fulmine;86170;500000;500;2026-09-28T00:00:00.000Z;2026-10-04T23:59:59.999Z;
Poste;86170;500000;3000;2026-09-28T00:00:00.000Z;2026-10-04T23:59:59.999Z;
PostAndService;86170;500000;1000;2026-09-28T00:00:00.000Z;2026-10-04T23:59:59.999Z;
Fulmine;CS;500000;30500;2026-09-28T00:00:00.000Z;2026-10-04T23:59:59.999Z;AR,RS
Sailpost;CS;500000;78700;2026-09-28T00:00:00.000Z;2026-10-04T23:59:59.999Z;890
Poste;CS;500000;19900;2026-09-28T00:00:00.000Z;2026-10-04T23:59:59.999Z;890
Fulmine;87010;500000;500;2026-09-28T00:00:00.000Z;2026-10-04T23:59:59.999Z;
Poste;87010;500000;2000;2026-09-28T00:00:00.000Z;2026-10-04T23:59:59.999Z;
Fulmine;87011;500000;500;2026-09-28T00:00:00.000Z;2026-10-04T23:59:59.999Z;
Sailpost;87011;500000;2500;2026-09-28T00:00:00.000Z;2026-10-04T23:59:59.999Z;
Fulmine;87012;500000;500;2026-09-28T00:00:00.000Z;2026-10-04T23:59:59.999Z;
Sailpost;87012;500000;3500;2026-09-28T00:00:00.000Z;2026-10-04T23:59:59.999Z;
Fulmine;87013;500000;500;2026-09-28T00:00:00.000Z;2026-10-04T23:59:59.999Z;
Sailpost;87013;500000;500;2026-09-28T00:00:00.000Z;2026-10-04T23:59:59.999Z;
Fulmine;87014;500000;500;2026-09-28T00:00:00.000Z;2026-10-04T23:59:59.999Z;
Poste;87014;500000;2000;2026-09-28T00:00:00.000Z;2026-10-04T23:59:59.999Z;
Fulmine;87015;500000;500;2026-09-28T00:00:00.000Z;2026-10-04T23:59:59.999Z;
Poste;87015;500000;2000;2026-09-28T00:00:00.000Z;2026-10-04T23:59:59.999Z;
Fulmine;87016;500000;500;2026-09-28T00:00:00.000Z;2026-10-04T23:59:59.999Z;
Poste;87016;500000;2000;2026-09-28T00:00:00.000Z;2026-10-04T23:59:59.999Z;
Fulmine;87017;500000;500;2026-09-28T00:00:00.000Z;2026-10-04T23:59:59.999Z;
Sailpost;87017;500000;1000;2026-09-28T00:00:00.000Z;2026-10-04T23:59:59.999Z;
Fulmine;87018;500000;500;2026-09-28T00:00:00.000Z;2026-10-04T23:59:59.999Z;
Sailpost;87018;500000;1000;2026-09-28T00:00:00.000Z;2026-10-04T23:59:59.999Z;
Fulmine;87019;500000;500;2026-09-28T00:00:00.000Z;2026-10-04T23:59:59.999Z;
Sailpost;87019;500000;1000;2026-09-28T00:00:00.000Z;2026-10-04T23:59:59.999Z;
Fulmine;87020;500000;500;2026-09-28T00:00:00.000Z;2026-10-04T23:59:59.999Z;
Poste;87020;500000;2000;2026-09-28T00:00:00.000Z;2026-10-04T23:59:59.999Z;
Fulmine;87021;500000;500;2026-09-28T00:00:00.000Z;2026-10-04T23:59:59.999Z;
Poste;87021;500000;2000;2026-09-28T00:00:00.000Z;2026-10-04T23:59:59.999Z;
Fulmine;87022;500000;500;2026-09-28T00:00:00.000Z;2026-10-04T23:59:59.999Z;
Poste;87022;500000;2000;2026-09-28T00:00:00.000Z;2026-10-04T23:59:59.999Z;
Fulmine;87023;500000;500;2026-09-28T00:00:00.000Z;2026-10-04T23:59:59.999Z;
Poste;87023;500000;2000;2026-09-28T00:00:00.000Z;2026-10-04T23:59:59.999Z;
Fulmine;87024;500000;500;2026-09-28T00:00:00.000Z;2026-10-04T23:59:59.999Z;
Sailpost;87024;500000;1000;2026-09-28T00:00:00.000Z;2026-10-04T23:59:59.999Z;
Fulmine;87026;500000;500;2026-09-28T00:00:00.000Z;2026-10-04T23:59:59.999Z;
Poste;87026;500000;2000;2026-09-28T00:00:00.000Z;2026-10-04T23:59:59.999Z;
Fulmine;87027;500000;500;2026-09-28T00:00:00.000Z;2026-10-04T23:59:59.999Z;
Sailpost;87027;500000;2500;2026-09-28T00:00:00.000Z;2026-10-04T23:59:59.999Z;
Fulmine;87028;500000;500;2026-09-28T00:00:00.000Z;2026-10-04T23:59:59.999Z;
Poste;87028;500000;2000;2026-09-28T00:00:00.000Z;2026-10-04T23:59:59.999Z;
Fulmine;87029;500000;500;2026-09-28T00:00:00.000Z;2026-10-04T23:59:59.999Z;
Sailpost;87029;500000;1800;2026-09-28T00:00:00.000Z;2026-10-04T23:59:59.999Z;
Fulmine;87030;500000;500;2026-09-28T00:00:00.000Z;2026-10-04T23:59:59.999Z;
Poste;87030;500000;2000;2026-09-28T00:00:00.000Z;2026-10-04T23:59:59.999Z;
Fulmine;87031;500000;500;2026-09-28T00:00:00.000Z;2026-10-04T23:59:59.999Z;
Sailpost;87031;500000;300;2026-09-28T00:00:00.000Z;2026-10-04T23:59:59.999Z;
Fulmine;87032;500000;500;2026-09-28T00:00:00.000Z;2026-10-04T23:59:59.999Z;
Sailpost;87032;500000;2300;2026-09-28T00:00:00.000Z;2026-10-04T23:59:59.999Z;
Fulmine;87033;500000;500;2026-09-28T00:00:00.000Z;2026-10-04T23:59:59.999Z;
Sailpost;87033;500000;300;2026-09-28T00:00:00.000Z;2026-10-04T23:59:59.999Z;
Fulmine;87034;500000;500;2026-09-28T00:00:00.000Z;2026-10-04T23:59:59.999Z;
Poste;87034;500000;2000;2026-09-28T00:00:00.000Z;2026-10-04T23:59:59.999Z;
Fulmine;87035;500000;500;2026-09-28T00:00:00.000Z;2026-10-04T23:59:59.999Z;
Sailpost;87035;500000;300;2026-09-28T00:00:00.000Z;2026-10-04T23:59:59.999Z;
Fulmine;87036;500000;500;2026-09-28T00:00:00.000Z;2026-10-04T23:59:59.999Z;
Sailpost;87036;500000;5700;2026-09-28T00:00:00.000Z;2026-10-04T23:59:59.999Z;
Fulmine;87037;500000;500;2026-09-28T00:00:00.000Z;2026-10-04T23:59:59.999Z;
Poste;87037;500000;2000;2026-09-28T00:00:00.000Z;2026-10-04T23:59:59.999Z;
Fulmine;87038;500000;500;2026-09-28T00:00:00.000Z;2026-10-04T23:59:59.999Z;
Sailpost;87038;500000;1000;2026-09-28T00:00:00.000Z;2026-10-04T23:59:59.999Z;
Fulmine;87040;500000;500;2026-09-28T00:00:00.000Z;2026-10-04T23:59:59.999Z;
Sailpost;87040;500000;9500;2026-09-28T00:00:00.000Z;2026-10-04T23:59:59.999Z;
Fulmine;87041;500000;500;2026-09-28T00:00:00.000Z;2026-10-04T23:59:59.999Z;
Sailpost;87041;500000;3300;2026-09-28T00:00:00.000Z;2026-10-04T23:59:59.999Z;
Fulmine;87042;500000;500;2026-09-28T00:00:00.000Z;2026-10-04T23:59:59.999Z;
Sailpost;87042;500000;600;2026-09-28T00:00:00.000Z;2026-10-04T23:59:59.999Z;
Fulmine;87043;500000;500;2026-09-28T00:00:00.000Z;2026-10-04T23:59:59.999Z;
Sailpost;87043;500000;1700;2026-09-28T00:00:00.000Z;2026-10-04T23:59:59.999Z;
Fulmine;87044;500000;500;2026-09-28T00:00:00.000Z;2026-10-04T23:59:59.999Z;
Sailpost;87044;500000;400;2026-09-28T00:00:00.000Z;2026-10-04T23:59:59.999Z;
Fulmine;87045;500000;500;2026-09-28T00:00:00.000Z;2026-10-04T23:59:59.999Z;
Sailpost;87045;500000;400;2026-09-28T00:00:00.000Z;2026-10-04T23:59:59.999Z;
Fulmine;87046;500000;500;2026-09-28T00:00:00.000Z;2026-10-04T23:59:59.999Z;
Sailpost;87046;500000;3000;2026-09-28T00:00:00.000Z;2026-10-04T23:59:59.999Z;
Fulmine;87047;500000;500;2026-09-28T00:00:00.000Z;2026-10-04T23:59:59.999Z;
Sailpost;87047;500000;600;2026-09-28T00:00:00.000Z;2026-10-04T23:59:59.999Z;
Fulmine;87048;500000;500;2026-09-28T00:00:00.000Z;2026-10-04T23:59:59.999Z;
Sailpost;87048;500000;400;2026-09-28T00:00:00.000Z;2026-10-04T23:59:59.999Z;
Fulmine;87050;500000;500;2026-09-28T00:00:00.000Z;2026-10-04T23:59:59.999Z;
Poste;87050;500000;2000;2026-09-28T00:00:00.000Z;2026-10-04T23:59:59.999Z;
Fulmine;87051;500000;500;2026-09-28T00:00:00.000Z;2026-10-04T23:59:59.999Z;
Sailpost;87051;500000;500;2026-09-28T00:00:00.000Z;2026-10-04T23:59:59.999Z;
Fulmine;87052;500000;500;2026-09-28T00:00:00.000Z;2026-10-04T23:59:59.999Z;
Poste;87052;500000;2000;2026-09-28T00:00:00.000Z;2026-10-04T23:59:59.999Z;
Fulmine;87053;500000;500;2026-09-28T00:00:00.000Z;2026-10-04T23:59:59.999Z;
Sailpost;87053;500000;500;2026-09-28T00:00:00.000Z;2026-10-04T23:59:59.999Z;
Fulmine;87054;500000;500;2026-09-28T00:00:00.000Z;2026-10-04T23:59:59.999Z;
Sailpost;87054;500000;1000;2026-09-28T00:00:00.000Z;2026-10-04T23:59:59.999Z;
Fulmine;87055;500000;500;2026-09-28T00:00:00.000Z;2026-10-04T23:59:59.999Z;
Sailpost;87055;500000;2500;2026-09-28T00:00:00.000Z;2026-10-04T23:59:59.999Z;
Fulmine;87056;500000;500;2026-09-28T00:00:00.000Z;2026-10-04T23:59:59.999Z;
Poste;87056;500000;2000;2026-09-28T00:00:00.000Z;2026-10-04T23:59:59.999Z;
Fulmine;87057;500000;500;2026-09-28T00:00:00.000Z;2026-10-04T23:59:59.999Z;
Poste;87057;500000;2000;2026-09-28T00:00:00.000Z;2026-10-04T23:59:59.999Z;
Fulmine;87058;500000;500;2026-09-28T00:00:00.000Z;2026-10-04T23:59:59.999Z;
Sailpost;87058;500000;800;2026-09-28T00:00:00.000Z;2026-10-04T23:59:59.999Z;
Fulmine;87059;500000;500;2026-09-28T00:00:00.000Z;2026-10-04T23:59:59.999Z;
Sailpost;87059;500000;1600;2026-09-28T00:00:00.000Z;2026-10-04T23:59:59.999Z;
Fulmine;87060;500000;500;2026-09-28T00:00:00.000Z;2026-10-04T23:59:59.999Z;
Poste;87060;500000;2000;2026-09-28T00:00:00.000Z;2026-10-04T23:59:59.999Z;
Fulmine;87061;500000;500;2026-09-28T00:00:00.000Z;2026-10-04T23:59:59.999Z;
Poste;87061;500000;2000;2026-09-28T00:00:00.000Z;2026-10-04T23:59:59.999Z;
Fulmine;87062;500000;500;2026-09-28T00:00:00.000Z;2026-10-04T23:59:59.999Z;
Sailpost;87062;500000;1300;2026-09-28T00:00:00.000Z;2026-10-04T23:59:59.999Z;
Fulmine;87064;500000;500;2026-09-28T00:00:00.000Z;2026-10-04T23:59:59.999Z;
Sailpost;87064;500000;12000;2026-09-28T00:00:00.000Z;2026-10-04T23:59:59.999Z;
Fulmine;87066;500000;500;2026-09-28T00:00:00.000Z;2026-10-04T23:59:59.999Z;
Sailpost;87066;500000;500;2026-09-28T00:00:00.000Z;2026-10-04T23:59:59.999Z;
Fulmine;87069;500000;500;2026-09-28T00:00:00.000Z;2026-10-04T23:59:59.999Z;
Poste;87069;500000;2000;2026-09-28T00:00:00.000Z;2026-10-04T23:59:59.999Z;
Fulmine;87070;500000;500;2026-09-28T00:00:00.000Z;2026-10-04T23:59:59.999Z;
Poste;87070;500000;2000;2026-09-28T00:00:00.000Z;2026-10-04T23:59:59.999Z;
Fulmine;87071;500000;500;2026-09-28T00:00:00.000Z;2026-10-04T23:59:59.999Z;
Poste;87071;500000;2000;2026-09-28T00:00:00.000Z;2026-10-04T23:59:59.999Z;
Fulmine;87072;500000;500;2026-09-28T00:00:00.000Z;2026-10-04T23:59:59.999Z;
Poste;87072;500000;2000;2026-09-28T00:00:00.000Z;2026-10-04T23:59:59.999Z;
Fulmine;87073;500000;500;2026-09-28T00:00:00.000Z;2026-10-04T23:59:59.999Z;
Poste;87073;500000;2000;2026-09-28T00:00:00.000Z;2026-10-04T23:59:59.999Z;
Fulmine;87074;500000;500;2026-09-28T00:00:00.000Z;2026-10-04T23:59:59.999Z;
Poste;87074;500000;2000;2026-09-28T00:00:00.000Z;2026-10-04T23:59:59.999Z;
Fulmine;87075;500000;500;2026-09-28T00:00:00.000Z;2026-10-04T23:59:59.999Z;
Sailpost;87075;500000;1500;2026-09-28T00:00:00.000Z;2026-10-04T23:59:59.999Z;
Fulmine;87076;500000;500;2026-09-28T00:00:00.000Z;2026-10-04T23:59:59.999Z;
Sailpost;87076;500000;900;2026-09-28T00:00:00.000Z;2026-10-04T23:59:59.999Z;
Fulmine;87100;500000;500;2026-09-28T00:00:00.000Z;2026-10-04T23:59:59.999Z;
Sailpost;87100;500000;11000;2026-09-28T00:00:00.000Z;2026-10-04T23:59:59.999Z;
Poste;CZ;500000;9950;2026-09-28T00:00:00.000Z;2026-10-04T23:59:59.999Z;890
Sailpost;CZ;500000;100000;2026-09-28T00:00:00.000Z;2026-10-04T23:59:59.999Z;890
Fulmine;CZ;500000;14000;2026-09-28T00:00:00.000Z;2026-10-04T23:59:59.999Z;AR,RS
Fulmine;88020;500000;500;2026-09-28T00:00:00.000Z;2026-10-04T23:59:59.999Z;
Sailpost;88020;500000;700;2026-09-28T00:00:00.000Z;2026-10-04T23:59:59.999Z;
Fulmine;88021;500000;500;2026-09-28T00:00:00.000Z;2026-10-04T23:59:59.999Z;
Sailpost;88021;500000;2300;2026-09-28T00:00:00.000Z;2026-10-04T23:59:59.999Z;
Fulmine;88022;500000;500;2026-09-28T00:00:00.000Z;2026-10-04T23:59:59.999Z;
Sailpost;88022;500000;1900;2026-09-28T00:00:00.000Z;2026-10-04T23:59:59.999Z;
Fulmine;88024;500000;500;2026-09-28T00:00:00.000Z;2026-10-04T23:59:59.999Z;
Sailpost;88024;500000;1600;2026-09-28T00:00:00.000Z;2026-10-04T23:59:59.999Z;
Fulmine;88025;500000;500;2026-09-28T00:00:00.000Z;2026-10-04T23:59:59.999Z;
Sailpost;88025;500000;2500;2026-09-28T00:00:00.000Z;2026-10-04T23:59:59.999Z;
Fulmine;88040;500000;500;2026-09-28T00:00:00.000Z;2026-10-04T23:59:59.999Z;
Sailpost;88040;500000;8200;2026-09-28T00:00:00.000Z;2026-10-04T23:59:59.999Z;
Fulmine;88041;500000;500;2026-09-28T00:00:00.000Z;2026-10-04T23:59:59.999Z;
Sailpost;88041;500000;900;2026-09-28T00:00:00.000Z;2026-10-04T23:59:59.999Z;
Fulmine;88042;500000;500;2026-09-28T00:00:00.000Z;2026-10-04T23:59:59.999Z;
Sailpost;88042;500000;1200;2026-09-28T00:00:00.000Z;2026-10-04T23:59:59.999Z;
Fulmine;88044;500000;500;2026-09-28T00:00:00.000Z;2026-10-04T23:59:59.999Z;
Sailpost;88044;500000;700;2026-09-28T00:00:00.000Z;2026-10-04T23:59:59.999Z;
Fulmine;88045;500000;500;2026-09-28T00:00:00.000Z;2026-10-04T23:59:59.999Z;
Sailpost;88045;500000;900;2026-09-28T00:00:00.000Z;2026-10-04T23:59:59.999Z;
Fulmine;88046;500000;500;2026-09-28T00:00:00.000Z;2026-10-04T23:59:59.999Z;
Sailpost;88046;500000;20000;2026-09-28T00:00:00.000Z;2026-10-04T23:59:59.999Z;
Fulmine;88047;500000;500;2026-09-28T00:00:00.000Z;2026-10-04T23:59:59.999Z;
Sailpost;88047;500000;1300;2026-09-28T00:00:00.000Z;2026-10-04T23:59:59.999Z;
Fulmine;88049;500000;500;2026-09-28T00:00:00.000Z;2026-10-04T23:59:59.999Z;
Sailpost;88049;500000;900;2026-09-28T00:00:00.000Z;2026-10-04T23:59:59.999Z;
Fulmine;88050;500000;500;2026-09-28T00:00:00.000Z;2026-10-04T23:59:59.999Z;
Sailpost;88050;500000;9300;2026-09-28T00:00:00.000Z;2026-10-04T23:59:59.999Z;
Fulmine;88051;500000;500;2026-09-28T00:00:00.000Z;2026-10-04T23:59:59.999Z;
Sailpost;88051;500000;1400;2026-09-28T00:00:00.000Z;2026-10-04T23:59:59.999Z;
Fulmine;88054;500000;500;2026-09-28T00:00:00.000Z;2026-10-04T23:59:59.999Z;
Sailpost;88054;500000;1200;2026-09-28T00:00:00.000Z;2026-10-04T23:59:59.999Z;
Fulmine;88055;500000;500;2026-09-28T00:00:00.000Z;2026-10-04T23:59:59.999Z;
Sailpost;88055;500000;1000;2026-09-28T00:00:00.000Z;2026-10-04T23:59:59.999Z;
Fulmine;88056;500000;500;2026-09-28T00:00:00.000Z;2026-10-04T23:59:59.999Z;
Sailpost;88056;500000;1100;2026-09-28T00:00:00.000Z;2026-10-04T23:59:59.999Z;
Fulmine;88060;500000;500;2026-09-28T00:00:00.000Z;2026-10-04T23:59:59.999Z;
Sailpost;88060;500000;9000;2026-09-28T00:00:00.000Z;2026-10-04T23:59:59.999Z;
Fulmine;88062;500000;500;2026-09-28T00:00:00.000Z;2026-10-04T23:59:59.999Z;
Sailpost;88062;500000;600;2026-09-28T00:00:00.000Z;2026-10-04T23:59:59.999Z;
Fulmine;88064;500000;500;2026-09-28T00:00:00.000Z;2026-10-04T23:59:59.999Z;
Sailpost;88064;500000;1600;2026-09-28T00:00:00.000Z;2026-10-04T23:59:59.999Z;
Fulmine;88065;500000;500;2026-09-28T00:00:00.000Z;2026-10-04T23:59:59.999Z;
Sailpost;88065;500000;1200;2026-09-28T00:00:00.000Z;2026-10-04T23:59:59.999Z;
Fulmine;88067;500000;500;2026-09-28T00:00:00.000Z;2026-10-04T23:59:59.999Z;
Sailpost;88067;500000;1000;2026-09-28T00:00:00.000Z;2026-10-04T23:59:59.999Z;
Fulmine;88068;500000;500;2026-09-28T00:00:00.000Z;2026-10-04T23:59:59.999Z;
Sailpost;88068;500000;2000;2026-09-28T00:00:00.000Z;2026-10-04T23:59:59.999Z;
Fulmine;88069;500000;500;2026-09-28T00:00:00.000Z;2026-10-04T23:59:59.999Z;
Sailpost;88069;500000;1000;2026-09-28T00:00:00.000Z;2026-10-04T23:59:59.999Z;
Fulmine;88070;500000;500;2026-09-28T00:00:00.000Z;2026-10-04T23:59:59.999Z;
Sailpost;88070;500000;1500;2026-09-28T00:00:00.000Z;2026-10-04T23:59:59.999Z;
Fulmine;88071;500000;500;2026-09-28T00:00:00.000Z;2026-10-04T23:59:59.999Z;
Poste;88071;500000;2000;2026-09-28T00:00:00.000Z;2026-10-04T23:59:59.999Z;
Fulmine;88100;500000;500;2026-09-28T00:00:00.000Z;2026-10-04T23:59:59.999Z;
Sailpost;88100;500000;25000;2026-09-28T00:00:00.000Z;2026-10-04T23:59:59.999Z;
Poste;KR;500000;3300;2026-09-28T00:00:00.000Z;2026-10-04T23:59:59.999Z;890
Fulmine;KR;500000;12500;2026-09-28T00:00:00.000Z;2026-10-04T23:59:59.999Z;AR,RS
Sailpost;KR;500000;100000;2026-09-28T00:00:00.000Z;2026-10-04T23:59:59.999Z;890
Fulmine;88811;500000;500;2026-09-28T00:00:00.000Z;2026-10-04T23:59:59.999Z;
Sailpost;88811;500000;9000;2026-09-28T00:00:00.000Z;2026-10-04T23:59:59.999Z;
Fulmine;88812;500000;500;2026-09-28T00:00:00.000Z;2026-10-04T23:59:59.999Z;
Sailpost;88812;500000;2000;2026-09-28T00:00:00.000Z;2026-10-04T23:59:59.999Z;
Fulmine;88813;500000;500;2026-09-28T00:00:00.000Z;2026-10-04T23:59:59.999Z;
Sailpost;88813;500000;2000;2026-09-28T00:00:00.000Z;2026-10-04T23:59:59.999Z;
Fulmine;88814;500000;500;2026-09-28T00:00:00.000Z;2026-10-04T23:59:59.999Z;
Sailpost;88814;500000;3000;2026-09-28T00:00:00.000Z;2026-10-04T23:59:59.999Z;
Poste;88815;500000;2000;2026-09-28T00:00:00.000Z;2026-10-04T23:59:59.999Z;
Fulmine;88815;500000;500;2026-09-28T00:00:00.000Z;2026-10-04T23:59:59.999Z;
Fulmine;88816;500000;500;2026-09-28T00:00:00.000Z;2026-10-04T23:59:59.999Z;
Sailpost;88816;500000;4000;2026-09-28T00:00:00.000Z;2026-10-04T23:59:59.999Z;
Poste;88817;500000;2000;2026-09-28T00:00:00.000Z;2026-10-04T23:59:59.999Z;
Fulmine;88817;500000;500;2026-09-28T00:00:00.000Z;2026-10-04T23:59:59.999Z;
Poste;88818;500000;2000;2026-09-28T00:00:00.000Z;2026-10-04T23:59:59.999Z;
Fulmine;88818;500000;500;2026-09-28T00:00:00.000Z;2026-10-04T23:59:59.999Z;
Fulmine;88819;500000;500;2026-09-28T00:00:00.000Z;2026-10-04T23:59:59.999Z;
Poste;88819;500000;2000;2026-09-28T00:00:00.000Z;2026-10-04T23:59:59.999Z;
Fulmine;88821;500000;500;2026-09-28T00:00:00.000Z;2026-10-04T23:59:59.999Z;
Sailpost;88821;500000;3500;2026-09-28T00:00:00.000Z;2026-10-04T23:59:59.999Z;
Fulmine;88822;500000;500;2026-09-28T00:00:00.000Z;2026-10-04T23:59:59.999Z;
Sailpost;88822;500000;2000;2026-09-28T00:00:00.000Z;2026-10-04T23:59:59.999Z;
Poste;88823;500000;2000;2026-09-28T00:00:00.000Z;2026-10-04T23:59:59.999Z;
Fulmine;88823;500000;500;2026-09-28T00:00:00.000Z;2026-10-04T23:59:59.999Z;
Fulmine;88824;500000;500;2026-09-28T00:00:00.000Z;2026-10-04T23:59:59.999Z;
Poste;88824;500000;2000;2026-09-28T00:00:00.000Z;2026-10-04T23:59:59.999Z;
Poste;88825;500000;2000;2026-09-28T00:00:00.000Z;2026-10-04T23:59:59.999Z;
Fulmine;88825;500000;500;2026-09-28T00:00:00.000Z;2026-10-04T23:59:59.999Z;
Fulmine;88831;500000;500;2026-09-28T00:00:00.000Z;2026-10-04T23:59:59.999Z;
Sailpost;88831;500000;3100;2026-09-28T00:00:00.000Z;2026-10-04T23:59:59.999Z;
Fulmine;88832;500000;500;2026-09-28T00:00:00.000Z;2026-10-04T23:59:59.999Z;
Sailpost;88832;500000;1200;2026-09-28T00:00:00.000Z;2026-10-04T23:59:59.999Z;
Fulmine;88833;500000;500;2026-09-28T00:00:00.000Z;2026-10-04T23:59:59.999Z;
Poste;88833;500000;2000;2026-09-28T00:00:00.000Z;2026-10-04T23:59:59.999Z;
Poste;88834;500000;2000;2026-09-28T00:00:00.000Z;2026-10-04T23:59:59.999Z;
Fulmine;88834;500000;500;2026-09-28T00:00:00.000Z;2026-10-04T23:59:59.999Z;
Fulmine;88835;500000;500;2026-09-28T00:00:00.000Z;2026-10-04T23:59:59.999Z;
Sailpost;88835;500000;2500;2026-09-28T00:00:00.000Z;2026-10-04T23:59:59.999Z;
Fulmine;88836;500000;500;2026-09-28T00:00:00.000Z;2026-10-04T23:59:59.999Z;
Sailpost;88836;500000;3500;2026-09-28T00:00:00.000Z;2026-10-04T23:59:59.999Z;
Fulmine;88837;500000;500;2026-09-28T00:00:00.000Z;2026-10-04T23:59:59.999Z;
Sailpost;88837;500000;5300;2026-09-28T00:00:00.000Z;2026-10-04T23:59:59.999Z;
Fulmine;88838;500000;500;2026-09-28T00:00:00.000Z;2026-10-04T23:59:59.999Z;
Sailpost;88838;500000;3800;2026-09-28T00:00:00.000Z;2026-10-04T23:59:59.999Z;
Fulmine;88841;500000;500;2026-09-28T00:00:00.000Z;2026-10-04T23:59:59.999Z;
Sailpost;88841;500000;10600;2026-09-28T00:00:00.000Z;2026-10-04T23:59:59.999Z;
Fulmine;88842;500000;500;2026-09-28T00:00:00.000Z;2026-10-04T23:59:59.999Z;
Sailpost;88842;500000;6500;2026-09-28T00:00:00.000Z;2026-10-04T23:59:59.999Z;
Fulmine;88900;500000;500;2026-09-28T00:00:00.000Z;2026-10-04T23:59:59.999Z;
Sailpost;88900;500000;38000;2026-09-28T00:00:00.000Z;2026-10-04T23:59:59.999Z;
Poste;RC;500000;16550;2026-09-28T00:00:00.000Z;2026-10-04T23:59:59.999Z;890,AR,RS
Fulmine;RC;500000;32000;2026-09-28T00:00:00.000Z;2026-10-04T23:59:59.999Z;AR,RS
Sailpost;RC;500000;89900;2026-09-28T00:00:00.000Z;2026-10-04T23:59:59.999Z;890
Poste;89010;500000;2000;2026-09-28T00:00:00.000Z;2026-10-04T23:59:59.999Z;
Fulmine;89010;500000;500;2026-09-28T00:00:00.000Z;2026-10-04T23:59:59.999Z;
Fulmine;89011;500000;500;2026-09-28T00:00:00.000Z;2026-10-04T23:59:59.999Z;
Sailpost;89011;500000;2100;2026-09-28T00:00:00.000Z;2026-10-04T23:59:59.999Z;
Fulmine;89012;500000;500;2026-09-28T00:00:00.000Z;2026-10-04T23:59:59.999Z;
Sailpost;89012;500000;800;2026-09-28T00:00:00.000Z;2026-10-04T23:59:59.999Z;
Fulmine;89013;500000;500;2026-09-28T00:00:00.000Z;2026-10-04T23:59:59.999Z;
Sailpost;89013;500000;4200;2026-09-28T00:00:00.000Z;2026-10-04T23:59:59.999Z;
Fulmine;89014;500000;500;2026-09-28T00:00:00.000Z;2026-10-04T23:59:59.999Z;
Sailpost;89014;500000;1100;2026-09-28T00:00:00.000Z;2026-10-04T23:59:59.999Z;
Fulmine;89015;500000;500;2026-09-28T00:00:00.000Z;2026-10-04T23:59:59.999Z;
Sailpost;89015;500000;3900;2026-09-28T00:00:00.000Z;2026-10-04T23:59:59.999Z;
Fulmine;89016;500000;500;2026-09-28T00:00:00.000Z;2026-10-04T23:59:59.999Z;
Sailpost;89016;500000;1600;2026-09-28T00:00:00.000Z;2026-10-04T23:59:59.999Z;
Fulmine;89017;500000;500;2026-09-28T00:00:00.000Z;2026-10-04T23:59:59.999Z;
Poste;89017;500000;2000;2026-09-28T00:00:00.000Z;2026-10-04T23:59:59.999Z;
Fulmine;89018;500000;500;2026-09-28T00:00:00.000Z;2026-10-04T23:59:59.999Z;
Sailpost;89018;500000;2800;2026-09-28T00:00:00.000Z;2026-10-04T23:59:59.999Z;
Poste;89020;500000;2000;2026-09-28T00:00:00.000Z;2026-10-04T23:59:59.999Z;
Fulmine;89020;500000;500;2026-09-28T00:00:00.000Z;2026-10-04T23:59:59.999Z;
Fulmine;89021;500000;500;2026-09-28T00:00:00.000Z;2026-10-04T23:59:59.999Z;
Sailpost;89021;500000;1400;2026-09-28T00:00:00.000Z;2026-10-04T23:59:59.999Z;
Fulmine;89022;500000;500;2026-09-28T00:00:00.000Z;2026-10-04T23:59:59.999Z;
Sailpost;89022;500000;2100;2026-09-28T00:00:00.000Z;2026-10-04T23:59:59.999Z;
Fulmine;89023;500000;500;2026-09-28T00:00:00.000Z;2026-10-04T23:59:59.999Z;
Sailpost;89023;500000;1100;2026-09-28T00:00:00.000Z;2026-10-04T23:59:59.999Z;
Fulmine;89024;500000;500;2026-09-28T00:00:00.000Z;2026-10-04T23:59:59.999Z;
Sailpost;89024;500000;2200;2026-09-28T00:00:00.000Z;2026-10-04T23:59:59.999Z;
Fulmine;89025;500000;500;2026-09-28T00:00:00.000Z;2026-10-04T23:59:59.999Z;
Sailpost;89025;500000;3100;2026-09-28T00:00:00.000Z;2026-10-04T23:59:59.999Z;
Fulmine;89026;500000;500;2026-09-28T00:00:00.000Z;2026-10-04T23:59:59.999Z;
Sailpost;89026;500000;1100;2026-09-28T00:00:00.000Z;2026-10-04T23:59:59.999Z;
Fulmine;89027;500000;500;2026-09-28T00:00:00.000Z;2026-10-04T23:59:59.999Z;
Sailpost;89027;500000;900;2026-09-28T00:00:00.000Z;2026-10-04T23:59:59.999Z;
Fulmine;89028;500000;500;2026-09-28T00:00:00.000Z;2026-10-04T23:59:59.999Z;
Sailpost;89028;500000;600;2026-09-28T00:00:00.000Z;2026-10-04T23:59:59.999Z;
Fulmine;89029;500000;500;2026-09-28T00:00:00.000Z;2026-10-04T23:59:59.999Z;
Sailpost;89029;500000;3200;2026-09-28T00:00:00.000Z;2026-10-04T23:59:59.999Z;
Fulmine;89030;500000;500;2026-09-28T00:00:00.000Z;2026-10-04T23:59:59.999Z;
Sailpost;89030;500000;4400;2026-09-28T00:00:00.000Z;2026-10-04T23:59:59.999Z;
Fulmine;89031;500000;500;2026-09-28T00:00:00.000Z;2026-10-04T23:59:59.999Z;
Sailpost;89031;500000;1100;2026-09-28T00:00:00.000Z;2026-10-04T23:59:59.999Z;
Fulmine;89032;500000;500;2026-09-28T00:00:00.000Z;2026-10-04T23:59:59.999Z;
Sailpost;89032;500000;900;2026-09-28T00:00:00.000Z;2026-10-04T23:59:59.999Z;
Poste;89033;500000;2000;2026-09-28T00:00:00.000Z;2026-10-04T23:59:59.999Z;
Fulmine;89033;500000;500;2026-09-28T00:00:00.000Z;2026-10-04T23:59:59.999Z;
Fulmine;89034;500000;500;2026-09-28T00:00:00.000Z;2026-10-04T23:59:59.999Z;
Sailpost;89034;500000;1900;2026-09-28T00:00:00.000Z;2026-10-04T23:59:59.999Z;
Fulmine;89035;500000;500;2026-09-28T00:00:00.000Z;2026-10-04T23:59:59.999Z;
Poste;89035;500000;2000;2026-09-28T00:00:00.000Z;2026-10-04T23:59:59.999Z;
Fulmine;89036;500000;500;2026-09-28T00:00:00.000Z;2026-10-04T23:59:59.999Z;
Sailpost;89036;500000;800;2026-09-28T00:00:00.000Z;2026-10-04T23:59:59.999Z;
Fulmine;89037;500000;500;2026-09-28T00:00:00.000Z;2026-10-04T23:59:59.999Z;
Sailpost;89037;500000;100;2026-09-28T00:00:00.000Z;2026-10-04T23:59:59.999Z;
Fulmine;89038;500000;500;2026-09-28T00:00:00.000Z;2026-10-04T23:59:59.999Z;
Poste;89038;500000;2000;2026-09-28T00:00:00.000Z;2026-10-04T23:59:59.999Z;
Fulmine;89039;500000;500;2026-09-28T00:00:00.000Z;2026-10-04T23:59:59.999Z;
Poste;89039;500000;2000;2026-09-28T00:00:00.000Z;2026-10-04T23:59:59.999Z;
Poste;89040;500000;2000;2026-09-28T00:00:00.000Z;2026-10-04T23:59:59.999Z;
Fulmine;89041;500000;500;2026-09-28T00:00:00.000Z;2026-10-04T23:59:59.999Z;
Sailpost;89041;500000;1500;2026-09-28T00:00:00.000Z;2026-10-04T23:59:59.999Z;
Fulmine;89042;500000;500;2026-09-28T00:00:00.000Z;2026-10-04T23:59:59.999Z;
Sailpost;89042;500000;1500;2026-09-28T00:00:00.000Z;2026-10-04T23:59:59.999Z;
Fulmine;89043;500000;500;2026-09-28T00:00:00.000Z;2026-10-04T23:59:59.999Z;
Poste;89043;500000;2000;2026-09-28T00:00:00.000Z;2026-10-04T23:59:59.999Z;
Fulmine;89044;500000;500;2026-09-28T00:00:00.000Z;2026-10-04T23:59:59.999Z;
Sailpost;89044;500000;2600;2026-09-28T00:00:00.000Z;2026-10-04T23:59:59.999Z;
Fulmine;89045;500000;500;2026-09-28T00:00:00.000Z;2026-10-04T23:59:59.999Z;
Poste;89045;500000;2000;2026-09-28T00:00:00.000Z;2026-10-04T23:59:59.999Z;
Fulmine;89046;500000;500;2026-09-28T00:00:00.000Z;2026-10-04T23:59:59.999Z;
Sailpost;89046;500000;1400;2026-09-28T00:00:00.000Z;2026-10-04T23:59:59.999Z;
Fulmine;89047;500000;500;2026-09-28T00:00:00.000Z;2026-10-04T23:59:59.999Z;
Sailpost;89047;500000;1400;2026-09-28T00:00:00.000Z;2026-10-04T23:59:59.999Z;
Fulmine;89048;500000;500;2026-09-28T00:00:00.000Z;2026-10-04T23:59:59.999Z;
Sailpost;89048;500000;3700;2026-09-28T00:00:00.000Z;2026-10-04T23:59:59.999Z;
Fulmine;89049;500000;500;2026-09-28T00:00:00.000Z;2026-10-04T23:59:59.999Z;
Poste;89049;500000;2000;2026-09-28T00:00:00.000Z;2026-10-04T23:59:59.999Z;
Poste;89050;500000;2000;2026-09-28T00:00:00.000Z;2026-10-04T23:59:59.999Z;
Fulmine;89050;500000;500;2026-09-28T00:00:00.000Z;2026-10-04T23:59:59.999Z;
Fulmine;89052;500000;500;2026-09-28T00:00:00.000Z;2026-10-04T23:59:59.999Z;
Sailpost;89052;500000;1000;2026-09-28T00:00:00.000Z;2026-10-04T23:59:59.999Z;
Fulmine;89054;500000;500;2026-09-28T00:00:00.000Z;2026-10-04T23:59:59.999Z;
Poste;89054;500000;2000;2026-09-28T00:00:00.000Z;2026-10-04T23:59:59.999Z;
Poste;89056;500000;2000;2026-09-28T00:00:00.000Z;2026-10-04T23:59:59.999Z;
Fulmine;89056;500000;500;2026-09-28T00:00:00.000Z;2026-10-04T23:59:59.999Z;
Poste;89057;500000;2000;2026-09-28T00:00:00.000Z;2026-10-04T23:59:59.999Z;
Fulmine;89057;500000;500;2026-09-28T00:00:00.000Z;2026-10-04T23:59:59.999Z;
Fulmine;89058;500000;500;2026-09-28T00:00:00.000Z;2026-10-04T23:59:59.999Z;
Sailpost;89058;500000;1000;2026-09-28T00:00:00.000Z;2026-10-04T23:59:59.999Z;
Poste;89060;500000;2000;2026-09-28T00:00:00.000Z;2026-10-04T23:59:59.999Z;
Fulmine;89060;500000;500;2026-09-28T00:00:00.000Z;2026-10-04T23:59:59.999Z;
Poste;89062;500000;2000;2026-09-28T00:00:00.000Z;2026-10-04T23:59:59.999Z;
Fulmine;89062;500000;500;2026-09-28T00:00:00.000Z;2026-10-04T23:59:59.999Z;
Fulmine;89063;500000;500;2026-09-28T00:00:00.000Z;2026-10-04T23:59:59.999Z;
Sailpost;89063;500000;2400;2026-09-28T00:00:00.000Z;2026-10-04T23:59:59.999Z;
Fulmine;89064;500000;500;2026-09-28T00:00:00.000Z;2026-10-04T23:59:59.999Z;
Sailpost;89064;500000;1400;2026-09-28T00:00:00.000Z;2026-10-04T23:59:59.999Z;
Fulmine;89065;500000;500;2026-09-28T00:00:00.000Z;2026-10-04T23:59:59.999Z;
Poste;89065;500000;2000;2026-09-28T00:00:00.000Z;2026-10-04T23:59:59.999Z;
Fulmine;89069;500000;500;2026-09-28T00:00:00.000Z;2026-10-04T23:59:59.999Z;
Poste;89069;500000;2000;2026-09-28T00:00:00.000Z;2026-10-04T23:59:59.999Z;
Fulmine;89121;500000;500;2026-09-28T00:00:00.000Z;2026-10-04T23:59:59.999Z;
Sailpost;89121;500000;1400;2026-09-28T00:00:00.000Z;2026-10-04T23:59:59.999Z;
Fulmine;89122;500000;500;2026-09-28T00:00:00.000Z;2026-10-04T23:59:59.999Z;
Sailpost;89122;500000;800;2026-09-28T00:00:00.000Z;2026-10-04T23:59:59.999Z;
Fulmine;89123;500000;500;2026-09-28T00:00:00.000Z;2026-10-04T23:59:59.999Z;
Sailpost;89123;500000;100;2026-09-28T00:00:00.000Z;2026-10-04T23:59:59.999Z;
Fulmine;89124;500000;500;2026-09-28T00:00:00.000Z;2026-10-04T23:59:59.999Z;
Sailpost;89124;500000;400;2026-09-28T00:00:00.000Z;2026-10-04T23:59:59.999Z;
Fulmine;89125;500000;500;2026-09-28T00:00:00.000Z;2026-10-04T23:59:59.999Z;
Sailpost;89125;500000;100;2026-09-28T00:00:00.000Z;2026-10-04T23:59:59.999Z;
Fulmine;89126;500000;500;2026-09-28T00:00:00.000Z;2026-10-04T23:59:59.999Z;
Sailpost;89126;500000;9000;2026-09-28T00:00:00.000Z;2026-10-04T23:59:59.999Z;
Fulmine;89127;500000;500;2026-09-28T00:00:00.000Z;2026-10-04T23:59:59.999Z;
Sailpost;89127;500000;100;2026-09-28T00:00:00.000Z;2026-10-04T23:59:59.999Z;
Fulmine;89128;500000;500;2026-09-28T00:00:00.000Z;2026-10-04T23:59:59.999Z;
Sailpost;89128;500000;400;2026-09-28T00:00:00.000Z;2026-10-04T23:59:59.999Z;
Fulmine;89129;500000;500;2026-09-28T00:00:00.000Z;2026-10-04T23:59:59.999Z;
Sailpost;89129;500000;400;2026-09-28T00:00:00.000Z;2026-10-04T23:59:59.999Z;
Fulmine;89131;500000;500;2026-09-28T00:00:00.000Z;2026-10-04T23:59:59.999Z;
Sailpost;89131;500000;3600;2026-09-28T00:00:00.000Z;2026-10-04T23:59:59.999Z;
Fulmine;89132;500000;500;2026-09-28T00:00:00.000Z;2026-10-04T23:59:59.999Z;
Sailpost;89132;500000;400;2026-09-28T00:00:00.000Z;2026-10-04T23:59:59.999Z;
Fulmine;89133;500000;500;2026-09-28T00:00:00.000Z;2026-10-04T23:59:59.999Z;
Sailpost;89133;500000;9000;2026-09-28T00:00:00.000Z;2026-10-04T23:59:59.999Z;
Fulmine;89134;500000;500;2026-09-28T00:00:00.000Z;2026-10-04T23:59:59.999Z;
Poste;89134;500000;3000;2026-09-28T00:00:00.000Z;2026-10-04T23:59:59.999Z;
Fulmine;89135;500000;500;2026-09-28T00:00:00.000Z;2026-10-04T23:59:59.999Z;
Sailpost;89135;500000;4900;2026-09-28T00:00:00.000Z;2026-10-04T23:59:59.999Z;
Poste;VV;500000;3300;2026-09-28T00:00:00.000Z;2026-10-04T23:59:59.999Z;890
Sailpost;VV;500000;78200;2026-09-28T00:00:00.000Z;2026-10-04T23:59:59.999Z;890
Fulmine;VV;500000;15500;2026-09-28T00:00:00.000Z;2026-10-04T23:59:59.999Z;AR,RS
Fulmine;89812;500000;500;2026-09-28T00:00:00.000Z;2026-10-04T23:59:59.999Z;
Sailpost;89812;500000;5800;2026-09-28T00:00:00.000Z;2026-10-04T23:59:59.999Z;
Poste;89813;500000;2000;2026-09-28T00:00:00.000Z;2026-10-04T23:59:59.999Z;
Fulmine;89813;500000;500;2026-09-28T00:00:00.000Z;2026-10-04T23:59:59.999Z;
Fulmine;89814;500000;500;2026-09-28T00:00:00.000Z;2026-10-04T23:59:59.999Z;
Poste;89814;500000;2000;2026-09-28T00:00:00.000Z;2026-10-04T23:59:59.999Z;
Fulmine;89815;500000;500;2026-09-28T00:00:00.000Z;2026-10-04T23:59:59.999Z;
Poste;89815;500000;2000;2026-09-28T00:00:00.000Z;2026-10-04T23:59:59.999Z;
Fulmine;89816;500000;500;2026-09-28T00:00:00.000Z;2026-10-04T23:59:59.999Z;
Sailpost;89816;500000;2000;2026-09-28T00:00:00.000Z;2026-10-04T23:59:59.999Z;
Fulmine;89817;500000;500;2026-09-28T00:00:00.000Z;2026-10-04T23:59:59.999Z;
Sailpost;89817;500000;2800;2026-09-28T00:00:00.000Z;2026-10-04T23:59:59.999Z;
Poste;89818;500000;2000;2026-09-28T00:00:00.000Z;2026-10-04T23:59:59.999Z;
Fulmine;89818;500000;500;2026-09-28T00:00:00.000Z;2026-10-04T23:59:59.999Z;
Fulmine;89819;500000;500;2026-09-28T00:00:00.000Z;2026-10-04T23:59:59.999Z;
Poste;89819;500000;2000;2026-09-28T00:00:00.000Z;2026-10-04T23:59:59.999Z;
Fulmine;89821;500000;500;2026-09-28T00:00:00.000Z;2026-10-04T23:59:59.999Z;
Poste;89821;500000;2000;2026-09-28T00:00:00.000Z;2026-10-04T23:59:59.999Z;
Fulmine;89822;500000;500;2026-09-28T00:00:00.000Z;2026-10-04T23:59:59.999Z;
Poste;89822;500000;2000;2026-09-28T00:00:00.000Z;2026-10-04T23:59:59.999Z;
Fulmine;89823;500000;500;2026-09-28T00:00:00.000Z;2026-10-04T23:59:59.999Z;
Poste;89823;500000;2000;2026-09-28T00:00:00.000Z;2026-10-04T23:59:59.999Z;
Poste;89824;500000;2000;2026-09-28T00:00:00.000Z;2026-10-04T23:59:59.999Z;
Fulmine;89824;500000;500;2026-09-28T00:00:00.000Z;2026-10-04T23:59:59.999Z;
Fulmine;89831;500000;500;2026-09-28T00:00:00.000Z;2026-10-04T23:59:59.999Z;
Poste;89831;500000;2000;2026-09-28T00:00:00.000Z;2026-10-04T23:59:59.999Z;
Fulmine;89832;500000;500;2026-09-28T00:00:00.000Z;2026-10-04T23:59:59.999Z;
Sailpost;89832;500000;3100;2026-09-28T00:00:00.000Z;2026-10-04T23:59:59.999Z;
Fulmine;89833;500000;500;2026-09-28T00:00:00.000Z;2026-10-04T23:59:59.999Z;
Poste;89833;500000;2000;2026-09-28T00:00:00.000Z;2026-10-04T23:59:59.999Z;
Fulmine;89834;500000;500;2026-09-28T00:00:00.000Z;2026-10-04T23:59:59.999Z;
Poste;89834;500000;2000;2026-09-28T00:00:00.000Z;2026-10-04T23:59:59.999Z;
Fulmine;89841;500000;500;2026-09-28T00:00:00.000Z;2026-10-04T23:59:59.999Z;
Sailpost;89841;500000;3900;2026-09-28T00:00:00.000Z;2026-10-04T23:59:59.999Z;
Fulmine;89842;500000;500;2026-09-28T00:00:00.000Z;2026-10-04T23:59:59.999Z;
Sailpost;89842;500000;2600;2026-09-28T00:00:00.000Z;2026-10-04T23:59:59.999Z;
Fulmine;89843;500000;500;2026-09-28T00:00:00.000Z;2026-10-04T23:59:59.999Z;
Sailpost;89843;500000;5600;2026-09-28T00:00:00.000Z;2026-10-04T23:59:59.999Z;
Fulmine;89844;500000;500;2026-09-28T00:00:00.000Z;2026-10-04T23:59:59.999Z;
Sailpost;89844;500000;6700;2026-09-28T00:00:00.000Z;2026-10-04T23:59:59.999Z;
Fulmine;89851;500000;500;2026-09-28T00:00:00.000Z;2026-10-04T23:59:59.999Z;
Sailpost;89851;500000;5100;2026-09-28T00:00:00.000Z;2026-10-04T23:59:59.999Z;
Fulmine;89852;500000;500;2026-09-28T00:00:00.000Z;2026-10-04T23:59:59.999Z;
Sailpost;89852;500000;4000;2026-09-28T00:00:00.000Z;2026-10-04T23:59:59.999Z;
Fulmine;89853;500000;500;2026-09-28T00:00:00.000Z;2026-10-04T23:59:59.999Z;
Sailpost;89853;500000;1700;2026-09-28T00:00:00.000Z;2026-10-04T23:59:59.999Z;
Fulmine;89861;500000;500;2026-09-28T00:00:00.000Z;2026-10-04T23:59:59.999Z;
Sailpost;89861;500000;4800;2026-09-28T00:00:00.000Z;2026-10-04T23:59:59.999Z;
Fulmine;89862;500000;500;2026-09-28T00:00:00.000Z;2026-10-04T23:59:59.999Z;
Sailpost;89862;500000;1300;2026-09-28T00:00:00.000Z;2026-10-04T23:59:59.999Z;
Fulmine;89863;500000;500;2026-09-28T00:00:00.000Z;2026-10-04T23:59:59.999Z;
Sailpost;89863;500000;900;2026-09-28T00:00:00.000Z;2026-10-04T23:59:59.999Z;
Fulmine;89864;500000;500;2026-09-28T00:00:00.000Z;2026-10-04T23:59:59.999Z;
Sailpost;89864;500000;1200;2026-09-28T00:00:00.000Z;2026-10-04T23:59:59.999Z;
Fulmine;89866;500000;500;2026-09-28T00:00:00.000Z;2026-10-04T23:59:59.999Z;
Sailpost;89866;500000;3000;2026-09-28T00:00:00.000Z;2026-10-04T23:59:59.999Z;
Fulmine;89867;500000;500;2026-09-28T00:00:00.000Z;2026-10-04T23:59:59.999Z;
Sailpost;89867;500000;1700;2026-09-28T00:00:00.000Z;2026-10-04T23:59:59.999Z;
Fulmine;89868;500000;500;2026-09-28T00:00:00.000Z;2026-10-04T23:59:59.999Z;
Sailpost;89868;500000;1000;2026-09-28T00:00:00.000Z;2026-10-04T23:59:59.999Z;
Fulmine;89900;500000;500;2026-09-28T00:00:00.000Z;2026-10-04T23:59:59.999Z;
Sailpost;89900;500000;21000;2026-09-28T00:00:00.000Z;2026-10-04T23:59:59.999Z;
Poste;PA;500000;26000;2026-09-28T00:00:00.000Z;2026-10-04T23:59:59.999Z;890,AR,RS
Fulmine;PA;500000;47550;2026-09-28T00:00:00.000Z;2026-10-04T23:59:59.999Z;AR,RS
Poste;90010;500000;2000;2026-09-28T00:00:00.000Z;2026-10-04T23:59:59.999Z;
Fulmine;90011;500000;700;2026-09-28T00:00:00.000Z;2026-10-04T23:59:59.999Z;
Poste;90011;500000;2000;2026-09-28T00:00:00.000Z;2026-10-04T23:59:59.999Z;
Fulmine;90012;500000;500;2026-09-28T00:00:00.000Z;2026-10-04T23:59:59.999Z;
Poste;90012;500000;2000;2026-09-28T00:00:00.000Z;2026-10-04T23:59:59.999Z;
Fulmine;90013;500000;500;2026-09-28T00:00:00.000Z;2026-10-04T23:59:59.999Z;
Poste;90013;500000;2000;2026-09-28T00:00:00.000Z;2026-10-04T23:59:59.999Z;
Fulmine;90014;500000;500;2026-09-28T00:00:00.000Z;2026-10-04T23:59:59.999Z;
Poste;90014;500000;2000;2026-09-28T00:00:00.000Z;2026-10-04T23:59:59.999Z;
Fulmine;90015;500000;500;2026-09-28T00:00:00.000Z;2026-10-04T23:59:59.999Z;
Poste;90015;500000;2000;2026-09-28T00:00:00.000Z;2026-10-04T23:59:59.999Z;
Poste;90016;500000;2000;2026-09-28T00:00:00.000Z;2026-10-04T23:59:59.999Z;
Fulmine;90017;500000;500;2026-09-28T00:00:00.000Z;2026-10-04T23:59:59.999Z;
Poste;90017;500000;2000;2026-09-28T00:00:00.000Z;2026-10-04T23:59:59.999Z;
Fulmine;90018;500000;500;2026-09-28T00:00:00.000Z;2026-10-04T23:59:59.999Z;
Poste;90018;500000;2000;2026-09-28T00:00:00.000Z;2026-10-04T23:59:59.999Z;
Fulmine;90019;500000;500;2026-09-28T00:00:00.000Z;2026-10-04T23:59:59.999Z;
Poste;90019;500000;2000;2026-09-28T00:00:00.000Z;2026-10-04T23:59:59.999Z;
Fulmine;90020;500000;500;2026-09-28T00:00:00.000Z;2026-10-04T23:59:59.999Z;
Poste;90020;500000;2000;2026-09-28T00:00:00.000Z;2026-10-04T23:59:59.999Z;
Fulmine;90021;500000;500;2026-09-28T00:00:00.000Z;2026-10-04T23:59:59.999Z;
Poste;90021;500000;2000;2026-09-28T00:00:00.000Z;2026-10-04T23:59:59.999Z;
Fulmine;90022;500000;500;2026-09-28T00:00:00.000Z;2026-10-04T23:59:59.999Z;
Poste;90022;500000;2000;2026-09-28T00:00:00.000Z;2026-10-04T23:59:59.999Z;
Fulmine;90023;500000;500;2026-09-28T00:00:00.000Z;2026-10-04T23:59:59.999Z;
Poste;90023;500000;2000;2026-09-28T00:00:00.000Z;2026-10-04T23:59:59.999Z;
Poste;90024;500000;2000;2026-09-28T00:00:00.000Z;2026-10-04T23:59:59.999Z;
Fulmine;90025;500000;500;2026-09-28T00:00:00.000Z;2026-10-04T23:59:59.999Z;
Poste;90025;500000;2000;2026-09-28T00:00:00.000Z;2026-10-04T23:59:59.999Z;
Poste;90026;500000;2000;2026-09-28T00:00:00.000Z;2026-10-04T23:59:59.999Z;
Poste;90027;500000;2000;2026-09-28T00:00:00.000Z;2026-10-04T23:59:59.999Z;
Poste;90028;500000;2000;2026-09-28T00:00:00.000Z;2026-10-04T23:59:59.999Z;
Fulmine;90029;500000;500;2026-09-28T00:00:00.000Z;2026-10-04T23:59:59.999Z;
Poste;90029;500000;2000;2026-09-28T00:00:00.000Z;2026-10-04T23:59:59.999Z;
Fulmine;90030;500000;750;2026-09-28T00:00:00.000Z;2026-10-04T23:59:59.999Z;
Poste;90030;500000;2000;2026-09-28T00:00:00.000Z;2026-10-04T23:59:59.999Z;
Poste;90031;500000;2000;2026-09-28T00:00:00.000Z;2026-10-04T23:59:59.999Z;
Fulmine;90032;500000;500;2026-09-28T00:00:00.000Z;2026-10-04T23:59:59.999Z;
Poste;90032;500000;2000;2026-09-28T00:00:00.000Z;2026-10-04T23:59:59.999Z;
Fulmine;90033;500000;500;2026-09-28T00:00:00.000Z;2026-10-04T23:59:59.999Z;
Poste;90033;500000;2000;2026-09-28T00:00:00.000Z;2026-10-04T23:59:59.999Z;
Fulmine;90034;500000;1100;2026-09-28T00:00:00.000Z;2026-10-04T23:59:59.999Z;
Poste;90034;500000;2000;2026-09-28T00:00:00.000Z;2026-10-04T23:59:59.999Z;
Fulmine;90035;500000;500;2026-09-28T00:00:00.000Z;2026-10-04T23:59:59.999Z;
Poste;90035;500000;2000;2026-09-28T00:00:00.000Z;2026-10-04T23:59:59.999Z;
Fulmine;90036;500000;950;2026-09-28T00:00:00.000Z;2026-10-04T23:59:59.999Z;
Poste;90036;500000;2000;2026-09-28T00:00:00.000Z;2026-10-04T23:59:59.999Z;
Fulmine;90037;500000;500;2026-09-28T00:00:00.000Z;2026-10-04T23:59:59.999Z;
Poste;90037;500000;2000;2026-09-28T00:00:00.000Z;2026-10-04T23:59:59.999Z;
Fulmine;90038;500000;500;2026-09-28T00:00:00.000Z;2026-10-04T23:59:59.999Z;
Poste;90038;500000;2000;2026-09-28T00:00:00.000Z;2026-10-04T23:59:59.999Z;
Fulmine;90039;500000;500;2026-09-28T00:00:00.000Z;2026-10-04T23:59:59.999Z;
Poste;90039;500000;2000;2026-09-28T00:00:00.000Z;2026-10-04T23:59:59.999Z;
Fulmine;90040;500000;1150;2026-09-28T00:00:00.000Z;2026-10-04T23:59:59.999Z;
Poste;90040;500000;2000;2026-09-28T00:00:00.000Z;2026-10-04T23:59:59.999Z;
Fulmine;90041;500000;500;2026-09-28T00:00:00.000Z;2026-10-04T23:59:59.999Z;
Poste;90041;500000;2000;2026-09-28T00:00:00.000Z;2026-10-04T23:59:59.999Z;
Fulmine;90042;500000;500;2026-09-28T00:00:00.000Z;2026-10-04T23:59:59.999Z;
Poste;90042;500000;2000;2026-09-28T00:00:00.000Z;2026-10-04T23:59:59.999Z;
Poste;90043;500000;2000;2026-09-28T00:00:00.000Z;2026-10-04T23:59:59.999Z;
Fulmine;90044;500000;500;2026-09-28T00:00:00.000Z;2026-10-04T23:59:59.999Z;
Poste;90044;500000;2000;2026-09-28T00:00:00.000Z;2026-10-04T23:59:59.999Z;
Fulmine;90045;500000;500;2026-09-28T00:00:00.000Z;2026-10-04T23:59:59.999Z;
Poste;90045;500000;2000;2026-09-28T00:00:00.000Z;2026-10-04T23:59:59.999Z;
Fulmine;90046;500000;1300;2026-09-28T00:00:00.000Z;2026-10-04T23:59:59.999Z;
Poste;90046;500000;2000;2026-09-28T00:00:00.000Z;2026-10-04T23:59:59.999Z;
Fulmine;90047;500000;1300;2026-09-28T00:00:00.000Z;2026-10-04T23:59:59.999Z;
Poste;90047;500000;2000;2026-09-28T00:00:00.000Z;2026-10-04T23:59:59.999Z;
Fulmine;90048;500000;500;2026-09-28T00:00:00.000Z;2026-10-04T23:59:59.999Z;
Poste;90048;500000;2000;2026-09-28T00:00:00.000Z;2026-10-04T23:59:59.999Z;
Fulmine;90049;500000;500;2026-09-28T00:00:00.000Z;2026-10-04T23:59:59.999Z;
Poste;90049;500000;2000;2026-09-28T00:00:00.000Z;2026-10-04T23:59:59.999Z;
Poste;90051;500000;2000;2026-09-28T00:00:00.000Z;2026-10-04T23:59:59.999Z;
Poste;90052;500000;2000;2026-09-28T00:00:00.000Z;2026-10-04T23:59:59.999Z;
Poste;90054;500000;2000;2026-09-28T00:00:00.000Z;2026-10-04T23:59:59.999Z;
Fulmine;90061;500000;500;2026-09-28T00:00:00.000Z;2026-10-04T23:59:59.999Z;
Poste;90061;500000;2000;2026-09-28T00:00:00.000Z;2026-10-04T23:59:59.999Z;
Fulmine;90066;500000;500;2026-09-28T00:00:00.000Z;2026-10-04T23:59:59.999Z;
Poste;90066;500000;2000;2026-09-28T00:00:00.000Z;2026-10-04T23:59:59.999Z;
Fulmine;90070;500000;500;2026-09-28T00:00:00.000Z;2026-10-04T23:59:59.999Z;
Poste;90070;500000;2000;2026-09-28T00:00:00.000Z;2026-10-04T23:59:59.999Z;
Fulmine;90071;500000;500;2026-09-28T00:00:00.000Z;2026-10-04T23:59:59.999Z;
Poste;90071;500000;2000;2026-09-28T00:00:00.000Z;2026-10-04T23:59:59.999Z;
Fulmine;90072;500000;500;2026-09-28T00:00:00.000Z;2026-10-04T23:59:59.999Z;
Poste;90072;500000;2000;2026-09-28T00:00:00.000Z;2026-10-04T23:59:59.999Z;
Fulmine;90082;500000;500;2026-09-28T00:00:00.000Z;2026-10-04T23:59:59.999Z;
Poste;90082;500000;2000;2026-09-28T00:00:00.000Z;2026-10-04T23:59:59.999Z;
Fulmine;90084;500000;500;2026-09-28T00:00:00.000Z;2026-10-04T23:59:59.999Z;
Poste;90084;500000;2000;2026-09-28T00:00:00.000Z;2026-10-04T23:59:59.999Z;
Fulmine;90086;500000;500;2026-09-28T00:00:00.000Z;2026-10-04T23:59:59.999Z;
Poste;90086;500000;2000;2026-09-28T00:00:00.000Z;2026-10-04T23:59:59.999Z;
Fulmine;90088;500000;500;2026-09-28T00:00:00.000Z;2026-10-04T23:59:59.999Z;
Poste;90088;500000;2000;2026-09-28T00:00:00.000Z;2026-10-04T23:59:59.999Z;
Fulmine;90090;500000;500;2026-09-28T00:00:00.000Z;2026-10-04T23:59:59.999Z;
Poste;90090;500000;2000;2026-09-28T00:00:00.000Z;2026-10-04T23:59:59.999Z;
Fulmine;90121;500000;500;2026-09-28T00:00:00.000Z;2026-10-04T23:59:59.999Z;
Poste;90121;500000;3000;2026-09-28T00:00:00.000Z;2026-10-04T23:59:59.999Z;
Fulmine;90123;500000;900;2026-09-28T00:00:00.000Z;2026-10-04T23:59:59.999Z;
Poste;90123;500000;3000;2026-09-28T00:00:00.000Z;2026-10-04T23:59:59.999Z;
Fulmine;90124;500000;1100;2026-09-28T00:00:00.000Z;2026-10-04T23:59:59.999Z;
Poste;90124;500000;3000;2026-09-28T00:00:00.000Z;2026-10-04T23:59:59.999Z;
Fulmine;90125;500000;700;2026-09-28T00:00:00.000Z;2026-10-04T23:59:59.999Z;
Poste;90125;500000;3000;2026-09-28T00:00:00.000Z;2026-10-04T23:59:59.999Z;
Fulmine;90126;500000;725;2026-09-28T00:00:00.000Z;2026-10-04T23:59:59.999Z;
Poste;90126;500000;3000;2026-09-28T00:00:00.000Z;2026-10-04T23:59:59.999Z;
Fulmine;90127;500000;1100;2026-09-28T00:00:00.000Z;2026-10-04T23:59:59.999Z;
Poste;90127;500000;3000;2026-09-28T00:00:00.000Z;2026-10-04T23:59:59.999Z;
Fulmine;90128;500000;1300;2026-09-28T00:00:00.000Z;2026-10-04T23:59:59.999Z;
Poste;90128;500000;3000;2026-09-28T00:00:00.000Z;2026-10-04T23:59:59.999Z;
Fulmine;90129;500000;950;2026-09-28T00:00:00.000Z;2026-10-04T23:59:59.999Z;
Poste;90129;500000;3000;2026-09-28T00:00:00.000Z;2026-10-04T23:59:59.999Z;
Fulmine;90131;500000;700;2026-09-28T00:00:00.000Z;2026-10-04T23:59:59.999Z;
Poste;90131;500000;3000;2026-09-28T00:00:00.000Z;2026-10-04T23:59:59.999Z;
Fulmine;90133;500000;950;2026-09-28T00:00:00.000Z;2026-10-04T23:59:59.999Z;
Poste;90133;500000;3000;2026-09-28T00:00:00.000Z;2026-10-04T23:59:59.999Z;
Fulmine;90134;500000;950;2026-09-28T00:00:00.000Z;2026-10-04T23:59:59.999Z;
Poste;90134;500000;3000;2026-09-28T00:00:00.000Z;2026-10-04T23:59:59.999Z;
Fulmine;90135;500000;1300;2026-09-28T00:00:00.000Z;2026-10-04T23:59:59.999Z;
Poste;90135;500000;3000;2026-09-28T00:00:00.000Z;2026-10-04T23:59:59.999Z;
Fulmine;90136;500000;950;2026-09-28T00:00:00.000Z;2026-10-04T23:59:59.999Z;
Poste;90136;500000;3000;2026-09-28T00:00:00.000Z;2026-10-04T23:59:59.999Z;
Fulmine;90138;500000;1100;2026-09-28T00:00:00.000Z;2026-10-04T23:59:59.999Z;
Poste;90138;500000;3000;2026-09-28T00:00:00.000Z;2026-10-04T23:59:59.999Z;
Fulmine;90139;500000;1100;2026-09-28T00:00:00.000Z;2026-10-04T23:59:59.999Z;
Poste;90139;500000;3000;2026-09-28T00:00:00.000Z;2026-10-04T23:59:59.999Z;
Fulmine;90141;500000;700;2026-09-28T00:00:00.000Z;2026-10-04T23:59:59.999Z;
Poste;90141;500000;3000;2026-09-28T00:00:00.000Z;2026-10-04T23:59:59.999Z;
Fulmine;90142;500000;1100;2026-09-28T00:00:00.000Z;2026-10-04T23:59:59.999Z;
Poste;90142;500000;3000;2026-09-28T00:00:00.000Z;2026-10-04T23:59:59.999Z;
Fulmine;90143;500000;725;2026-09-28T00:00:00.000Z;2026-10-04T23:59:59.999Z;
Poste;90143;500000;3000;2026-09-28T00:00:00.000Z;2026-10-04T23:59:59.999Z;
Fulmine;90144;500000;900;2026-09-28T00:00:00.000Z;2026-10-04T23:59:59.999Z;
Poste;90144;500000;3000;2026-09-28T00:00:00.000Z;2026-10-04T23:59:59.999Z;
Fulmine;90145;500000;1300;2026-09-28T00:00:00.000Z;2026-10-04T23:59:59.999Z;
Poste;90145;500000;3000;2026-09-28T00:00:00.000Z;2026-10-04T23:59:59.999Z;
Fulmine;90146;500000;1300;2026-09-28T00:00:00.000Z;2026-10-04T23:59:59.999Z;
Poste;90146;500000;3000;2026-09-28T00:00:00.000Z;2026-10-04T23:59:59.999Z;
Fulmine;90147;500000;900;2026-09-28T00:00:00.000Z;2026-10-04T23:59:59.999Z;
Poste;90147;500000;3000;2026-09-28T00:00:00.000Z;2026-10-04T23:59:59.999Z;
Fulmine;90149;500000;825;2026-09-28T00:00:00.000Z;2026-10-04T23:59:59.999Z;
Poste;90149;500000;3000;2026-09-28T00:00:00.000Z;2026-10-04T23:59:59.999Z;
Fulmine;90151;500000;725;2026-09-28T00:00:00.000Z;2026-10-04T23:59:59.999Z;
Poste;90151;500000;3000;2026-09-28T00:00:00.000Z;2026-10-04T23:59:59.999Z;
Poste;TP;500000;7200;2026-09-28T00:00:00.000Z;2026-10-04T23:59:59.999Z;890,AR,RS
Fulmine;TP;500000;12340;2026-09-28T00:00:00.000Z;2026-10-04T23:59:59.999Z;AR,RS
Poste;91010;500000;2000;2026-09-28T00:00:00.000Z;2026-10-04T23:59:59.999Z;
Fulmine;91011;500000;700;2026-09-28T00:00:00.000Z;2026-10-04T23:59:59.999Z;
Poste;91011;500000;2000;2026-09-28T00:00:00.000Z;2026-10-04T23:59:59.999Z;
Fulmine;91012;500000;500;2026-09-28T00:00:00.000Z;2026-10-04T23:59:59.999Z;
Poste;91012;500000;2000;2026-09-28T00:00:00.000Z;2026-10-04T23:59:59.999Z;
Fulmine;91013;500000;500;2026-09-28T00:00:00.000Z;2026-10-04T23:59:59.999Z;
Poste;91013;500000;2000;2026-09-28T00:00:00.000Z;2026-10-04T23:59:59.999Z;
Fulmine;91014;500000;500;2026-09-28T00:00:00.000Z;2026-10-04T23:59:59.999Z;
Poste;91014;500000;2000;2026-09-28T00:00:00.000Z;2026-10-04T23:59:59.999Z;
Fulmine;91015;500000;500;2026-09-28T00:00:00.000Z;2026-10-04T23:59:59.999Z;
Poste;91015;500000;2000;2026-09-28T00:00:00.000Z;2026-10-04T23:59:59.999Z;
Fulmine;91016;500000;550;2026-09-28T00:00:00.000Z;2026-10-04T23:59:59.999Z;
Poste;91016;500000;2000;2026-09-28T00:00:00.000Z;2026-10-04T23:59:59.999Z;
Poste;91017;500000;2000;2026-09-28T00:00:00.000Z;2026-10-04T23:59:59.999Z;
Fulmine;91018;500000;900;2026-09-28T00:00:00.000Z;2026-10-04T23:59:59.999Z;
Poste;91018;500000;2000;2026-09-28T00:00:00.000Z;2026-10-04T23:59:59.999Z;
Fulmine;91019;500000;700;2026-09-28T00:00:00.000Z;2026-10-04T23:59:59.999Z;
Poste;91019;500000;2000;2026-09-28T00:00:00.000Z;2026-10-04T23:59:59.999Z;
Fulmine;91020;500000;990;2026-09-28T00:00:00.000Z;2026-10-04T23:59:59.999Z;
Poste;91020;500000;2000;2026-09-28T00:00:00.000Z;2026-10-04T23:59:59.999Z;
Fulmine;91021;500000;500;2026-09-28T00:00:00.000Z;2026-10-04T23:59:59.999Z;
Poste;91021;500000;2000;2026-09-28T00:00:00.000Z;2026-10-04T23:59:59.999Z;
Fulmine;91022;500000;500;2026-09-28T00:00:00.000Z;2026-10-04T23:59:59.999Z;
Poste;91022;500000;2000;2026-09-28T00:00:00.000Z;2026-10-04T23:59:59.999Z;
Poste;91023;500000;2000;2026-09-28T00:00:00.000Z;2026-10-04T23:59:59.999Z;
Fulmine;91024;500000;500;2026-09-28T00:00:00.000Z;2026-10-04T23:59:59.999Z;
Poste;91024;500000;2000;2026-09-28T00:00:00.000Z;2026-10-04T23:59:59.999Z;
Fulmine;91025;500000;700;2026-09-28T00:00:00.000Z;2026-10-04T23:59:59.999Z;
Poste;91025;500000;2000;2026-09-28T00:00:00.000Z;2026-10-04T23:59:59.999Z;
Fulmine;91026;500000;700;2026-09-28T00:00:00.000Z;2026-10-04T23:59:59.999Z;
Poste;91026;500000;2000;2026-09-28T00:00:00.000Z;2026-10-04T23:59:59.999Z;
Fulmine;91027;500000;500;2026-09-28T00:00:00.000Z;2026-10-04T23:59:59.999Z;
Poste;91027;500000;2000;2026-09-28T00:00:00.000Z;2026-10-04T23:59:59.999Z;
Fulmine;91028;500000;500;2026-09-28T00:00:00.000Z;2026-10-04T23:59:59.999Z;
Poste;91028;500000;2000;2026-09-28T00:00:00.000Z;2026-10-04T23:59:59.999Z;
Fulmine;91029;500000;500;2026-09-28T00:00:00.000Z;2026-10-04T23:59:59.999Z;
Poste;91029;500000;2000;2026-09-28T00:00:00.000Z;2026-10-04T23:59:59.999Z;
Poste;91030;500000;2000;2026-09-28T00:00:00.000Z;2026-10-04T23:59:59.999Z;
Fulmine;91031;500000;500;2026-09-28T00:00:00.000Z;2026-10-04T23:59:59.999Z;
Poste;91031;500000;2000;2026-09-28T00:00:00.000Z;2026-10-04T23:59:59.999Z;
Fulmine;91032;500000;500;2026-09-28T00:00:00.000Z;2026-10-04T23:59:59.999Z;
Poste;91032;500000;2000;2026-09-28T00:00:00.000Z;2026-10-04T23:59:59.999Z;
Fulmine;91100;500000;1100;2026-09-28T00:00:00.000Z;2026-10-04T23:59:59.999Z;
Poste;91100;500000;3000;2026-09-28T00:00:00.000Z;2026-10-04T23:59:59.999Z;
Fulmine;AG;500000;12275;2026-09-28T00:00:00.000Z;2026-10-04T23:59:59.999Z;AR,RS
Poste;AG;500000;6600;2026-09-28T00:00:00.000Z;2026-10-04T23:59:59.999Z;890,AR,RS
Fulmine;92010;500000;500;2026-09-28T00:00:00.000Z;2026-10-04T23:59:59.999Z;
Poste;92010;500000;2000;2026-09-28T00:00:00.000Z;2026-10-04T23:59:59.999Z;
Fulmine;92011;500000;500;2026-09-28T00:00:00.000Z;2026-10-04T23:59:59.999Z;
Poste;92011;500000;2000;2026-09-28T00:00:00.000Z;2026-10-04T23:59:59.999Z;
Fulmine;92012;500000;500;2026-09-28T00:00:00.000Z;2026-10-04T23:59:59.999Z;
Poste;92012;500000;2000;2026-09-28T00:00:00.000Z;2026-10-04T23:59:59.999Z;
Fulmine;92013;500000;500;2026-09-28T00:00:00.000Z;2026-10-04T23:59:59.999Z;
Poste;92013;500000;2000;2026-09-28T00:00:00.000Z;2026-10-04T23:59:59.999Z;
Fulmine;92014;500000;500;2026-09-28T00:00:00.000Z;2026-10-04T23:59:59.999Z;
Poste;92014;500000;2000;2026-09-28T00:00:00.000Z;2026-10-04T23:59:59.999Z;
Fulmine;92015;500000;500;2026-09-28T00:00:00.000Z;2026-10-04T23:59:59.999Z;
Poste;92015;500000;2000;2026-09-28T00:00:00.000Z;2026-10-04T23:59:59.999Z;
Fulmine;92016;500000;500;2026-09-28T00:00:00.000Z;2026-10-04T23:59:59.999Z;
Poste;92016;500000;2000;2026-09-28T00:00:00.000Z;2026-10-04T23:59:59.999Z;
Fulmine;92017;500000;500;2026-09-28T00:00:00.000Z;2026-10-04T23:59:59.999Z;
Poste;92017;500000;2000;2026-09-28T00:00:00.000Z;2026-10-04T23:59:59.999Z;
Fulmine;92018;500000;500;2026-09-28T00:00:00.000Z;2026-10-04T23:59:59.999Z;
Poste;92018;500000;2000;2026-09-28T00:00:00.000Z;2026-10-04T23:59:59.999Z;
Fulmine;92019;500000;500;2026-09-28T00:00:00.000Z;2026-10-04T23:59:59.999Z;
Poste;92019;500000;2000;2026-09-28T00:00:00.000Z;2026-10-04T23:59:59.999Z;
Fulmine;92020;500000;500;2026-09-28T00:00:00.000Z;2026-10-04T23:59:59.999Z;
Poste;92020;500000;2000;2026-09-28T00:00:00.000Z;2026-10-04T23:59:59.999Z;
Fulmine;92021;500000;500;2026-09-28T00:00:00.000Z;2026-10-04T23:59:59.999Z;
Poste;92021;500000;2000;2026-09-28T00:00:00.000Z;2026-10-04T23:59:59.999Z;
Fulmine;92022;500000;500;2026-09-28T00:00:00.000Z;2026-10-04T23:59:59.999Z;
Poste;92022;500000;2000;2026-09-28T00:00:00.000Z;2026-10-04T23:59:59.999Z;
Fulmine;92023;500000;500;2026-09-28T00:00:00.000Z;2026-10-04T23:59:59.999Z;
Poste;92023;500000;2000;2026-09-28T00:00:00.000Z;2026-10-04T23:59:59.999Z;
Fulmine;92024;500000;500;2026-09-28T00:00:00.000Z;2026-10-04T23:59:59.999Z;
Poste;92024;500000;2000;2026-09-28T00:00:00.000Z;2026-10-04T23:59:59.999Z;
Fulmine;92025;500000;500;2026-09-28T00:00:00.000Z;2026-10-04T23:59:59.999Z;
Poste;92025;500000;2000;2026-09-28T00:00:00.000Z;2026-10-04T23:59:59.999Z;
Fulmine;92026;500000;500;2026-09-28T00:00:00.000Z;2026-10-04T23:59:59.999Z;
Poste;92026;500000;2000;2026-09-28T00:00:00.000Z;2026-10-04T23:59:59.999Z;
Fulmine;92027;500000;500;2026-09-28T00:00:00.000Z;2026-10-04T23:59:59.999Z;
Poste;92027;500000;2000;2026-09-28T00:00:00.000Z;2026-10-04T23:59:59.999Z;
Fulmine;92028;500000;500;2026-09-28T00:00:00.000Z;2026-10-04T23:59:59.999Z;
Poste;92028;500000;2000;2026-09-28T00:00:00.000Z;2026-10-04T23:59:59.999Z;
Fulmine;92029;500000;500;2026-09-28T00:00:00.000Z;2026-10-04T23:59:59.999Z;
Poste;92029;500000;2000;2026-09-28T00:00:00.000Z;2026-10-04T23:59:59.999Z;
Poste;92031;500000;2000;2026-09-28T00:00:00.000Z;2026-10-04T23:59:59.999Z;
Fulmine;92035;500000;500;2026-09-28T00:00:00.000Z;2026-10-04T23:59:59.999Z;
Poste;92035;500000;2000;2026-09-28T00:00:00.000Z;2026-10-04T23:59:59.999Z;
Fulmine;92038;500000;500;2026-09-28T00:00:00.000Z;2026-10-04T23:59:59.999Z;
Poste;92038;500000;2000;2026-09-28T00:00:00.000Z;2026-10-04T23:59:59.999Z;
Fulmine;92044;500000;500;2026-09-28T00:00:00.000Z;2026-10-04T23:59:59.999Z;
Poste;92044;500000;2000;2026-09-28T00:00:00.000Z;2026-10-04T23:59:59.999Z;
Fulmine;92100;500000;775;2026-09-28T00:00:00.000Z;2026-10-04T23:59:59.999Z;
Poste;92100;500000;3000;2026-09-28T00:00:00.000Z;2026-10-04T23:59:59.999Z;
Fulmine;CL;500000;5900;2026-09-28T00:00:00.000Z;2026-10-04T23:59:59.999Z;AR,RS
Poste;CL;500000;4400;2026-09-28T00:00:00.000Z;2026-10-04T23:59:59.999Z;890
Fulmine;93010;500000;500;2026-09-28T00:00:00.000Z;2026-10-04T23:59:59.999Z;
Poste;93010;500000;2000;2026-09-28T00:00:00.000Z;2026-10-04T23:59:59.999Z;
Fulmine;93011;500000;500;2026-09-28T00:00:00.000Z;2026-10-04T23:59:59.999Z;
Poste;93011;500000;2000;2026-09-28T00:00:00.000Z;2026-10-04T23:59:59.999Z;
Fulmine;93012;500000;700;2026-09-28T00:00:00.000Z;2026-10-04T23:59:59.999Z;
Poste;93012;500000;2000;2026-09-28T00:00:00.000Z;2026-10-04T23:59:59.999Z;
Fulmine;93013;500000;500;2026-09-28T00:00:00.000Z;2026-10-04T23:59:59.999Z;
Poste;93013;500000;2000;2026-09-28T00:00:00.000Z;2026-10-04T23:59:59.999Z;
Fulmine;93014;500000;500;2026-09-28T00:00:00.000Z;2026-10-04T23:59:59.999Z;
Poste;93014;500000;2000;2026-09-28T00:00:00.000Z;2026-10-04T23:59:59.999Z;
Fulmine;93015;500000;500;2026-09-28T00:00:00.000Z;2026-10-04T23:59:59.999Z;
Poste;93015;500000;2000;2026-09-28T00:00:00.000Z;2026-10-04T23:59:59.999Z;
Fulmine;93016;500000;500;2026-09-28T00:00:00.000Z;2026-10-04T23:59:59.999Z;
Poste;93016;500000;2000;2026-09-28T00:00:00.000Z;2026-10-04T23:59:59.999Z;
Fulmine;93017;500000;500;2026-09-28T00:00:00.000Z;2026-10-04T23:59:59.999Z;
Poste;93017;500000;2000;2026-09-28T00:00:00.000Z;2026-10-04T23:59:59.999Z;
Fulmine;93018;500000;500;2026-09-28T00:00:00.000Z;2026-10-04T23:59:59.999Z;
Poste;93018;500000;2000;2026-09-28T00:00:00.000Z;2026-10-04T23:59:59.999Z;
Fulmine;93019;500000;500;2026-09-28T00:00:00.000Z;2026-10-04T23:59:59.999Z;
Poste;93019;500000;2000;2026-09-28T00:00:00.000Z;2026-10-04T23:59:59.999Z;
Fulmine;93100;500000;700;2026-09-28T00:00:00.000Z;2026-10-04T23:59:59.999Z;
Poste;93100;500000;3000;2026-09-28T00:00:00.000Z;2026-10-04T23:59:59.999Z;
Fulmine;EN;500000;6000;2026-09-28T00:00:00.000Z;2026-10-04T23:59:59.999Z;AR,RS
Poste;EN;500000;2300;2026-09-28T00:00:00.000Z;2026-10-04T23:59:59.999Z;890,AR,RS
Poste;94010;500000;2000;2026-09-28T00:00:00.000Z;2026-10-04T23:59:59.999Z;
Fulmine;94011;500000;500;2026-09-28T00:00:00.000Z;2026-10-04T23:59:59.999Z;
Poste;94011;500000;2000;2026-09-28T00:00:00.000Z;2026-10-04T23:59:59.999Z;
Fulmine;94012;500000;500;2026-09-28T00:00:00.000Z;2026-10-04T23:59:59.999Z;
Poste;94012;500000;2000;2026-09-28T00:00:00.000Z;2026-10-04T23:59:59.999Z;
Fulmine;94013;500000;500;2026-09-28T00:00:00.000Z;2026-10-04T23:59:59.999Z;
Poste;94013;500000;2000;2026-09-28T00:00:00.000Z;2026-10-04T23:59:59.999Z;
Fulmine;94014;500000;500;2026-09-28T00:00:00.000Z;2026-10-04T23:59:59.999Z;
Poste;94014;500000;2000;2026-09-28T00:00:00.000Z;2026-10-04T23:59:59.999Z;
Fulmine;94015;500000;500;2026-09-28T00:00:00.000Z;2026-10-04T23:59:59.999Z;
Poste;94015;500000;2000;2026-09-28T00:00:00.000Z;2026-10-04T23:59:59.999Z;
Fulmine;94016;500000;500;2026-09-28T00:00:00.000Z;2026-10-04T23:59:59.999Z;
Poste;94016;500000;2000;2026-09-28T00:00:00.000Z;2026-10-04T23:59:59.999Z;
Fulmine;94017;500000;500;2026-09-28T00:00:00.000Z;2026-10-04T23:59:59.999Z;
Poste;94017;500000;2000;2026-09-28T00:00:00.000Z;2026-10-04T23:59:59.999Z;
Fulmine;94018;500000;500;2026-09-28T00:00:00.000Z;2026-10-04T23:59:59.999Z;
Poste;94018;500000;2000;2026-09-28T00:00:00.000Z;2026-10-04T23:59:59.999Z;
Fulmine;94019;500000;500;2026-09-28T00:00:00.000Z;2026-10-04T23:59:59.999Z;
Poste;94019;500000;2000;2026-09-28T00:00:00.000Z;2026-10-04T23:59:59.999Z;
Poste;94020;500000;2000;2026-09-28T00:00:00.000Z;2026-10-04T23:59:59.999Z;
Fulmine;94021;500000;500;2026-09-28T00:00:00.000Z;2026-10-04T23:59:59.999Z;
Poste;94021;500000;2000;2026-09-28T00:00:00.000Z;2026-10-04T23:59:59.999Z;
Fulmine;94028;500000;500;2026-09-28T00:00:00.000Z;2026-10-04T23:59:59.999Z;
Poste;94028;500000;2000;2026-09-28T00:00:00.000Z;2026-10-04T23:59:59.999Z;
Fulmine;94100;500000;500;2026-09-28T00:00:00.000Z;2026-10-04T23:59:59.999Z;
Poste;94100;500000;3000;2026-09-28T00:00:00.000Z;2026-10-04T23:59:59.999Z;
Fulmine;CT;500000;30810;2026-09-28T00:00:00.000Z;2026-10-04T23:59:59.999Z;AR,RS
Poste;CT;500000;19800;2026-09-28T00:00:00.000Z;2026-10-04T23:59:59.999Z;890,AR,RS
Fulmine;95010;500000;500;2026-09-28T00:00:00.000Z;2026-10-04T23:59:59.999Z;
Poste;95010;500000;2000;2026-09-28T00:00:00.000Z;2026-10-04T23:59:59.999Z;
Fulmine;95011;500000;500;2026-09-28T00:00:00.000Z;2026-10-04T23:59:59.999Z;
Poste;95011;500000;2000;2026-09-28T00:00:00.000Z;2026-10-04T23:59:59.999Z;
Fulmine;95012;500000;500;2026-09-28T00:00:00.000Z;2026-10-04T23:59:59.999Z;
Poste;95012;500000;2000;2026-09-28T00:00:00.000Z;2026-10-04T23:59:59.999Z;
Fulmine;95013;500000;500;2026-09-28T00:00:00.000Z;2026-10-04T23:59:59.999Z;
Poste;95013;500000;2000;2026-09-28T00:00:00.000Z;2026-10-04T23:59:59.999Z;
Fulmine;95014;500000;500;2026-09-28T00:00:00.000Z;2026-10-04T23:59:59.999Z;
Poste;95014;500000;2000;2026-09-28T00:00:00.000Z;2026-10-04T23:59:59.999Z;
Fulmine;95015;500000;500;2026-09-28T00:00:00.000Z;2026-10-04T23:59:59.999Z;
Poste;95015;500000;2000;2026-09-28T00:00:00.000Z;2026-10-04T23:59:59.999Z;
Fulmine;95016;500000;500;2026-09-28T00:00:00.000Z;2026-10-04T23:59:59.999Z;
Poste;95016;500000;2000;2026-09-28T00:00:00.000Z;2026-10-04T23:59:59.999Z;
Fulmine;95017;500000;500;2026-09-28T00:00:00.000Z;2026-10-04T23:59:59.999Z;
Poste;95017;500000;2000;2026-09-28T00:00:00.000Z;2026-10-04T23:59:59.999Z;
Fulmine;95018;500000;500;2026-09-28T00:00:00.000Z;2026-10-04T23:59:59.999Z;
Poste;95018;500000;2000;2026-09-28T00:00:00.000Z;2026-10-04T23:59:59.999Z;
Fulmine;95019;500000;500;2026-09-28T00:00:00.000Z;2026-10-04T23:59:59.999Z;
Poste;95019;500000;2000;2026-09-28T00:00:00.000Z;2026-10-04T23:59:59.999Z;
Fulmine;95020;500000;500;2026-09-28T00:00:00.000Z;2026-10-04T23:59:59.999Z;
Poste;95020;500000;2000;2026-09-28T00:00:00.000Z;2026-10-04T23:59:59.999Z;
Fulmine;95021;500000;500;2026-09-28T00:00:00.000Z;2026-10-04T23:59:59.999Z;
Poste;95021;500000;2000;2026-09-28T00:00:00.000Z;2026-10-04T23:59:59.999Z;
Fulmine;95022;500000;500;2026-09-28T00:00:00.000Z;2026-10-04T23:59:59.999Z;
Poste;95022;500000;2000;2026-09-28T00:00:00.000Z;2026-10-04T23:59:59.999Z;
Fulmine;95024;500000;1300;2026-09-28T00:00:00.000Z;2026-10-04T23:59:59.999Z;
Poste;95024;500000;2000;2026-09-28T00:00:00.000Z;2026-10-04T23:59:59.999Z;
Fulmine;95025;500000;500;2026-09-28T00:00:00.000Z;2026-10-04T23:59:59.999Z;
Poste;95025;500000;2000;2026-09-28T00:00:00.000Z;2026-10-04T23:59:59.999Z;
Fulmine;95027;500000;500;2026-09-28T00:00:00.000Z;2026-10-04T23:59:59.999Z;
Poste;95027;500000;2000;2026-09-28T00:00:00.000Z;2026-10-04T23:59:59.999Z;
Fulmine;95028;500000;500;2026-09-28T00:00:00.000Z;2026-10-04T23:59:59.999Z;
Poste;95028;500000;2000;2026-09-28T00:00:00.000Z;2026-10-04T23:59:59.999Z;
Fulmine;95029;500000;900;2026-09-28T00:00:00.000Z;2026-10-04T23:59:59.999Z;
Poste;95029;500000;2000;2026-09-28T00:00:00.000Z;2026-10-04T23:59:59.999Z;
Fulmine;95030;500000;1300;2026-09-28T00:00:00.000Z;2026-10-04T23:59:59.999Z;
Poste;95030;500000;2000;2026-09-28T00:00:00.000Z;2026-10-04T23:59:59.999Z;
Fulmine;95031;500000;650;2026-09-28T00:00:00.000Z;2026-10-04T23:59:59.999Z;
Poste;95031;500000;2000;2026-09-28T00:00:00.000Z;2026-10-04T23:59:59.999Z;
Fulmine;95032;500000;500;2026-09-28T00:00:00.000Z;2026-10-04T23:59:59.999Z;
Poste;95032;500000;2000;2026-09-28T00:00:00.000Z;2026-10-04T23:59:59.999Z;
Fulmine;95033;500000;500;2026-09-28T00:00:00.000Z;2026-10-04T23:59:59.999Z;
Poste;95033;500000;2000;2026-09-28T00:00:00.000Z;2026-10-04T23:59:59.999Z;
Fulmine;95034;500000;500;2026-09-28T00:00:00.000Z;2026-10-04T23:59:59.999Z;
Poste;95034;500000;2000;2026-09-28T00:00:00.000Z;2026-10-04T23:59:59.999Z;
Fulmine;95035;500000;500;2026-09-28T00:00:00.000Z;2026-10-04T23:59:59.999Z;
Poste;95035;500000;2000;2026-09-28T00:00:00.000Z;2026-10-04T23:59:59.999Z;
Fulmine;95036;500000;500;2026-09-28T00:00:00.000Z;2026-10-04T23:59:59.999Z;
Poste;95036;500000;2000;2026-09-28T00:00:00.000Z;2026-10-04T23:59:59.999Z;
Fulmine;95037;500000;500;2026-09-28T00:00:00.000Z;2026-10-04T23:59:59.999Z;
Poste;95037;500000;2000;2026-09-28T00:00:00.000Z;2026-10-04T23:59:59.999Z;
Fulmine;95038;500000;500;2026-09-28T00:00:00.000Z;2026-10-04T23:59:59.999Z;
Poste;95038;500000;2000;2026-09-28T00:00:00.000Z;2026-10-04T23:59:59.999Z;
Fulmine;95039;500000;500;2026-09-28T00:00:00.000Z;2026-10-04T23:59:59.999Z;
Poste;95039;500000;2000;2026-09-28T00:00:00.000Z;2026-10-04T23:59:59.999Z;
Poste;95040;500000;2000;2026-09-28T00:00:00.000Z;2026-10-04T23:59:59.999Z;
Fulmine;95041;500000;500;2026-09-28T00:00:00.000Z;2026-10-04T23:59:59.999Z;
Poste;95041;500000;2000;2026-09-28T00:00:00.000Z;2026-10-04T23:59:59.999Z;
Fulmine;95042;500000;500;2026-09-28T00:00:00.000Z;2026-10-04T23:59:59.999Z;
Poste;95042;500000;2000;2026-09-28T00:00:00.000Z;2026-10-04T23:59:59.999Z;
Fulmine;95043;500000;500;2026-09-28T00:00:00.000Z;2026-10-04T23:59:59.999Z;
Poste;95043;500000;2000;2026-09-28T00:00:00.000Z;2026-10-04T23:59:59.999Z;
Fulmine;95044;500000;500;2026-09-28T00:00:00.000Z;2026-10-04T23:59:59.999Z;
Poste;95044;500000;2000;2026-09-28T00:00:00.000Z;2026-10-04T23:59:59.999Z;
Fulmine;95045;500000;660;2026-09-28T00:00:00.000Z;2026-10-04T23:59:59.999Z;
Poste;95045;500000;2000;2026-09-28T00:00:00.000Z;2026-10-04T23:59:59.999Z;
Fulmine;95046;500000;500;2026-09-28T00:00:00.000Z;2026-10-04T23:59:59.999Z;
Poste;95046;500000;2000;2026-09-28T00:00:00.000Z;2026-10-04T23:59:59.999Z;
Fulmine;95047;500000;500;2026-09-28T00:00:00.000Z;2026-10-04T23:59:59.999Z;
Poste;95047;500000;2000;2026-09-28T00:00:00.000Z;2026-10-04T23:59:59.999Z;
Fulmine;95048;500000;500;2026-09-28T00:00:00.000Z;2026-10-04T23:59:59.999Z;
Poste;95048;500000;2000;2026-09-28T00:00:00.000Z;2026-10-04T23:59:59.999Z;
Fulmine;95049;500000;500;2026-09-28T00:00:00.000Z;2026-10-04T23:59:59.999Z;
Poste;95049;500000;2000;2026-09-28T00:00:00.000Z;2026-10-04T23:59:59.999Z;
Fulmine;95050;500000;500;2026-09-28T00:00:00.000Z;2026-10-04T23:59:59.999Z;
Poste;95050;500000;2000;2026-09-28T00:00:00.000Z;2026-10-04T23:59:59.999Z;
Fulmine;95052;500000;500;2026-09-28T00:00:00.000Z;2026-10-04T23:59:59.999Z;
Poste;95052;500000;2000;2026-09-28T00:00:00.000Z;2026-10-04T23:59:59.999Z;
Fulmine;95053;500000;500;2026-09-28T00:00:00.000Z;2026-10-04T23:59:59.999Z;
Poste;95053;500000;2000;2026-09-28T00:00:00.000Z;2026-10-04T23:59:59.999Z;
Fulmine;95054;500000;500;2026-09-28T00:00:00.000Z;2026-10-04T23:59:59.999Z;
Poste;95054;500000;2000;2026-09-28T00:00:00.000Z;2026-10-04T23:59:59.999Z;
Fulmine;95055;500000;500;2026-09-28T00:00:00.000Z;2026-10-04T23:59:59.999Z;
Poste;95055;500000;2000;2026-09-28T00:00:00.000Z;2026-10-04T23:59:59.999Z;
Fulmine;95056;500000;500;2026-09-28T00:00:00.000Z;2026-10-04T23:59:59.999Z;
Poste;95056;500000;2000;2026-09-28T00:00:00.000Z;2026-10-04T23:59:59.999Z;
Fulmine;95058;500000;500;2026-09-28T00:00:00.000Z;2026-10-04T23:59:59.999Z;
Poste;95058;500000;2000;2026-09-28T00:00:00.000Z;2026-10-04T23:59:59.999Z;
Poste;95059;500000;2000;2026-09-28T00:00:00.000Z;2026-10-04T23:59:59.999Z;
Fulmine;95062;500000;500;2026-09-28T00:00:00.000Z;2026-10-04T23:59:59.999Z;
Poste;95062;500000;2000;2026-09-28T00:00:00.000Z;2026-10-04T23:59:59.999Z;
Fulmine;95121;500000;1100;2026-09-28T00:00:00.000Z;2026-10-04T23:59:59.999Z;
Poste;95121;500000;3000;2026-09-28T00:00:00.000Z;2026-10-04T23:59:59.999Z;
Fulmine;95122;500000;700;2026-09-28T00:00:00.000Z;2026-10-04T23:59:59.999Z;
Poste;95122;500000;3000;2026-09-28T00:00:00.000Z;2026-10-04T23:59:59.999Z;
Fulmine;95123;500000;700;2026-09-28T00:00:00.000Z;2026-10-04T23:59:59.999Z;
Poste;95123;500000;3000;2026-09-28T00:00:00.000Z;2026-10-04T23:59:59.999Z;
Fulmine;95124;500000;500;2026-09-28T00:00:00.000Z;2026-10-04T23:59:59.999Z;
Poste;95124;500000;3000;2026-09-28T00:00:00.000Z;2026-10-04T23:59:59.999Z;
Fulmine;95125;500000;500;2026-09-28T00:00:00.000Z;2026-10-04T23:59:59.999Z;
Poste;95125;500000;3000;2026-09-28T00:00:00.000Z;2026-10-04T23:59:59.999Z;
Fulmine;95126;500000;500;2026-09-28T00:00:00.000Z;2026-10-04T23:59:59.999Z;
Poste;95126;500000;3000;2026-09-28T00:00:00.000Z;2026-10-04T23:59:59.999Z;
Fulmine;95127;500000;500;2026-09-28T00:00:00.000Z;2026-10-04T23:59:59.999Z;
Poste;95127;500000;3000;2026-09-28T00:00:00.000Z;2026-10-04T23:59:59.999Z;
Fulmine;95128;500000;500;2026-09-28T00:00:00.000Z;2026-10-04T23:59:59.999Z;
Poste;95128;500000;3000;2026-09-28T00:00:00.000Z;2026-10-04T23:59:59.999Z;
Fulmine;95129;500000;500;2026-09-28T00:00:00.000Z;2026-10-04T23:59:59.999Z;
Poste;95129;500000;3000;2026-09-28T00:00:00.000Z;2026-10-04T23:59:59.999Z;
Fulmine;95131;500000;500;2026-09-28T00:00:00.000Z;2026-10-04T23:59:59.999Z;
Poste;95131;500000;3000;2026-09-28T00:00:00.000Z;2026-10-04T23:59:59.999Z;
Poste;SR;500000;6000;2026-09-28T00:00:00.000Z;2026-10-04T23:59:59.999Z;890
Fulmine;SR;500000;8810;2026-09-28T00:00:00.000Z;2026-10-04T23:59:59.999Z;AR,RS
Fulmine;96010;500000;1100;2026-09-28T00:00:00.000Z;2026-10-04T23:59:59.999Z;
Poste;96010;500000;2000;2026-09-28T00:00:00.000Z;2026-10-04T23:59:59.999Z;
Fulmine;96011;500000;660;2026-09-28T00:00:00.000Z;2026-10-04T23:59:59.999Z;
Poste;96011;500000;2000;2026-09-28T00:00:00.000Z;2026-10-04T23:59:59.999Z;
Fulmine;96012;500000;1550;2026-09-28T00:00:00.000Z;2026-10-04T23:59:59.999Z;
Poste;96012;500000;2000;2026-09-28T00:00:00.000Z;2026-10-04T23:59:59.999Z;
Fulmine;96013;500000;500;2026-09-28T00:00:00.000Z;2026-10-04T23:59:59.999Z;
Poste;96013;500000;2000;2026-09-28T00:00:00.000Z;2026-10-04T23:59:59.999Z;
Fulmine;96014;500000;500;2026-09-28T00:00:00.000Z;2026-10-04T23:59:59.999Z;
Poste;96014;500000;2000;2026-09-28T00:00:00.000Z;2026-10-04T23:59:59.999Z;
Fulmine;96015;500000;500;2026-09-28T00:00:00.000Z;2026-10-04T23:59:59.999Z;
Poste;96015;500000;2000;2026-09-28T00:00:00.000Z;2026-10-04T23:59:59.999Z;
Fulmine;96016;500000;900;2026-09-28T00:00:00.000Z;2026-10-04T23:59:59.999Z;
Poste;96016;500000;2000;2026-09-28T00:00:00.000Z;2026-10-04T23:59:59.999Z;
Fulmine;96017;500000;500;2026-09-28T00:00:00.000Z;2026-10-04T23:59:59.999Z;
Poste;96017;500000;2000;2026-09-28T00:00:00.000Z;2026-10-04T23:59:59.999Z;
Fulmine;96018;500000;500;2026-09-28T00:00:00.000Z;2026-10-04T23:59:59.999Z;
Poste;96018;500000;2000;2026-09-28T00:00:00.000Z;2026-10-04T23:59:59.999Z;
Fulmine;96019;500000;500;2026-09-28T00:00:00.000Z;2026-10-04T23:59:59.999Z;
Poste;96019;500000;2000;2026-09-28T00:00:00.000Z;2026-10-04T23:59:59.999Z;
Fulmine;96026;500000;500;2026-09-28T00:00:00.000Z;2026-10-04T23:59:59.999Z;
Poste;96026;500000;2000;2026-09-28T00:00:00.000Z;2026-10-04T23:59:59.999Z;
Fulmine;96100;500000;1100;2026-09-28T00:00:00.000Z;2026-10-04T23:59:59.999Z;
Poste;96100;500000;3000;2026-09-28T00:00:00.000Z;2026-10-04T23:59:59.999Z;
Poste;RG;500000;4700;2026-09-28T00:00:00.000Z;2026-10-04T23:59:59.999Z;890,AR,RS
Fulmine;RG;500000;5725;2026-09-28T00:00:00.000Z;2026-10-04T23:59:59.999Z;AR,RS
Poste;97010;500000;2000;2026-09-28T00:00:00.000Z;2026-10-04T23:59:59.999Z;
Fulmine;97011;500000;500;2026-09-28T00:00:00.000Z;2026-10-04T23:59:59.999Z;
Poste;97011;500000;2000;2026-09-28T00:00:00.000Z;2026-10-04T23:59:59.999Z;
Fulmine;97012;500000;500;2026-09-28T00:00:00.000Z;2026-10-04T23:59:59.999Z;
Poste;97012;500000;2000;2026-09-28T00:00:00.000Z;2026-10-04T23:59:59.999Z;
Fulmine;97013;500000;500;2026-09-28T00:00:00.000Z;2026-10-04T23:59:59.999Z;
Poste;97013;500000;2000;2026-09-28T00:00:00.000Z;2026-10-04T23:59:59.999Z;
Fulmine;97014;500000;500;2026-09-28T00:00:00.000Z;2026-10-04T23:59:59.999Z;
Poste;97014;500000;2000;2026-09-28T00:00:00.000Z;2026-10-04T23:59:59.999Z;
Fulmine;97015;500000;825;2026-09-28T00:00:00.000Z;2026-10-04T23:59:59.999Z;
Poste;97015;500000;2000;2026-09-28T00:00:00.000Z;2026-10-04T23:59:59.999Z;
Fulmine;97016;500000;500;2026-09-28T00:00:00.000Z;2026-10-04T23:59:59.999Z;
Poste;97016;500000;2000;2026-09-28T00:00:00.000Z;2026-10-04T23:59:59.999Z;
Fulmine;97017;500000;500;2026-09-28T00:00:00.000Z;2026-10-04T23:59:59.999Z;
Poste;97017;500000;2000;2026-09-28T00:00:00.000Z;2026-10-04T23:59:59.999Z;
Fulmine;97018;500000;500;2026-09-28T00:00:00.000Z;2026-10-04T23:59:59.999Z;
Poste;97018;500000;2000;2026-09-28T00:00:00.000Z;2026-10-04T23:59:59.999Z;
Fulmine;97019;500000;700;2026-09-28T00:00:00.000Z;2026-10-04T23:59:59.999Z;
Poste;97019;500000;2000;2026-09-28T00:00:00.000Z;2026-10-04T23:59:59.999Z;
Fulmine;97100;500000;700;2026-09-28T00:00:00.000Z;2026-10-04T23:59:59.999Z;
Poste;97100;500000;3000;2026-09-28T00:00:00.000Z;2026-10-04T23:59:59.999Z;
Poste;ME;500000;12000;2026-09-28T00:00:00.000Z;2026-10-04T23:59:59.999Z;890,AR,RS
Fulmine;ME;500000;52900;2026-09-28T00:00:00.000Z;2026-10-04T23:59:59.999Z;AR,RS
Poste;98020;500000;2000;2026-09-28T00:00:00.000Z;2026-10-04T23:59:59.999Z;
Fulmine;98021;500000;500;2026-09-28T00:00:00.000Z;2026-10-04T23:59:59.999Z;
Poste;98021;500000;2000;2026-09-28T00:00:00.000Z;2026-10-04T23:59:59.999Z;
Poste;98022;500000;2000;2026-09-28T00:00:00.000Z;2026-10-04T23:59:59.999Z;
Fulmine;98023;500000;500;2026-09-28T00:00:00.000Z;2026-10-04T23:59:59.999Z;
Poste;98023;500000;2000;2026-09-28T00:00:00.000Z;2026-10-04T23:59:59.999Z;
Fulmine;98025;500000;500;2026-09-28T00:00:00.000Z;2026-10-04T23:59:59.999Z;
Poste;98025;500000;2000;2026-09-28T00:00:00.000Z;2026-10-04T23:59:59.999Z;
Fulmine;98026;500000;500;2026-09-28T00:00:00.000Z;2026-10-04T23:59:59.999Z;
Poste;98026;500000;2000;2026-09-28T00:00:00.000Z;2026-10-04T23:59:59.999Z;
Fulmine;98027;500000;500;2026-09-28T00:00:00.000Z;2026-10-04T23:59:59.999Z;
Poste;98027;500000;2000;2026-09-28T00:00:00.000Z;2026-10-04T23:59:59.999Z;
Fulmine;98028;500000;500;2026-09-28T00:00:00.000Z;2026-10-04T23:59:59.999Z;
Poste;98028;500000;2000;2026-09-28T00:00:00.000Z;2026-10-04T23:59:59.999Z;
Fulmine;98029;500000;500;2026-09-28T00:00:00.000Z;2026-10-04T23:59:59.999Z;
Poste;98029;500000;2000;2026-09-28T00:00:00.000Z;2026-10-04T23:59:59.999Z;
Poste;98030;500000;2000;2026-09-28T00:00:00.000Z;2026-10-04T23:59:59.999Z;
Poste;98031;500000;2000;2026-09-28T00:00:00.000Z;2026-10-04T23:59:59.999Z;
Poste;98032;500000;2000;2026-09-28T00:00:00.000Z;2026-10-04T23:59:59.999Z;
Fulmine;98033;500000;500;2026-09-28T00:00:00.000Z;2026-10-04T23:59:59.999Z;
Poste;98033;500000;2000;2026-09-28T00:00:00.000Z;2026-10-04T23:59:59.999Z;
Fulmine;98034;500000;500;2026-09-28T00:00:00.000Z;2026-10-04T23:59:59.999Z;
Poste;98034;500000;2000;2026-09-28T00:00:00.000Z;2026-10-04T23:59:59.999Z;
Fulmine;98035;500000;500;2026-09-28T00:00:00.000Z;2026-10-04T23:59:59.999Z;
Poste;98035;500000;2000;2026-09-28T00:00:00.000Z;2026-10-04T23:59:59.999Z;
Fulmine;98036;500000;500;2026-09-28T00:00:00.000Z;2026-10-04T23:59:59.999Z;
Poste;98036;500000;2000;2026-09-28T00:00:00.000Z;2026-10-04T23:59:59.999Z;
Fulmine;98037;500000;500;2026-09-28T00:00:00.000Z;2026-10-04T23:59:59.999Z;
Poste;98037;500000;2000;2026-09-28T00:00:00.000Z;2026-10-04T23:59:59.999Z;
Fulmine;98038;500000;500;2026-09-28T00:00:00.000Z;2026-10-04T23:59:59.999Z;
Poste;98038;500000;2000;2026-09-28T00:00:00.000Z;2026-10-04T23:59:59.999Z;
Fulmine;98039;500000;700;2026-09-28T00:00:00.000Z;2026-10-04T23:59:59.999Z;
Poste;98039;500000;2000;2026-09-28T00:00:00.000Z;2026-10-04T23:59:59.999Z;
Fulmine;98040;500000;500;2026-09-28T00:00:00.000Z;2026-10-04T23:59:59.999Z;
Poste;98040;500000;2000;2026-09-28T00:00:00.000Z;2026-10-04T23:59:59.999Z;
Fulmine;98041;500000;500;2026-09-28T00:00:00.000Z;2026-10-04T23:59:59.999Z;
Poste;98041;500000;2000;2026-09-28T00:00:00.000Z;2026-10-04T23:59:59.999Z;
Fulmine;98042;500000;500;2026-09-28T00:00:00.000Z;2026-10-04T23:59:59.999Z;
Poste;98042;500000;2000;2026-09-28T00:00:00.000Z;2026-10-04T23:59:59.999Z;
Fulmine;98043;500000;500;2026-09-28T00:00:00.000Z;2026-10-04T23:59:59.999Z;
Poste;98043;500000;2000;2026-09-28T00:00:00.000Z;2026-10-04T23:59:59.999Z;
Fulmine;98044;500000;900;2026-09-28T00:00:00.000Z;2026-10-04T23:59:59.999Z;
Poste;98044;500000;2000;2026-09-28T00:00:00.000Z;2026-10-04T23:59:59.999Z;
Fulmine;98045;500000;500;2026-09-28T00:00:00.000Z;2026-10-04T23:59:59.999Z;
Poste;98045;500000;2000;2026-09-28T00:00:00.000Z;2026-10-04T23:59:59.999Z;
Fulmine;98046;500000;500;2026-09-28T00:00:00.000Z;2026-10-04T23:59:59.999Z;
Poste;98046;500000;2000;2026-09-28T00:00:00.000Z;2026-10-04T23:59:59.999Z;
Fulmine;98047;500000;500;2026-09-28T00:00:00.000Z;2026-10-04T23:59:59.999Z;
Poste;98047;500000;2000;2026-09-28T00:00:00.000Z;2026-10-04T23:59:59.999Z;
Fulmine;98048;500000;500;2026-09-28T00:00:00.000Z;2026-10-04T23:59:59.999Z;
Poste;98048;500000;2000;2026-09-28T00:00:00.000Z;2026-10-04T23:59:59.999Z;
Fulmine;98049;500000;500;2026-09-28T00:00:00.000Z;2026-10-04T23:59:59.999Z;
Poste;98049;500000;2000;2026-09-28T00:00:00.000Z;2026-10-04T23:59:59.999Z;
Poste;98050;500000;2000;2026-09-28T00:00:00.000Z;2026-10-04T23:59:59.999Z;
Fulmine;98051;500000;700;2026-09-28T00:00:00.000Z;2026-10-04T23:59:59.999Z;
Poste;98051;500000;2000;2026-09-28T00:00:00.000Z;2026-10-04T23:59:59.999Z;
Fulmine;98053;500000;500;2026-09-28T00:00:00.000Z;2026-10-04T23:59:59.999Z;
Poste;98053;500000;2000;2026-09-28T00:00:00.000Z;2026-10-04T23:59:59.999Z;
Fulmine;98054;500000;500;2026-09-28T00:00:00.000Z;2026-10-04T23:59:59.999Z;
Poste;98054;500000;2000;2026-09-28T00:00:00.000Z;2026-10-04T23:59:59.999Z;
Fulmine;98055;500000;500;2026-09-28T00:00:00.000Z;2026-10-04T23:59:59.999Z;
Poste;98055;500000;2000;2026-09-28T00:00:00.000Z;2026-10-04T23:59:59.999Z;
Poste;98056;500000;2000;2026-09-28T00:00:00.000Z;2026-10-04T23:59:59.999Z;
Fulmine;98057;500000;1750;2026-09-28T00:00:00.000Z;2026-10-04T23:59:59.999Z;
Poste;98057;500000;2000;2026-09-28T00:00:00.000Z;2026-10-04T23:59:59.999Z;
Poste;98058;500000;2000;2026-09-28T00:00:00.000Z;2026-10-04T23:59:59.999Z;
Fulmine;98059;500000;500;2026-09-28T00:00:00.000Z;2026-10-04T23:59:59.999Z;
Poste;98059;500000;2000;2026-09-28T00:00:00.000Z;2026-10-04T23:59:59.999Z;
Poste;98060;500000;2000;2026-09-28T00:00:00.000Z;2026-10-04T23:59:59.999Z;
Fulmine;98061;500000;500;2026-09-28T00:00:00.000Z;2026-10-04T23:59:59.999Z;
Poste;98061;500000;2000;2026-09-28T00:00:00.000Z;2026-10-04T23:59:59.999Z;
Poste;98062;500000;2000;2026-09-28T00:00:00.000Z;2026-10-04T23:59:59.999Z;
Fulmine;98063;500000;500;2026-09-28T00:00:00.000Z;2026-10-04T23:59:59.999Z;
Poste;98063;500000;2000;2026-09-28T00:00:00.000Z;2026-10-04T23:59:59.999Z;
Fulmine;98064;500000;500;2026-09-28T00:00:00.000Z;2026-10-04T23:59:59.999Z;
Poste;98064;500000;2000;2026-09-28T00:00:00.000Z;2026-10-04T23:59:59.999Z;
Fulmine;98065;500000;500;2026-09-28T00:00:00.000Z;2026-10-04T23:59:59.999Z;
Poste;98065;500000;2000;2026-09-28T00:00:00.000Z;2026-10-04T23:59:59.999Z;
Fulmine;98066;500000;900;2026-09-28T00:00:00.000Z;2026-10-04T23:59:59.999Z;
Poste;98066;500000;2000;2026-09-28T00:00:00.000Z;2026-10-04T23:59:59.999Z;
Poste;98067;500000;2000;2026-09-28T00:00:00.000Z;2026-10-04T23:59:59.999Z;
Fulmine;98068;500000;500;2026-09-28T00:00:00.000Z;2026-10-04T23:59:59.999Z;
Poste;98068;500000;2000;2026-09-28T00:00:00.000Z;2026-10-04T23:59:59.999Z;
Fulmine;98069;500000;500;2026-09-28T00:00:00.000Z;2026-10-04T23:59:59.999Z;
Poste;98069;500000;2000;2026-09-28T00:00:00.000Z;2026-10-04T23:59:59.999Z;
Poste;98070;500000;2000;2026-09-28T00:00:00.000Z;2026-10-04T23:59:59.999Z;
Fulmine;98071;500000;700;2026-09-28T00:00:00.000Z;2026-10-04T23:59:59.999Z;
Poste;98071;500000;2000;2026-09-28T00:00:00.000Z;2026-10-04T23:59:59.999Z;
Fulmine;98072;500000;500;2026-09-28T00:00:00.000Z;2026-10-04T23:59:59.999Z;
Poste;98072;500000;2000;2026-09-28T00:00:00.000Z;2026-10-04T23:59:59.999Z;
Fulmine;98073;500000;500;2026-09-28T00:00:00.000Z;2026-10-04T23:59:59.999Z;
Poste;98073;500000;2000;2026-09-28T00:00:00.000Z;2026-10-04T23:59:59.999Z;
Fulmine;98074;500000;500;2026-09-28T00:00:00.000Z;2026-10-04T23:59:59.999Z;
Poste;98074;500000;2000;2026-09-28T00:00:00.000Z;2026-10-04T23:59:59.999Z;
Fulmine;98075;500000;500;2026-09-28T00:00:00.000Z;2026-10-04T23:59:59.999Z;
Poste;98075;500000;2000;2026-09-28T00:00:00.000Z;2026-10-04T23:59:59.999Z;
Fulmine;98076;500000;700;2026-09-28T00:00:00.000Z;2026-10-04T23:59:59.999Z;
Poste;98076;500000;2000;2026-09-28T00:00:00.000Z;2026-10-04T23:59:59.999Z;
Fulmine;98077;500000;500;2026-09-28T00:00:00.000Z;2026-10-04T23:59:59.999Z;
Poste;98077;500000;2000;2026-09-28T00:00:00.000Z;2026-10-04T23:59:59.999Z;
Fulmine;98078;500000;500;2026-09-28T00:00:00.000Z;2026-10-04T23:59:59.999Z;
Poste;98078;500000;2000;2026-09-28T00:00:00.000Z;2026-10-04T23:59:59.999Z;
Fulmine;98079;500000;500;2026-09-28T00:00:00.000Z;2026-10-04T23:59:59.999Z;
Poste;98079;500000;2000;2026-09-28T00:00:00.000Z;2026-10-04T23:59:59.999Z;
Fulmine;98121;500000;1650;2026-09-28T00:00:00.000Z;2026-10-04T23:59:59.999Z;
Poste;98121;500000;3000;2026-09-28T00:00:00.000Z;2026-10-04T23:59:59.999Z;
Fulmine;98122;500000;1100;2026-09-28T00:00:00.000Z;2026-10-04T23:59:59.999Z;
Poste;98122;500000;3000;2026-09-28T00:00:00.000Z;2026-10-04T23:59:59.999Z;
Fulmine;98123;500000;1100;2026-09-28T00:00:00.000Z;2026-10-04T23:59:59.999Z;
Poste;98123;500000;3000;2026-09-28T00:00:00.000Z;2026-10-04T23:59:59.999Z;
Fulmine;98124;500000;1100;2026-09-28T00:00:00.000Z;2026-10-04T23:59:59.999Z;
Poste;98124;500000;3000;2026-09-28T00:00:00.000Z;2026-10-04T23:59:59.999Z;
Fulmine;98125;500000;900;2026-09-28T00:00:00.000Z;2026-10-04T23:59:59.999Z;
Poste;98125;500000;3000;2026-09-28T00:00:00.000Z;2026-10-04T23:59:59.999Z;
Fulmine;98126;500000;700;2026-09-28T00:00:00.000Z;2026-10-04T23:59:59.999Z;
Poste;98126;500000;3000;2026-09-28T00:00:00.000Z;2026-10-04T23:59:59.999Z;
Fulmine;98127;500000;500;2026-09-28T00:00:00.000Z;2026-10-04T23:59:59.999Z;
Poste;98127;500000;3000;2026-09-28T00:00:00.000Z;2026-10-04T23:59:59.999Z;
Fulmine;98128;500000;500;2026-09-28T00:00:00.000Z;2026-10-04T23:59:59.999Z;
Poste;98128;500000;3000;2026-09-28T00:00:00.000Z;2026-10-04T23:59:59.999Z;
Fulmine;98129;500000;500;2026-09-28T00:00:00.000Z;2026-10-04T23:59:59.999Z;
Poste;98129;500000;3000;2026-09-28T00:00:00.000Z;2026-10-04T23:59:59.999Z;
Fulmine;98131;500000;500;2026-09-28T00:00:00.000Z;2026-10-04T23:59:59.999Z;
Poste;98131;500000;3000;2026-09-28T00:00:00.000Z;2026-10-04T23:59:59.999Z;
Fulmine;98132;500000;500;2026-09-28T00:00:00.000Z;2026-10-04T23:59:59.999Z;
Poste;98132;500000;3000;2026-09-28T00:00:00.000Z;2026-10-04T23:59:59.999Z;
Fulmine;98133;500000;500;2026-09-28T00:00:00.000Z;2026-10-04T23:59:59.999Z;
Poste;98133;500000;3000;2026-09-28T00:00:00.000Z;2026-10-04T23:59:59.999Z;
Fulmine;98134;500000;500;2026-09-28T00:00:00.000Z;2026-10-04T23:59:59.999Z;
Poste;98134;500000;3000;2026-09-28T00:00:00.000Z;2026-10-04T23:59:59.999Z;
Fulmine;98135;500000;700;2026-09-28T00:00:00.000Z;2026-10-04T23:59:59.999Z;
Poste;98135;500000;3000;2026-09-28T00:00:00.000Z;2026-10-04T23:59:59.999Z;
Fulmine;98136;500000;500;2026-09-28T00:00:00.000Z;2026-10-04T23:59:59.999Z;
Poste;98136;500000;3000;2026-09-28T00:00:00.000Z;2026-10-04T23:59:59.999Z;
Fulmine;98137;500000;500;2026-09-28T00:00:00.000Z;2026-10-04T23:59:59.999Z;
Poste;98137;500000;3000;2026-09-28T00:00:00.000Z;2026-10-04T23:59:59.999Z;
Fulmine;98138;500000;500;2026-09-28T00:00:00.000Z;2026-10-04T23:59:59.999Z;
Poste;98138;500000;3000;2026-09-28T00:00:00.000Z;2026-10-04T23:59:59.999Z;
Fulmine;98139;500000;500;2026-09-28T00:00:00.000Z;2026-10-04T23:59:59.999Z;
Poste;98139;500000;3000;2026-09-28T00:00:00.000Z;2026-10-04T23:59:59.999Z;
Fulmine;98141;500000;500;2026-09-28T00:00:00.000Z;2026-10-04T23:59:59.999Z;
Poste;98141;500000;3000;2026-09-28T00:00:00.000Z;2026-10-04T23:59:59.999Z;
Fulmine;98142;500000;500;2026-09-28T00:00:00.000Z;2026-10-04T23:59:59.999Z;
Poste;98142;500000;3000;2026-09-28T00:00:00.000Z;2026-10-04T23:59:59.999Z;
Fulmine;98143;500000;500;2026-09-28T00:00:00.000Z;2026-10-04T23:59:59.999Z;
Poste;98143;500000;3000;2026-09-28T00:00:00.000Z;2026-10-04T23:59:59.999Z;
Fulmine;98144;500000;500;2026-09-28T00:00:00.000Z;2026-10-04T23:59:59.999Z;
Poste;98144;500000;3000;2026-09-28T00:00:00.000Z;2026-10-04T23:59:59.999Z;
Fulmine;98145;500000;500;2026-09-28T00:00:00.000Z;2026-10-04T23:59:59.999Z;
Poste;98145;500000;3000;2026-09-28T00:00:00.000Z;2026-10-04T23:59:59.999Z;
Fulmine;98146;500000;500;2026-09-28T00:00:00.000Z;2026-10-04T23:59:59.999Z;
Poste;98146;500000;3000;2026-09-28T00:00:00.000Z;2026-10-04T23:59:59.999Z;
Fulmine;98147;500000;700;2026-09-28T00:00:00.000Z;2026-10-04T23:59:59.999Z;
Poste;98147;500000;3000;2026-09-28T00:00:00.000Z;2026-10-04T23:59:59.999Z;
Fulmine;98148;500000;500;2026-09-28T00:00:00.000Z;2026-10-04T23:59:59.999Z;
Poste;98148;500000;3000;2026-09-28T00:00:00.000Z;2026-10-04T23:59:59.999Z;
Fulmine;98149;500000;700;2026-09-28T00:00:00.000Z;2026-10-04T23:59:59.999Z;
Poste;98149;500000;3000;2026-09-28T00:00:00.000Z;2026-10-04T23:59:59.999Z;
Fulmine;98151;500000;700;2026-09-28T00:00:00.000Z;2026-10-04T23:59:59.999Z;
Poste;98151;500000;3000;2026-09-28T00:00:00.000Z;2026-10-04T23:59:59.999Z;
Fulmine;98152;500000;700;2026-09-28T00:00:00.000Z;2026-10-04T23:59:59.999Z;
Poste;98152;500000;3000;2026-09-28T00:00:00.000Z;2026-10-04T23:59:59.999Z;
Fulmine;98153;500000;500;2026-09-28T00:00:00.000Z;2026-10-04T23:59:59.999Z;
Poste;98153;500000;3000;2026-09-28T00:00:00.000Z;2026-10-04T23:59:59.999Z;
Fulmine;98154;500000;500;2026-09-28T00:00:00.000Z;2026-10-04T23:59:59.999Z;
Poste;98154;500000;3000;2026-09-28T00:00:00.000Z;2026-10-04T23:59:59.999Z;
Fulmine;98155;500000;500;2026-09-28T00:00:00.000Z;2026-10-04T23:59:59.999Z;
Poste;98155;500000;3000;2026-09-28T00:00:00.000Z;2026-10-04T23:59:59.999Z;
Fulmine;98156;500000;500;2026-09-28T00:00:00.000Z;2026-10-04T23:59:59.999Z;
Poste;98156;500000;3000;2026-09-28T00:00:00.000Z;2026-10-04T23:59:59.999Z;
Fulmine;98157;500000;500;2026-09-28T00:00:00.000Z;2026-10-04T23:59:59.999Z;
Poste;98157;500000;3000;2026-09-28T00:00:00.000Z;2026-10-04T23:59:59.999Z;
Fulmine;98158;500000;700;2026-09-28T00:00:00.000Z;2026-10-04T23:59:59.999Z;
Poste;98158;500000;3000;2026-09-28T00:00:00.000Z;2026-10-04T23:59:59.999Z;
Fulmine;98161;500000;500;2026-09-28T00:00:00.000Z;2026-10-04T23:59:59.999Z;
Poste;98161;500000;3000;2026-09-28T00:00:00.000Z;2026-10-04T23:59:59.999Z;
Fulmine;98162;500000;500;2026-09-28T00:00:00.000Z;2026-10-04T23:59:59.999Z;
Poste;98162;500000;3000;2026-09-28T00:00:00.000Z;2026-10-04T23:59:59.999Z;
Fulmine;98163;500000;500;2026-09-28T00:00:00.000Z;2026-10-04T23:59:59.999Z;
Poste;98163;500000;3000;2026-09-28T00:00:00.000Z;2026-10-04T23:59:59.999Z;
Fulmine;98164;500000;700;2026-09-28T00:00:00.000Z;2026-10-04T23:59:59.999Z;
Poste;98164;500000;3000;2026-09-28T00:00:00.000Z;2026-10-04T23:59:59.999Z;
Fulmine;98165;500000;500;2026-09-28T00:00:00.000Z;2026-10-04T23:59:59.999Z;
Poste;98165;500000;3000;2026-09-28T00:00:00.000Z;2026-10-04T23:59:59.999Z;
Fulmine;98166;500000;500;2026-09-28T00:00:00.000Z;2026-10-04T23:59:59.999Z;
Poste;98166;500000;3000;2026-09-28T00:00:00.000Z;2026-10-04T23:59:59.999Z;
Fulmine;98167;500000;500;2026-09-28T00:00:00.000Z;2026-10-04T23:59:59.999Z;
Poste;98167;500000;3000;2026-09-28T00:00:00.000Z;2026-10-04T23:59:59.999Z;
Fulmine;98168;500000;1100;2026-09-28T00:00:00.000Z;2026-10-04T23:59:59.999Z;
Poste;98168;500000;3000;2026-09-28T00:00:00.000Z;2026-10-04T23:59:59.999Z;
